profile,level,total_demand_vph,seed,policy,mean_wait,p50_wait,p95_wait,max_wait,mean_queue,max_queue,throughput_vph,residual_queue,n_vehicles
asymmetric,0.6,766.8,0,relay,4.9351,3.5,12.5,20.5,1.0173,7,739.2,1,308
asymmetric,0.6,766.8,0,fixed_equal,10.8539,9.5,23.5,38.5,2.2397,9,739.2,2,308
asymmetric,0.6,766.8,0,fixed_webster,9.2094,7.5,26.5,42.0,1.8943,8,732.0,5,308
asymmetric,0.6,766.8,1,relay,5.2128,4.0,13.5,16.0,1.147,6,792.0,0,329
asymmetric,0.6,766.8,1,fixed_equal,10.9301,10.0,23.5,25.5,2.4087,9,787.2,3,329
asymmetric,0.6,766.8,1,fixed_webster,8.3617,6.0,24.5,39.5,1.8433,9,787.2,4,329
asymmetric,0.6,766.8,2,relay,5.2483,5.0,13.0,18.5,1.0573,9,727.2,0,302
asymmetric,0.6,766.8,2,fixed_equal,10.2401,8.5,23.5,26.0,2.0943,10,732.0,0,302
asymmetric,0.6,766.8,2,fixed_webster,7.3675,5.0,20.5,27.5,1.4917,8,729.6,0,302
asymmetric,0.6,766.8,3,relay,4.4597,3.5,11.0,18.5,0.9277,7,748.8,0,310
asymmetric,0.6,766.8,3,fixed_equal,10.6774,10.0,23.5,34.5,2.2073,9,746.4,1,310
asymmetric,0.6,766.8,3,fixed_webster,8.3919,6.5,22.5,42.0,1.7363,8,746.4,1,310
asymmetric,0.6,766.8,4,relay,4.4535,3.0,11.5,15.0,0.9887,5,796.8,1,333
asymmetric,0.6,766.8,4,fixed_equal,10.994,10.0,23.5,33.5,2.462,11,801.6,1,333
asymmetric,0.6,766.8,4,fixed_webster,7.3333,5.0,20.0,30.0,1.6353,8,799.2,1,333
asymmetric,0.6,766.8,5,relay,5.1622,4.0,12.0,15.0,1.1593,6,801.6,3,336
asymmetric,0.6,766.8,5,fixed_equal,11.1235,9.5,23.5,30.5,2.5023,9,804.0,2,336
asymmetric,0.6,766.8,5,fixed_webster,8.186,6.0,22.5,43.5,1.8347,8,801.6,3,336
asymmetric,0.6,766.8,6,relay,4.9149,3.5,12.5,21.5,1.078,7,787.2,1,329
asymmetric,0.6,766.8,6,fixed_equal,10.6353,10.0,23.5,26.0,2.3327,11,782.4,3,329
asymmetric,0.6,766.8,6,fixed_webster,7.769,5.5,23.0,41.0,1.704,7,789.6,1,329
asymmetric,0.6,766.8,7,relay,5.115,4.0,13.0,22.0,1.1597,6,816.0,0,339
asymmetric,0.6,766.8,7,fixed_equal,10.267,9.0,23.5,25.0,2.3317,11,818.4,0,339
asymmetric,0.6,766.8,7,fixed_webster,7.5442,5.5,19.0,39.5,1.7137,9,823.2,0,339
asymmetric,0.6,766.8,8,relay,4.0603,2.0,10.5,18.0,0.831,6,736.8,0,307
asymmetric,0.6,766.8,8,fixed_equal,11.4479,11.0,23.5,28.0,2.363,10,739.2,1,307
asymmetric,0.6,766.8,8,fixed_webster,8.2345,6.5,23.5,28.5,1.6853,7,736.8,0,307
asymmetric,0.6,766.8,9,relay,4.8153,4.0,11.5,16.5,1.008,7,751.2,1,314
asymmetric,0.6,766.8,9,fixed_equal,10.8073,10.5,23.5,24.0,2.2837,10,753.6,2,314
asymmetric,0.6,766.8,9,fixed_webster,8.6927,7.0,24.5,31.5,1.8343,8,751.2,3,314
asymmetric,0.6,766.8,10,relay,5.3158,5.0,12.5,15.0,1.0843,7,729.6,2,304
asymmetric,0.6,766.8,10,fixed_equal,10.9605,10.0,23.5,24.0,2.2427,9,732.0,1,304
asymmetric,0.6,766.8,10,fixed_webster,8.7648,5.5,26.5,52.0,1.7847,8,732.0,1,304
asymmetric,0.6,766.8,11,relay,5.3916,5.5,12.5,19.0,1.1933,7,796.8,0,332
asymmetric,0.6,766.8,11,fixed_equal,11.5617,11.0,23.5,25.5,2.5817,9,799.2,1,332
asymmetric,0.6,766.8,11,fixed_webster,9.3057,8.0,23.0,38.0,2.067,8,794.4,2,332
asymmetric,0.6,766.8,12,relay,5.3795,4.5,12.5,23.5,1.205,6,804.0,1,336
asymmetric,0.6,766.8,12,fixed_equal,12.3943,12.5,24.0,41.5,2.7867,12,806.4,1,336
asymmetric,0.6,766.8,12,fixed_webster,8.5818,7.0,22.0,36.0,1.9233,8,806.4,1,336
asymmetric,0.6,766.8,13,relay,4.9012,4.0,12.0,17.0,1.127,7,828.0,0,344
asymmetric,0.6,766.8,13,fixed_equal,10.8808,9.0,23.5,30.0,2.531,9,832.8,0,344
asymmetric,0.6,766.8,13,fixed_webster,7.0349,4.5,19.5,41.0,1.6293,7,832.8,0,344
asymmetric,0.6,766.8,14,relay,4.8665,4.0,12.0,21.0,1.0967,7,808.8,2,337
asymmetric,0.6,766.8,14,fixed_equal,12.1068,12.0,24.0,28.5,2.743,11,808.8,3,337
asymmetric,0.6,766.8,14,fixed_webster,8.9599,7.5,24.0,47.0,2.0323,10,813.6,2,337
asymmetric,0.6,766.8,15,relay,4.7054,3.0,12.5,18.5,1.0713,7,808.8,2,336
asymmetric,0.6,766.8,15,fixed_equal,11.3393,11.0,23.5,38.5,2.5847,11,818.4,1,336
asymmetric,0.6,766.8,15,fixed_webster,8.6369,7.5,20.0,32.5,1.967,9,813.6,2,336
asymmetric,0.6,766.8,16,relay,5.0743,4.0,12.5,21.0,1.096,7,775.2,1,323
asymmetric,0.6,766.8,16,fixed_equal,10.9706,10.5,23.5,28.5,2.373,10,775.2,1,323
asymmetric,0.6,766.8,16,fixed_webster,7.9272,6.0,22.5,28.0,1.7153,6,777.6,1,323
asymmetric,0.6,766.8,17,relay,5.0919,4.5,11.5,22.5,1.1297,7,801.6,0,332
asymmetric,0.6,766.8,17,fixed_equal,10.5437,9.0,23.5,34.0,2.3447,12,799.2,1,332
asymmetric,0.6,766.8,17,fixed_webster,8.4352,7.0,23.0,39.0,1.8777,9,804.0,0,332
asymmetric,0.6,766.8,18,relay,4.9804,4.0,12.0,21.0,1.099,10,789.6,2,331
asymmetric,0.6,766.8,18,fixed_equal,12.0347,12.5,23.5,33.0,2.6557,10,787.2,3,331
asymmetric,0.6,766.8,18,fixed_webster,8.3943,6.0,24.0,42.0,1.8523,10,782.4,5,331
asymmetric,0.6,766.8,19,relay,5.1571,4.5,12.0,15.0,1.0727,7,741.6,3,312
asymmetric,0.6,766.8,19,fixed_equal,10.2965,9.0,23.5,25.5,2.162,9,751.2,1,312
asymmetric,0.6,766.8,19,fixed_webster,8.8782,7.5,21.5,41.5,1.8467,8,739.2,4,312
asymmetric,0.6,766.8,20,relay,4.8071,3.5,11.5,15.0,0.9997,7,744.0,2,311
asymmetric,0.6,766.8,20,fixed_equal,10.4068,9.0,23.5,27.0,2.1683,8,744.0,2,311
asymmetric,0.6,766.8,20,fixed_webster,7.6543,6.0,21.5,36.0,1.5987,8,751.2,2,311
asymmetric,0.6,766.8,21,relay,5.0471,3.5,12.5,18.5,1.1533,9,818.4,2,340
asymmetric,0.6,766.8,21,fixed_equal,12.3824,12.0,24.0,35.5,2.841,15,818.4,2,340
asymmetric,0.6,766.8,21,fixed_webster,8.0662,4.5,20.0,62.5,1.8367,9,811.2,4,340
asymmetric,0.6,766.8,22,relay,5.0591,3.5,12.5,18.0,1.113,6,794.4,0,330
asymmetric,0.6,766.8,22,fixed_equal,10.4818,9.5,23.5,26.5,2.3393,9,796.8,1,330
asymmetric,0.6,766.8,22,fixed_webster,8.1379,7.0,22.0,41.0,1.8133,8,799.2,0,330
asymmetric,0.6,766.8,23,relay,5.5805,5.0,13.5,19.0,1.317,6,837.6,5,354
asymmetric,0.6,766.8,23,fixed_equal,11.2316,10.0,23.5,41.5,2.6613,13,842.4,4,354
asymmetric,0.6,766.8,23,fixed_webster,8.9802,7.0,24.0,44.0,2.1193,9,835.2,6,354
asymmetric,0.6,766.8,24,relay,5.1014,4.5,12.5,15.5,0.9727,8,686.4,0,286
asymmetric,0.6,766.8,24,fixed_equal,9.9318,9.5,23.5,25.0,1.9163,8,688.8,1,286
asymmetric,0.6,766.8,24,fixed_webster,8.8759,7.0,25.5,33.0,1.6997,8,688.8,0,286
asymmetric,0.6,766.8,25,relay,4.9889,4.0,12.5,17.5,1.0443,6,756.0,0,314
asymmetric,0.6,766.8,25,fixed_equal,11.0032,9.5,23.5,25.5,2.3473,8,760.8,1,314
asymmetric,0.6,766.8,25,fixed_webster,7.965,6.0,20.0,39.5,1.682,7,758.4,0,314
asymmetric,0.6,766.8,26,relay,4.6201,3.5,11.5,18.0,0.8917,7,688.8,1,283
asymmetric,0.6,766.8,26,fixed_equal,11.0654,10.5,23.5,25.0,2.1443,10,691.2,1,283
asymmetric,0.6,766.8,26,fixed_webster,8.2473,7.0,21.5,27.5,1.5813,7,688.8,1,283
asymmetric,0.6,766.8,27,relay,4.8052,4.0,12.5,16.0,0.9897,7,741.6,0,308
asymmetric,0.6,766.8,27,fixed_equal,10.7565,10.5,23.5,25.0,2.2187,8,744.0,0,308
asymmetric,0.6,766.8,27,fixed_webster,9.0016,7.5,26.0,35.5,1.8493,9,741.6,0,308
asymmetric,0.6,766.8,28,relay,5.3026,5.0,12.0,16.5,1.211,6,825.6,0,342
asymmetric,0.6,766.8,28,fixed_equal,11.5746,11.0,23.5,25.5,2.662,11,825.6,1,342
asymmetric,0.6,766.8,28,fixed_webster,8.8713,7.5,24.5,48.0,2.0413,8,825.6,2,342
asymmetric,0.6,766.8,29,relay,5.2013,4.5,12.0,15.0,1.099,6,760.8,0,313
asymmetric,0.6,766.8,29,fixed_equal,10.7859,9.5,23.5,39.5,2.313,9,758.4,2,313
asymmetric,0.6,766.8,29,fixed_webster,9.0623,8.0,23.0,42.0,1.927,8,765.6,0,313
asymmetric,0.8,1022.4,0,relay,5.1214,4.0,12.0,26.5,1.434,9,988.8,8,420
asymmetric,0.8,1022.4,0,fixed_equal,12.3476,13.0,24.0,37.5,3.5183,14,998.4,9,420
asymmetric,0.8,1022.4,0,fixed_webster,7.7655,5.5,19.0,43.0,2.1753,12,988.8,9,420
asymmetric,0.8,1022.4,1,relay,5.463,4.5,13.5,21.5,1.5853,10,1039.2,2,433
asymmetric,0.8,1022.4,1,fixed_equal,11.1467,10.5,23.5,33.5,3.2283,12,1034.4,3,433
asymmetric,0.8,1022.4,1,fixed_webster,9.4688,8.0,24.5,45.0,2.7417,10,1039.2,2,433
asymmetric,0.8,1022.4,2,relay,6.0012,6.0,13.5,20.5,1.673,7,1005.6,1,418
asymmetric,0.8,1022.4,2,fixed_equal,10.4761,9.0,23.5,35.5,2.9523,11,1005.6,2,418
asymmetric,0.8,1022.4,2,fixed_webster,8.6818,6.5,25.5,43.5,2.434,10,1000.8,3,418
asymmetric,0.8,1022.4,3,relay,5.5425,5.5,13.0,18.0,1.525,8,991.2,0,412
asymmetric,0.8,1022.4,3,fixed_equal,11.6129,10.5,24.0,31.5,3.223,11,996.0,0,412
asymmetric,0.8,1022.4,3,fixed_webster,8.9381,6.5,26.0,42.5,2.4707,12,993.6,1,412
asymmetric,0.8,1022.4,4,relay,5.059,3.5,12.5,19.0,1.43,5,1012.8,2,424
asymmetric,0.8,1022.4,4,fixed_equal,12.6132,13.0,25.5,41.5,3.5653,14,1012.8,2,424
asymmetric,0.8,1022.4,4,fixed_webster,9.2017,8.5,24.5,41.5,2.602,9,1017.6,1,424
asymmetric,0.8,1022.4,5,relay,5.5861,5.0,13.0,22.0,1.6677,8,1075.2,0,447
asymmetric,0.8,1022.4,5,fixed_equal,10.972,10.0,23.5,28.0,3.2817,10,1077.6,1,447
asymmetric,0.8,1022.4,5,fixed_webster,9.2483,8.0,25.5,52.5,2.7813,10,1082.4,1,447
asymmetric,0.8,1022.4,6,relay,5.3217,4.0,12.5,23.5,1.6213,8,1094.4,1,457
asymmetric,0.8,1022.4,6,fixed_equal,13.5405,13.5,28.5,43.5,4.1253,17,1094.4,1,457
asymmetric,0.8,1022.4,6,fixed_webster,8.3074,6.5,21.0,37.0,2.531,9,1094.4,2,457
asymmetric,0.8,1022.4,7,relay,5.4249,4.5,13.0,23.0,1.566,8,1036.8,1,433
asymmetric,0.8,1022.4,7,fixed_equal,11.3395,10.5,23.5,34.0,3.2937,10,1041.6,1,433
asymmetric,0.8,1022.4,7,fixed_webster,9.2587,7.0,25.5,41.5,2.6813,10,1044.0,1,433
asymmetric,0.8,1022.4,8,relay,5.6614,4.0,14.0,23.0,1.6813,7,1070.4,1,443
asymmetric,0.8,1022.4,8,fixed_equal,12.605,12.5,24.0,37.5,3.754,12,1065.6,2,443
asymmetric,0.8,1022.4,8,fixed_webster,9.7562,8.0,27.5,49.5,2.9,12,1070.4,3,443
asymmetric,0.8,1022.4,9,relay,5.5735,5.0,12.5,19.5,1.524,8,976.8,4,408
asymmetric,0.8,1022.4,9,fixed_equal,11.4375,10.5,23.5,28.5,3.134,11,969.6,7,408
asymmetric,0.8,1022.4,9,fixed_webster,8.2819,6.5,23.5,38.5,2.27,8,974.4,6,408
asymmetric,0.8,1022.4,10,relay,5.5809,5.0,13.0,20.0,1.5443,7,986.4,4,414
asymmetric,0.8,1022.4,10,fixed_equal,12.2935,12.5,23.5,32.5,3.4037,12,988.8,3,414
asymmetric,0.8,1022.4,10,fixed_webster,9.5688,7.0,26.5,48.0,2.6493,11,993.6,2,414
asymmetric,0.8,1022.4,11,relay,5.6224,4.5,13.0,21.5,1.6433,9,1041.6,2,433
asymmetric,0.8,1022.4,11,fixed_equal,11.7309,12.5,23.5,28.0,3.4077,12,1039.2,2,433
asymmetric,0.8,1022.4,11,fixed_webster,8.6559,6.0,24.5,44.0,2.5143,9,1048.8,0,433
asymmetric,0.8,1022.4,12,relay,5.9954,6.0,13.5,21.0,1.736,8,1041.6,2,434
asymmetric,0.8,1022.4,12,fixed_equal,11.3756,10.5,23.5,29.5,3.3247,13,1041.6,3,434
asymmetric,0.8,1022.4,12,fixed_webster,7.9896,6.0,22.0,49.5,2.3277,8,1036.8,4,434
asymmetric,0.8,1022.4,13,relay,4.9892,3.5,12.5,17.0,1.396,8,1008.0,0,418
asymmetric,0.8,1022.4,13,fixed_equal,12.3624,11.5,25.0,33.5,3.489,11,1012.8,0,418
asymmetric,0.8,1022.4,13,fixed_webster,8.9199,7.0,23.5,52.5,2.494,10,1005.6,1,418
asymmetric,0.8,1022.4,14,relay,5.6344,5.0,13.0,25.0,1.709,9,1087.2,2,454
asymmetric,0.8,1022.4,14,fixed_equal,11.0969,10.5,23.5,33.5,3.3917,9,1092.0,3,454
asymmetric,0.8,1022.4,14,fixed_webster,9.3139,7.5,27.5,56.0,2.8283,10,1089.6,3,454
asymmetric,0.8,1022.4,15,relay,5.696,5.5,13.5,19.5,1.569,8,974.4,3,403
asymmetric,0.8,1022.4,15,fixed_equal,11.639,11.0,24.0,47.5,3.189,12,974.4,5,403
asymmetric,0.8,1022.4,15,fixed_webster,8.7779,6.5,23.5,43.0,2.4383,11,979.2,4,403
asymmetric,0.8,1022.4,16,relay,5.8899,6.0,13.0,19.0,1.712,8,1044.0,2,436
asymmetric,0.8,1022.4,16,fixed_equal,12.0161,11.5,23.5,43.5,3.514,12,1046.4,2,436
asymmetric,0.8,1022.4,16,fixed_webster,8.7833,7.0,25.5,42.5,2.5603,9,1039.2,4,436
asymmetric,0.8,1022.4,17,relay,6.0033,5.5,14.5,22.0,1.805,8,1075.2,3,451
asymmetric,0.8,1022.4,17,fixed_equal,12.3071,12.5,23.5,35.0,3.7113,12,1080.0,3,451
asymmetric,0.8,1022.4,17,fixed_webster,8.7783,7.0,22.5,50.0,2.6427,11,1077.6,4,451
asymmetric,0.8,1022.4,18,relay,5.2955,4.5,13.0,23.5,1.4933,7,998.4,7,423
asymmetric,0.8,1022.4,18,fixed_equal,12.1111,12.5,25.0,41.5,3.4253,11,1010.4,3,423
asymmetric,0.8,1022.4,18,fixed_webster,9.4693,7.5,27.0,40.5,2.6703,13,1000.8,6,423
asymmetric,0.8,1022.4,19,relay,5.5651,5.5,13.0,15.5,1.5103,8,974.4,2,407
asymmetric,0.8,1022.4,19,fixed_equal,10.7985,10.0,23.5,33.5,2.9513,9,976.8,2,407
asymmetric,0.8,1022.4,19,fixed_webster,8.4054,5.0,26.5,50.0,2.2953,9,976.8,2,407
asymmetric,0.8,1022.4,20,relay,5.5709,5.0,13.0,20.0,1.5483,10,998.4,1,416
asymmetric,0.8,1022.4,20,fixed_equal,12.0132,11.5,23.5,30.0,3.3647,12,1005.6,1,416
asymmetric,0.8,1022.4,20,fixed_webster,8.2993,6.0,24.0,42.0,2.3213,12,1008.0,1,416
asymmetric,0.8,1022.4,21,relay,5.6247,4.5,14.5,24.5,1.6427,9,1044.0,3,437
asymmetric,0.8,1022.4,21,fixed_equal,11.8673,12.0,23.5,39.0,3.4787,11,1041.6,5,437
asymmetric,0.8,1022.4,21,fixed_webster,8.5183,6.5,25.0,50.5,2.49,13,1044.0,4,437
asymmetric,0.8,1022.4,22,relay,5.2753,4.0,13.0,21.0,1.4953,7,1015.2,3,425
asymmetric,0.8,1022.4,22,fixed_equal,11.5718,11.5,23.5,33.0,3.324,11,1024.8,2,425
asymmetric,0.8,1022.4,22,fixed_webster,8.3235,6.5,23.0,37.0,2.3803,8,1024.8,1,425
asymmetric,0.8,1022.4,23,relay,5.7553,5.5,13.5,18.5,1.6307,12,1003.2,7,425
asymmetric,0.8,1022.4,23,fixed_equal,11.1176,10.5,23.5,39.0,3.1953,12,1012.8,7,425
asymmetric,0.8,1022.4,23,fixed_webster,10.0718,8.0,26.5,49.5,2.8537,10,1003.2,7,425
asymmetric,0.8,1022.4,24,relay,5.2,4.5,12.0,17.5,1.2993,7,897.6,0,370
asymmetric,0.8,1022.4,24,fixed_equal,11.9081,11.5,24.0,34.0,2.997,10,902.4,0,370
asymmetric,0.8,1022.4,24,fixed_webster,9.0622,7.5,24.5,44.5,2.255,8,902.4,0,370
asymmetric,0.8,1022.4,25,relay,5.3698,4.5,12.5,27.0,1.4713,8,981.6,2,411
asymmetric,0.8,1022.4,25,fixed_equal,11.6557,10.5,23.5,37.5,3.2147,13,988.8,1,411
asymmetric,0.8,1022.4,25,fixed_webster,9.7397,8.0,25.0,49.5,2.6687,11,984.0,1,411
asymmetric,0.8,1022.4,26,relay,4.9435,3.5,12.0,22.0,1.3493,7,976.8,2,407
asymmetric,0.8,1022.4,26,fixed_equal,11.8366,11.5,23.5,37.0,3.2723,13,986.4,2,407
asymmetric,0.8,1022.4,26,fixed_webster,8.4201,7.5,23.0,36.0,2.3237,9,986.4,2,407
asymmetric,0.8,1022.4,27,relay,5.6471,5.5,12.5,22.5,1.6383,10,1046.4,0,435
asymmetric,0.8,1022.4,27,fixed_equal,12.0724,12.0,23.5,41.0,3.5337,13,1051.2,1,435
asymmetric,0.8,1022.4,27,fixed_webster,8.977,7.5,24.0,33.5,2.6227,11,1053.6,0,435
asymmetric,0.8,1022.4,28,relay,5.9168,5.5,13.5,19.5,1.806,9,1092.0,3,457
asymmetric,0.8,1022.4,28,fixed_equal,11.8359,11.0,24.0,42.0,3.617,13,1092.0,4,457
asymmetric,0.8,1022.4,28,fixed_webster,8.8162,7.5,23.5,42.0,2.6977,10,1089.6,7,457
asymmetric,0.8,1022.4,29,relay,5.933,5.0,15.0,23.5,1.7783,9,1080.0,1,448
asymmetric,0.8,1022.4,29,fixed_equal,13.6429,13.0,30.5,54.0,4.1237,14,1077.6,4,448
asymmetric,0.8,1022.4,29,fixed_webster,10.0502,9.0,27.0,38.5,3.049,11,1077.6,6,448
asymmetric,1.0,1278.0,0,relay,5.975,4.5,14.5,24.0,2.0803,11,1243.2,5,521
asymmetric,1.0,1278.0,0,fixed_equal,15.048,14.5,34.0,85.5,5.6463,23,1267.2,9,521
asymmetric,1.0,1278.0,0,fixed_webster,9.1545,8.0,22.0,41.5,3.189,11,1236.0,9,521
asymmetric,1.0,1278.0,1,relay,5.7987,5.0,13.5,27.5,2.1117,10,1303.2,4,544
asymmetric,1.0,1278.0,1,fixed_equal,14.3474,14.0,32.0,45.5,5.2347,15,1305.6,4,544
asymmetric,1.0,1278.0,1,fixed_webster,8.8631,7.5,23.5,47.0,3.219,10,1303.2,5,544
asymmetric,1.0,1278.0,2,relay,6.2797,6.0,13.5,28.5,2.0807,10,1195.2,0,497
asymmetric,1.0,1278.0,2,fixed_equal,14.3974,12.5,36.0,55.5,4.8167,21,1200.0,1,497
asymmetric,1.0,1278.0,2,fixed_webster,10.1268,9.5,27.0,42.5,3.3863,11,1192.8,5,497
asymmetric,1.0,1278.0,3,relay,6.28,5.5,14.5,24.0,2.199,11,1252.8,4,525
asymmetric,1.0,1278.0,3,fixed_equal,14.3886,14.0,30.0,51.0,5.0573,19,1255.2,4,525
asymmetric,1.0,1278.0,3,fixed_webster,9.5105,8.5,25.5,46.5,3.33,12,1257.6,3,525
asymmetric,1.0,1278.0,4,relay,5.9061,5.0,14.0,23.0,2.075,9,1262.4,1,527
asymmetric,1.0,1278.0,4,fixed_equal,13.2258,12.0,27.5,49.5,4.6467,16,1257.6,3,527
asymmetric,1.0,1278.0,4,fixed_webster,10.1338,7.5,28.0,50.5,3.5613,12,1262.4,2,527
asymmetric,1.0,1278.0,5,relay,6.8571,6.5,14.5,24.5,2.5337,11,1332.0,0,553
asymmetric,1.0,1278.0,5,fixed_equal,15.0669,13.0,39.5,62.0,5.577,19,1332.0,1,553
asymmetric,1.0,1278.0,5,fixed_webster,10.2505,9.0,27.0,48.0,3.7917,12,1336.8,2,553
asymmetric,1.0,1278.0,6,relay,5.9577,5.0,14.0,33.0,2.216,11,1336.8,1,555
asymmetric,1.0,1278.0,6,fixed_equal,13.9595,14.0,29.0,46.0,5.1867,17,1332.0,3,555
asymmetric,1.0,1278.0,6,fixed_webster,9.9604,8.0,26.0,66.5,3.7047,12,1334.4,5,555
asymmetric,1.0,1278.0,7,relay,6.2695,5.5,14.0,23.5,2.201,8,1262.4,1,525
asymmetric,1.0,1278.0,7,fixed_equal,12.459,12.0,25.0,34.5,4.382,13,1257.6,3,525
asymmetric,1.0,1278.0,7,fixed_webster,9.341,8.0,24.0,49.5,3.2853,11,1262.4,3,525
asymmetric,1.0,1278.0,8,relay,6.001,5.0,14.5,28.0,2.104,9,1250.4,5,525
asymmetric,1.0,1278.0,8,fixed_equal,13.8667,13.5,29.5,57.0,4.8737,17,1252.8,5,525
asymmetric,1.0,1278.0,8,fixed_webster,10.2981,8.0,28.5,62.0,3.6577,13,1262.4,4,525
asymmetric,1.0,1278.0,9,relay,6.4243,6.0,14.5,23.5,2.213,9,1236.0,2,515
asymmetric,1.0,1278.0,9,fixed_equal,14.0165,13.0,31.5,48.5,4.8337,15,1233.6,3,515
asymmetric,1.0,1278.0,9,fixed_webster,8.9175,7.0,24.0,53.0,3.071,12,1236.0,3,515
asymmetric,1.0,1278.0,10,relay,6.7174,6.0,16.5,31.5,2.3433,12,1252.8,2,522
asymmetric,1.0,1278.0,10,fixed_equal,13.8755,13.5,28.5,45.5,4.85,14,1255.2,1,522
asymmetric,1.0,1278.0,10,fixed_webster,9.6274,7.5,27.0,58.5,3.3587,13,1250.4,4,522
asymmetric,1.0,1278.0,11,relay,6.3161,6.0,14.0,23.0,2.303,9,1310.4,1,541
asymmetric,1.0,1278.0,11,fixed_equal,12.3854,12.0,25.5,37.5,4.535,15,1303.2,4,541
asymmetric,1.0,1278.0,11,fixed_webster,9.634,7.5,27.5,48.5,3.498,11,1303.2,3,541
asymmetric,1.0,1278.0,12,relay,6.4041,5.5,15.0,28.5,2.31,9,1274.4,9,537
asymmetric,1.0,1278.0,12,fixed_equal,14.7765,15.0,29.0,67.0,5.337,16,1288.8,6,537
asymmetric,1.0,1278.0,12,fixed_webster,9.0736,8.0,24.0,46.0,3.302,13,1284.0,10,537
asymmetric,1.0,1278.0,13,relay,6.3179,6.0,14.0,27.0,2.4257,9,1375.2,3,574
asymmetric,1.0,1278.0,13,fixed_equal,15.1498,15.0,33.5,46.0,5.8577,15,1384.8,3,574
asymmetric,1.0,1278.0,13,fixed_webster,9.0601,7.0,25.5,40.5,3.4773,13,1370.4,6,574
asymmetric,1.0,1278.0,14,relay,6.3967,6.0,14.5,25.0,2.3487,10,1315.2,2,542
asymmetric,1.0,1278.0,14,fixed_equal,14.2389,14.5,31.5,53.0,5.2147,20,1315.2,2,542
asymmetric,1.0,1278.0,14,fixed_webster,9.6042,8.0,27.0,52.0,3.507,12,1305.6,6,542
asymmetric,1.0,1278.0,15,relay,6.2196,5.5,14.5,32.5,2.2383,11,1288.8,3,535
asymmetric,1.0,1278.0,15,fixed_equal,14.2084,13.5,31.0,54.5,5.117,17,1286.4,7,535
asymmetric,1.0,1278.0,15,fixed_webster,9.0673,6.5,26.5,50.5,3.2957,11,1291.2,5,535
asymmetric,1.0,1278.0,16,relay,7.0428,6.0,15.5,32.0,2.5217,14,1279.2,5,537
asymmetric,1.0,1278.0,16,fixed_equal,12.5587,12.0,25.0,42.5,4.5057,15,1276.8,6,537
asymmetric,1.0,1278.0,16,fixed_webster,9.7691,8.0,26.5,51.5,3.4983,10,1279.2,5,537
asymmetric,1.0,1278.0,17,relay,6.3659,5.5,15.0,23.0,2.3453,11,1320.0,3,552
asymmetric,1.0,1278.0,17,fixed_equal,13.9375,14.5,27.0,47.5,5.1393,14,1315.2,5,552
asymmetric,1.0,1278.0,17,fixed_webster,9.8243,7.5,27.5,53.0,3.6163,12,1312.8,6,552
asymmetric,1.0,1278.0,18,relay,6.7951,6.0,15.5,23.0,2.4123,13,1276.8,1,532
asymmetric,1.0,1278.0,18,fixed_equal,12.7218,12.0,27.0,45.0,4.512,16,1262.4,6,532
asymmetric,1.0,1278.0,18,fixed_webster,10.1805,9.0,26.0,53.5,3.614,12,1269.6,5,532
asymmetric,1.0,1278.0,19,relay,6.3454,5.5,14.0,26.5,2.2293,11,1264.8,0,527
asymmetric,1.0,1278.0,19,fixed_equal,13.5892,14.0,25.5,41.5,4.8077,14,1272.0,0,527
asymmetric,1.0,1278.0,19,fixed_webster,9.7011,8.5,25.5,39.0,3.4303,12,1269.6,1,527
asymmetric,1.0,1278.0,20,relay,5.9765,5.0,13.5,26.5,2.0373,13,1226.4,2,511
asymmetric,1.0,1278.0,20,fixed_equal,13.7916,13.5,30.0,52.5,4.7317,17,1221.6,5,511
asymmetric,1.0,1278.0,20,fixed_webster,9.59,8.0,27.0,55.0,3.2843,11,1224.0,7,511
asymmetric,1.0,1278.0,21,relay,6.8748,6.0,15.5,24.5,2.4993,11,1308.0,1,543
asymmetric,1.0,1278.0,21,fixed_equal,13.6372,13.5,29.5,48.5,4.9727,15,1308.0,2,543
asymmetric,1.0,1278.0,21,fixed_webster,9.7164,8.0,27.0,55.5,3.5377,13,1303.2,5,543
asymmetric,1.0,1278.0,22,relay,6.0156,5.5,14.0,29.5,2.0613,7,1236.0,0,514
asymmetric,1.0,1278.0,22,fixed_equal,14.7082,14.5,30.5,46.5,5.0717,17,1238.4,1,514
asymmetric,1.0,1278.0,22,fixed_webster,9.3804,7.5,25.0,46.5,3.229,10,1231.2,3,514
asymmetric,1.0,1278.0,23,relay,6.7066,6.0,14.5,32.5,2.5237,10,1346.4,4,564
asymmetric,1.0,1278.0,23,fixed_equal,14.8644,15.0,31.5,42.0,5.5993,19,1341.6,6,564
asymmetric,1.0,1278.0,23,fixed_webster,8.8005,7.0,22.5,40.5,3.31,11,1339.2,7,564
asymmetric,1.0,1278.0,24,relay,6.054,5.5,14.0,30.0,1.93,8,1144.8,1,472
asymmetric,1.0,1278.0,24,fixed_equal,14.268,13.5,31.5,51.0,4.6087,15,1154.4,2,472
asymmetric,1.0,1278.0,24,fixed_webster,9.4767,7.5,26.0,46.5,3.0147,11,1142.4,2,472
asymmetric,1.0,1278.0,25,relay,6.5562,6.0,14.5,27.0,2.259,9,1243.2,1,516
asymmetric,1.0,1278.0,25,fixed_equal,13.749,13.0,31.5,47.5,4.7407,15,1236.0,3,516
asymmetric,1.0,1278.0,25,fixed_webster,9.5194,8.0,27.0,59.0,3.279,10,1240.8,2,516
asymmetric,1.0,1278.0,26,relay,6.2634,6.0,14.0,23.0,2.2663,8,1300.8,1,541
asymmetric,1.0,1278.0,26,fixed_equal,14.0296,12.5,32.5,50.0,5.1943,15,1315.2,3,541
asymmetric,1.0,1278.0,26,fixed_webster,9.6959,8.0,26.0,60.5,3.5313,10,1296.0,8,541
asymmetric,1.0,1278.0,27,relay,6.0113,5.0,14.0,28.0,2.1367,9,1274.4,3,531
asymmetric,1.0,1278.0,27,fixed_equal,13.742,13.0,31.5,54.5,4.9003,17,1272.0,4,531
asymmetric,1.0,1278.0,27,fixed_webster,9.5537,9.0,24.0,49.5,3.399,13,1264.8,7,531
asymmetric,1.0,1278.0,28,relay,6.3009,6.0,15.0,24.5,2.332,9,1334.4,0,550
asymmetric,1.0,1278.0,28,fixed_equal,14.0245,13.5,28.0,52.5,5.2297,15,1329.6,4,550
asymmetric,1.0,1278.0,28,fixed_webster,9.1173,8.0,23.5,44.5,3.37,10,1332.0,1,550
asymmetric,1.0,1278.0,29,relay,7.0522,6.5,15.0,23.0,2.5247,11,1286.4,2,536
asymmetric,1.0,1278.0,29,fixed_equal,11.9785,12.0,24.5,38.5,4.2913,15,1284.0,3,536
asymmetric,1.0,1278.0,29,fixed_webster,9.5774,8.5,27.0,45.5,3.4337,11,1293.6,2,536
asymmetric,1.2,1533.6,0,relay,6.4104,6.0,15.0,23.5,2.6067,12,1461.6,4,608
asymmetric,1.2,1533.6,0,fixed_equal,15.9342,16.0,33.0,52.0,6.624,18,1480.8,2,608
asymmetric,1.2,1533.6,0,fixed_webster,9.7089,8.5,27.5,48.5,3.9437,13,1454.4,4,608
asymmetric,1.2,1533.6,1,relay,6.9722,6.0,16.5,33.5,3.0183,15,1555.2,2,648
asymmetric,1.2,1533.6,1,fixed_equal,25.3071,18.5,82.0,104.5,10.9537,28,1552.8,4,648
asymmetric,1.2,1533.6,1,fixed_webster,10.0015,8.5,27.0,45.5,4.3513,13,1550.4,6,648
asymmetric,1.2,1533.6,2,relay,6.8847,6.0,15.5,25.5,2.933,10,1524.0,5,633
asymmetric,1.2,1533.6,2,fixed_equal,16.7654,17.0,37.0,56.0,7.2987,19,1521.6,11,633
asymmetric,1.2,1533.6,2,fixed_webster,10.0087,7.5,28.5,46.0,4.2767,12,1516.8,6,633
asymmetric,1.2,1533.6,3,relay,7.4394,6.5,17.0,40.5,3.3197,19,1596.0,5,668
asymmetric,1.2,1533.6,3,fixed_equal,16.3346,16.0,36.0,54.5,7.2963,16,1588.8,10,668
asymmetric,1.2,1533.6,3,fixed_webster,10.9409,9.5,31.0,60.5,4.9247,18,1600.8,5,668
asymmetric,1.2,1533.6,4,relay,7.3758,6.0,17.0,35.0,3.0683,13,1490.4,3,624
asymmetric,1.2,1533.6,4,fixed_equal,15.8518,15.0,36.5,52.0,6.5943,18,1490.4,3,624
asymmetric,1.2,1533.6,4,fixed_webster,11.8726,8.5,37.0,67.5,4.9467,17,1490.4,4,624
asymmetric,1.2,1533.6,5,relay,7.5784,7.0,16.0,31.0,3.35,12,1584.0,4,663
asymmetric,1.2,1533.6,5,fixed_equal,20.8062,17.0,59.5,79.0,9.27,23,1593.6,6,663
asymmetric,1.2,1533.6,5,fixed_webster,10.9849,9.5,28.5,52.5,4.8703,15,1586.4,5,663
asymmetric,1.2,1533.6,6,relay,6.8957,6.0,16.0,41.5,3.0263,14,1574.4,3,657
asymmetric,1.2,1533.6,6,fixed_equal,21.1385,17.5,61.0,85.5,9.325,23,1550.4,18,657
asymmetric,1.2,1533.6,6,fixed_webster,13.0107,9.5,47.0,108.0,5.714,16,1576.8,3,657
asymmetric,1.2,1533.6,7,relay,7.2523,6.5,17.0,38.5,3.2003,14,1586.4,2,660
asymmetric,1.2,1533.6,7,fixed_equal,23.8644,22.5,52.0,74.0,10.5333,21,1574.4,7,660
asymmetric,1.2,1533.6,7,fixed_webster,10.3561,9.5,27.5,50.5,4.5643,14,1584.0,2,660
asymmetric,1.2,1533.6,8,relay,7.3148,6.5,16.0,28.5,3.1517,13,1543.2,1,640
asymmetric,1.2,1533.6,8,fixed_equal,20.3469,18.0,47.0,72.0,8.7613,22,1548.0,3,640
asymmetric,1.2,1533.6,8,fixed_webster,11.4812,9.5,31.5,86.5,4.9433,15,1540.8,2,640
asymmetric,1.2,1533.6,9,relay,6.3485,5.5,14.5,32.0,2.696,9,1526.4,1,637
asymmetric,1.2,1533.6,9,fixed_equal,18.927,17.5,46.0,67.5,8.1207,20,1526.4,8,637
asymmetric,1.2,1533.6,9,fixed_webster,9.8344,8.0,27.5,72.5,4.191,13,1526.4,3,637
asymmetric,1.2,1533.6,10,relay,7.518,7.0,16.0,30.0,3.2113,13,1533.6,2,639
asymmetric,1.2,1533.6,10,fixed_equal,23.7003,17.5,79.5,114.5,10.371,32,1550.4,5,639
asymmetric,1.2,1533.6,10,fixed_webster,10.1628,8.5,27.0,51.0,4.3493,13,1540.8,2,639
asymmetric,1.2,1533.6,11,relay,7.2029,6.0,16.5,31.0,3.1887,12,1591.2,1,658
asymmetric,1.2,1533.6,11,fixed_equal,22.6527,18.0,66.0,87.5,10.0297,25,1586.4,5,658
asymmetric,1.2,1533.6,11,fixed_webster,9.6649,7.5,27.5,57.5,4.2577,13,1586.4,1,658
asymmetric,1.2,1533.6,12,relay,6.7908,5.5,16.0,28.5,2.98,12,1569.6,3,655
asymmetric,1.2,1533.6,12,fixed_equal,18.3305,18.0,39.0,58.5,8.0887,23,1560.0,14,655
asymmetric,1.2,1533.6,12,fixed_webster,10.2557,8.0,28.5,59.0,4.495,15,1572.0,2,655
asymmetric,1.2,1533.6,13,relay,7.1189,6.5,15.5,28.5,3.118,11,1560.0,8,656
asymmetric,1.2,1533.6,13,fixed_equal,16.9817,16.0,43.0,61.5,7.4717,23,1567.2,8,656
asymmetric,1.2,1533.6,13,fixed_webster,10.3582,9.0,28.5,53.5,4.5467,14,1557.6,9,656
asymmetric,1.2,1533.6,14,relay,6.8496,6.0,15.0,27.5,2.9167,9,1528.8,2,635
asymmetric,1.2,1533.6,14,fixed_equal,15.7189,15.5,35.0,44.5,6.6897,19,1528.8,4,635
asymmetric,1.2,1533.6,14,fixed_webster,10.8488,9.5,28.5,54.0,4.654,12,1533.6,2,635
asymmetric,1.2,1533.6,15,relay,6.9608,5.5,16.5,34.5,3.013,12,1548.0,4,637
asymmetric,1.2,1533.6,15,fixed_equal,21.9765,20.0,52.0,71.5,9.6337,23,1545.6,11,637
asymmetric,1.2,1533.6,15,fixed_webster,10.7904,9.0,28.5,55.0,4.6973,12,1538.4,7,637
asymmetric,1.2,1533.6,16,relay,7.4283,6.5,17.0,38.0,3.424,13,1658.4,3,690
asymmetric,1.2,1533.6,16,fixed_equal,17.9862,16.5,43.0,62.5,8.2967,23,1648.8,6,690
asymmetric,1.2,1533.6,16,fixed_webster,12.7587,10.0,42.5,77.5,5.9603,18,1663.2,4,690
asymmetric,1.2,1533.6,17,relay,7.6577,7.0,17.5,28.0,3.3337,13,1562.4,2,653
asymmetric,1.2,1533.6,17,fixed_equal,15.0636,15.5,30.5,52.5,6.628,17,1576.8,2,653
asymmetric,1.2,1533.6,17,fixed_webster,11.0926,9.5,31.0,60.0,4.829,18,1562.4,2,653
asymmetric,1.2,1533.6,18,relay,7.2992,6.0,17.0,51.0,3.2187,13,1584.0,2,660
asymmetric,1.2,1533.6,18,fixed_equal,15.572,15.0,31.5,52.0,6.8623,16,1574.4,5,660
asymmetric,1.2,1533.6,18,fixed_webster,10.4167,8.5,28.0,81.5,4.591,13,1579.2,3,660
asymmetric,1.2,1533.6,19,relay,7.165,6.5,15.5,24.5,2.934,12,1476.0,2,612
asymmetric,1.2,1533.6,19,fixed_equal,14.3799,14.5,31.0,47.0,5.913,17,1471.2,4,612
asymmetric,1.2,1533.6,19,fixed_webster,10.2557,8.5,28.5,54.5,4.2,15,1468.8,3,612
asymmetric,1.2,1533.6,20,relay,7.0925,6.5,15.5,32.0,3.0403,14,1538.4,3,643
asymmetric,1.2,1533.6,20,fixed_equal,17.528,16.5,41.0,60.0,7.6803,20,1552.8,7,643
asymmetric,1.2,1533.6,20,fixed_webster,10.7776,9.5,28.5,58.0,4.6347,12,1540.8,3,643
asymmetric,1.2,1533.6,21,relay,7.9872,7.0,18.5,36.0,3.542,11,1593.6,3,663
asymmetric,1.2,1533.6,21,fixed_equal,21.6003,18.0,61.0,85.0,9.5833,25,1591.2,4,663
asymmetric,1.2,1533.6,21,fixed_webster,10.8039,10.0,28.5,49.0,4.7907,16,1584.0,6,663
asymmetric,1.2,1533.6,22,relay,7.0713,6.5,15.5,35.0,2.9233,12,1485.6,1,617
asymmetric,1.2,1533.6,22,fixed_equal,20.141,19.0,46.0,69.5,8.3637,22,1490.4,3,617
asymmetric,1.2,1533.6,22,fixed_webster,10.3233,8.0,28.5,60.0,4.254,12,1478.4,2,617
asymmetric,1.2,1533.6,23,relay,7.0078,6.5,15.5,25.0,2.9977,11,1536.0,3,640
asymmetric,1.2,1533.6,23,fixed_equal,15.7398,14.5,34.0,50.5,6.811,18,1543.2,4,640
asymmetric,1.2,1533.6,23,fixed_webster,10.3266,8.5,28.5,58.0,4.4213,12,1531.2,4,640
asymmetric,1.2,1533.6,24,relay,6.619,6.0,15.5,31.0,2.5213,12,1370.4,0,567
asymmetric,1.2,1533.6,24,fixed_equal,17.8148,15.5,55.5,87.0,6.9807,23,1392.0,1,567
asymmetric,1.2,1533.6,24,fixed_webster,10.3386,8.5,28.5,62.0,3.9487,11,1372.8,0,567
asymmetric,1.2,1533.6,25,relay,7.5397,6.5,16.5,31.5,3.2927,14,1569.6,3,655
asymmetric,1.2,1533.6,25,fixed_equal,23.0183,17.0,68.5,99.0,10.073,27,1557.6,9,655
asymmetric,1.2,1533.6,25,fixed_webster,10.8931,9.5,28.5,54.0,4.781,14,1572.0,3,655
asymmetric,1.2,1533.6,26,relay,7.3638,7.0,15.0,25.5,3.2967,12,1610.4,1,668
asymmetric,1.2,1533.6,26,fixed_equal,22.2231,21.0,49.5,65.0,10.0267,20,1624.8,3,668
asymmetric,1.2,1533.6,26,fixed_webster,10.9656,10.0,28.0,61.0,4.9227,17,1617.6,2,668
asymmetric,1.2,1533.6,27,relay,7.1855,6.5,17.0,27.5,3.056,11,1521.6,5,636
asymmetric,1.2,1533.6,27,fixed_equal,19.4473,17.0,49.5,73.0,8.3373,23,1536.0,4,636
asymmetric,1.2,1533.6,27,fixed_webster,10.3703,9.0,28.5,65.0,4.4187,15,1531.2,3,636
asymmetric,1.2,1533.6,28,relay,7.093,6.0,17.0,34.0,3.239,11,1639.2,3,683
asymmetric,1.2,1533.6,28,fixed_equal,23.3712,20.5,61.0,94.5,10.7573,28,1627.2,14,683
asymmetric,1.2,1533.6,28,fixed_webster,10.757,9.0,28.5,60.0,4.9133,13,1636.8,5,683
asymmetric,1.2,1533.6,29,relay,7.2124,6.5,16.0,29.5,3.131,14,1548.0,5,645
asymmetric,1.2,1533.6,29,fixed_equal,16.8132,15.5,38.5,63.0,7.2647,20,1536.0,10,645
asymmetric,1.2,1533.6,29,fixed_webster,9.7543,7.0,28.0,58.5,4.2467,12,1540.8,7,645
asymmetric,1.4,1789.2,0,relay,7.2561,6.0,17.0,45.5,3.5507,17,1723.2,17,732
asymmetric,1.4,1789.2,0,fixed_equal,31.5861,26.5,75.5,113.0,15.6367,42,1692.0,42,732
asymmetric,1.4,1789.2,0,fixed_webster,10.1428,8.5,28.0,70.5,5.0037,20,1728.0,20,732
asymmetric,1.4,1789.2,1,relay,7.5378,6.0,18.0,36.5,3.885,13,1845.6,3,767
asymmetric,1.4,1789.2,1,fixed_equal,84.676,44.5,257.5,273.5,43.7477,67,1759.2,51,767
asymmetric,1.4,1789.2,1,fixed_webster,11.1923,10.5,27.0,46.0,5.753,16,1843.2,4,767
asymmetric,1.4,1789.2,2,relay,7.5606,6.5,17.5,36.5,3.62,13,1713.6,5,718
asymmetric,1.4,1789.2,2,fixed_equal,31.5815,24.5,77.5,104.5,15.3797,38,1735.2,11,718
asymmetric,1.4,1789.2,2,fixed_webster,10.7201,8.5,30.5,61.0,5.159,13,1720.8,5,718
asymmetric,1.4,1789.2,3,relay,8.1497,7.0,19.5,33.0,4.2843,14,1881.6,5,785
asymmetric,1.4,1789.2,3,fixed_equal,42.3522,35.0,103.0,151.0,22.3503,41,1840.8,34,785
asymmetric,1.4,1789.2,3,fixed_webster,11.5567,9.5,32.5,78.5,6.2013,16,1891.2,6,785
asymmetric,1.4,1789.2,4,relay,8.611,7.0,21.0,39.5,4.457,16,1850.4,6,775
asymmetric,1.4,1789.2,4,fixed_equal,34.06,23.5,91.0,119.0,17.6097,33,1812.0,23,775
asymmetric,1.4,1789.2,4,fixed_webster,13.4613,9.5,47.0,78.0,6.9813,20,1850.4,6,775
asymmetric,1.4,1789.2,5,relay,8.6334,8.0,19.0,41.5,4.4717,16,1857.6,5,776
asymmetric,1.4,1789.2,5,fixed_equal,30.6997,23.5,82.5,108.0,15.9677,32,1831.2,22,776
asymmetric,1.4,1789.2,5,fixed_webster,14.1108,10.0,46.5,110.0,7.325,17,1852.8,6,776
asymmetric,1.4,1789.2,6,relay,8.5122,8.0,19.0,40.0,4.4423,17,1879.2,4,780
asymmetric,1.4,1789.2,6,fixed_equal,60.4962,39.0,158.0,186.5,31.872,61,1788.0,52,780
asymmetric,1.4,1789.2,6,fixed_webster,12.5833,10.0,38.0,86.5,6.551,20,1876.8,3,780
asymmetric,1.4,1789.2,7,relay,8.3633,8.0,18.0,33.0,4.2583,13,1821.6,7,761
asymmetric,1.4,1789.2,7,fixed_equal,39.523,25.0,117.0,149.5,20.087,41,1754.4,34,761
asymmetric,1.4,1789.2,7,fixed_webster,11.7457,10.5,30.5,60.0,5.9863,15,1819.2,6,761
asymmetric,1.4,1789.2,8,relay,7.9128,7.0,17.5,36.0,3.7667,13,1706.4,2,705
asymmetric,1.4,1789.2,8,fixed_equal,21.8745,20.0,51.5,74.5,10.4483,22,1696.8,8,705
asymmetric,1.4,1789.2,8,fixed_webster,11.7872,9.0,37.5,63.5,5.6127,14,1706.4,4,705
asymmetric,1.4,1789.2,9,relay,7.5216,6.5,17.0,35.0,3.612,13,1728.0,3,718
asymmetric,1.4,1789.2,9,fixed_equal,34.9909,20.5,114.5,149.0,16.9123,34,1696.8,23,718
asymmetric,1.4,1789.2,9,fixed_webster,10.9972,9.5,29.5,61.5,5.293,18,1725.6,5,718
asymmetric,1.4,1789.2,10,relay,7.78,7.0,18.0,31.5,3.7753,15,1737.6,4,725
asymmetric,1.4,1789.2,10,fixed_equal,35.7855,23.5,117.0,139.0,17.4993,40,1723.2,22,725
asymmetric,1.4,1789.2,10,fixed_webster,12.2814,9.5,37.5,83.5,5.9907,19,1740.0,5,725
asymmetric,1.4,1789.2,11,relay,8.2671,7.5,18.5,40.0,4.214,14,1831.2,3,762
asymmetric,1.4,1789.2,11,fixed_equal,58.7894,32.5,163.5,196.0,30.4123,55,1771.2,47,762
asymmetric,1.4,1789.2,11,fixed_webster,11.3727,9.0,31.0,84.5,5.7987,19,1836.0,3,762
asymmetric,1.4,1789.2,12,relay,8.72,7.5,20.0,39.5,4.4713,15,1838.4,5,766
asymmetric,1.4,1789.2,12,fixed_equal,43.5294,26.0,113.5,158.5,22.4047,42,1788.0,34,766
asymmetric,1.4,1789.2,12,fixed_webster,12.5796,9.5,37.5,87.0,6.4677,18,1848.0,3,766
asymmetric,1.4,1789.2,13,relay,8.0,7.0,18.0,37.5,4.2733,12,1905.6,8,799
asymmetric,1.4,1789.2,13,fixed_equal,86.515,55.0,286.0,307.5,46.4447,82,1790.4,69,799
asymmetric,1.4,1789.2,13,fixed_webster,11.6045,10.0,30.0,63.5,6.199,17,1900.8,12,799
asymmetric,1.4,1789.2,14,relay,8.1178,7.0,20.0,31.5,4.037,14,1790.4,1,743
asymmetric,1.4,1789.2,14,fixed_equal,33.4906,24.0,101.5,132.0,16.6487,34,1759.2,18,743
asymmetric,1.4,1789.2,14,fixed_webster,11.3237,9.5,30.5,98.5,5.6477,15,1783.2,4,743
asymmetric,1.4,1789.2,15,relay,7.7711,7.0,18.0,32.0,3.7257,14,1706.4,8,710
asymmetric,1.4,1789.2,15,fixed_equal,34.0592,24.0,84.0,96.0,16.305,31,1701.6,19,710
asymmetric,1.4,1789.2,15,fixed_webster,11.281,9.0,31.0,67.5,5.5493,13,1732.8,1,710
asymmetric,1.4,1789.2,16,relay,8.0647,7.0,19.0,35.0,4.243,12,1896.0,1,788
asymmetric,1.4,1789.2,16,fixed_equal,50.8598,27.5,153.5,181.0,26.7373,55,1802.4,42,788
asymmetric,1.4,1789.2,16,fixed_webster,11.7938,9.0,32.0,86.5,6.3467,17,1905.6,1,788
asymmetric,1.4,1789.2,17,relay,8.3835,7.5,18.5,34.5,4.2923,13,1831.2,5,768
asymmetric,1.4,1789.2,17,fixed_equal,32.7858,25.0,76.5,102.0,16.989,32,1809.6,26,768
asymmetric,1.4,1789.2,17,fixed_webster,12.1042,10.0,33.0,74.0,6.1977,18,1831.2,6,768
asymmetric,1.4,1789.2,18,relay,7.9775,6.5,18.0,35.0,4.0347,14,1807.2,7,757
asymmetric,1.4,1789.2,18,fixed_equal,31.4894,24.0,82.0,113.0,15.9807,30,1795.2,17,757
asymmetric,1.4,1789.2,18,fixed_webster,11.6083,9.5,32.5,70.5,5.8837,16,1800.0,10,757
asymmetric,1.4,1789.2,19,relay,7.2077,6.5,15.5,39.0,3.5073,12,1744.8,3,727
asymmetric,1.4,1789.2,19,fixed_equal,71.053,30.0,168.0,182.0,35.1627,47,1728.0,31,727
asymmetric,1.4,1789.2,19,fixed_webster,10.8439,10.0,27.5,51.0,5.2853,15,1752.0,3,727
asymmetric,1.4,1789.2,20,relay,8.206,7.5,17.5,38.5,4.1137,14,1795.2,5,750
asymmetric,1.4,1789.2,20,fixed_equal,53.2647,43.5,124.0,149.5,26.922,39,1756.8,33,750
asymmetric,1.4,1789.2,20,fixed_webster,11.7167,10.5,31.0,63.0,5.891,25,1807.2,2,750
asymmetric,1.4,1789.2,21,relay,8.0659,6.5,20.5,37.0,4.3393,14,1920.0,9,804
asymmetric,1.4,1789.2,21,fixed_equal,64.9652,56.0,192.5,217.5,34.9483,65,1826.4,54,804
asymmetric,1.4,1789.2,21,fixed_webster,11.5087,10.0,33.0,68.5,6.183,17,1903.2,14,804
asymmetric,1.4,1789.2,22,relay,8.2949,7.5,18.0,30.0,4.1283,14,1785.6,3,746
asymmetric,1.4,1789.2,22,fixed_equal,45.5697,29.5,118.0,143.5,22.7307,39,1759.2,19,746
asymmetric,1.4,1789.2,22,fixed_webster,11.9698,10.0,32.0,63.5,5.966,17,1788.0,3,746
asymmetric,1.4,1789.2,23,relay,7.763,7.0,17.5,30.0,3.8873,11,1797.6,4,749
asymmetric,1.4,1789.2,23,fixed_equal,30.6041,27.0,69.0,87.5,15.3913,28,1773.6,19,749
asymmetric,1.4,1789.2,23,fixed_webster,10.4352,8.0,30.0,60.0,5.2523,13,1800.0,5,749
asymmetric,1.4,1789.2,24,relay,7.6564,7.0,17.0,27.5,3.503,14,1651.2,1,684
asymmetric,1.4,1789.2,24,fixed_equal,56.6725,23.0,179.5,211.0,26.7103,50,1704.0,1,684
asymmetric,1.4,1789.2,24,fixed_webster,12.1901,10.0,35.5,74.0,5.5887,14,1653.6,1,684
asymmetric,1.4,1789.2,25,relay,8.5013,7.0,18.5,38.0,4.3697,13,1843.2,4,771
asymmetric,1.4,1789.2,25,fixed_equal,71.6258,30.5,203.0,237.0,36.9653,55,1756.8,49,771
asymmetric,1.4,1789.2,25,fixed_webster,11.7075,10.5,31.0,59.0,6.0303,16,1843.2,4,771
asymmetric,1.4,1789.2,26,relay,8.5656,7.5,18.5,43.0,4.357,13,1821.6,3,754
asymmetric,1.4,1789.2,26,fixed_equal,42.0033,41.5,84.5,108.5,21.3513,35,1804.8,18,754
asymmetric,1.4,1789.2,26,fixed_webster,11.6088,9.5,30.0,79.0,5.9007,17,1833.6,2,754
asymmetric,1.4,1789.2,27,relay,8.4598,7.5,20.0,42.5,4.241,17,1802.4,5,747
asymmetric,1.4,1789.2,27,fixed_equal,40.6861,39.0,91.5,118.5,20.5443,46,1804.8,11,747
asymmetric,1.4,1789.2,27,fixed_webster,12.1466,8.5,34.5,99.5,6.081,18,1804.8,2,747
asymmetric,1.4,1789.2,28,relay,8.268,7.0,20.0,33.5,4.1423,12,1797.6,4,750
asymmetric,1.4,1789.2,28,fixed_equal,32.4887,26.0,80.0,112.0,16.302,32,1764.0,20,750
asymmetric,1.4,1789.2,28,fixed_webster,14.6193,9.0,61.0,111.5,7.3523,19,1816.8,1,750
asymmetric,1.4,1789.2,29,relay,8.1782,7.5,18.0,36.5,3.9273,14,1718.4,5,710
asymmetric,1.4,1789.2,29,fixed_equal,24.2014,20.5,56.5,86.0,11.604,27,1708.8,9,710
asymmetric,1.4,1789.2,29,fixed_webster,11.2908,9.0,29.5,63.0,5.4033,17,1723.2,2,710
balanced,0.6,769.0,0,relay,6.0733,6.0,12.0,20.5,1.2463,7,736.8,1,307
balanced,0.6,769.0,0,fixed_equal,9.8958,8.5,23.0,24.5,2.0377,8,727.2,7,307
balanced,0.6,769.0,0,fixed_webster,9.1466,8.5,21.0,23.0,1.8727,7,736.8,1,307
balanced,0.6,769.0,1,relay,5.8119,6.0,13.5,16.0,1.2367,7,760.8,3,319
balanced,0.6,769.0,1,fixed_equal,9.9843,8.5,23.0,25.5,2.1247,8,763.2,4,319
balanced,0.6,769.0,1,fixed_webster,10.105,9.0,21.0,29.0,2.1627,10,758.4,6,319
balanced,0.6,769.0,2,relay,6.3322,6.0,13.0,17.5,1.299,7,739.2,0,307
balanced,0.6,769.0,2,fixed_equal,11.1026,10.5,23.5,25.5,2.283,10,739.2,0,307
balanced,0.6,769.0,2,fixed_webster,9.9805,9.5,21.0,26.0,2.0433,7,739.2,0,307
balanced,0.6,769.0,3,relay,6.25,6.0,13.0,18.5,1.4083,7,811.2,0,338
balanced,0.6,769.0,3,fixed_equal,11.4822,11.5,23.5,26.0,2.6087,11,811.2,2,338
balanced,0.6,769.0,3,fixed_webster,10.1494,9.5,21.0,24.0,2.2923,10,820.8,0,338
balanced,0.6,769.0,4,relay,5.8009,6.0,12.5,19.0,1.312,7,816.0,0,339
balanced,0.6,769.0,4,fixed_equal,9.8186,8.0,23.5,35.0,2.2193,8,811.2,2,339
balanced,0.6,769.0,4,fixed_webster,9.7463,9.5,21.0,29.0,2.2233,8,818.4,0,339
balanced,0.6,769.0,5,relay,5.9783,6.0,13.0,17.0,1.375,6,825.6,2,345
balanced,0.6,769.0,5,fixed_equal,11.0696,10.5,23.5,24.5,2.5563,8,823.2,5,345
balanced,0.6,769.0,5,fixed_webster,9.9957,9.5,21.0,22.0,2.2997,9,818.4,5,345
balanced,0.6,769.0,6,relay,6.2455,6.0,14.0,23.5,1.3823,7,794.4,1,332
balanced,0.6,769.0,6,fixed_equal,10.613,10.0,23.5,27.0,2.349,10,789.6,3,332
balanced,0.6,769.0,6,fixed_webster,10.2364,10.0,21.0,24.5,2.267,8,794.4,3,332
balanced,0.6,769.0,7,relay,5.5369,6.0,11.5,16.5,1.1583,6,753.6,0,312
balanced,0.6,769.0,7,fixed_equal,10.609,9.0,23.5,25.5,2.2077,9,746.4,3,312
balanced,0.6,769.0,7,fixed_webster,10.3686,10.0,21.0,23.0,2.178,8,751.2,1,312
balanced,0.6,769.0,8,relay,5.8676,6.0,13.0,17.5,1.2557,6,768.0,1,321
balanced,0.6,769.0,8,fixed_equal,9.8816,8.5,23.5,25.5,2.1343,10,775.2,1,321
balanced,0.6,769.0,8,fixed_webster,9.8069,8.5,21.0,23.0,2.1,9,772.8,1,321
balanced,0.6,769.0,9,relay,5.9826,6.0,13.0,18.0,1.2603,5,756.0,2,316
balanced,0.6,769.0,9,fixed_equal,9.9589,9.0,22.5,24.0,2.1067,8,763.2,3,316
balanced,0.6,769.0,9,fixed_webster,10.4684,10.5,21.0,22.5,2.2267,9,756.0,3,316
balanced,0.6,769.0,10,relay,6.1125,6.0,13.0,17.5,1.2743,6,751.2,0,311
balanced,0.6,769.0,10,fixed_equal,10.672,9.5,23.5,25.5,2.2237,9,748.8,1,311
balanced,0.6,769.0,10,fixed_webster,10.1849,10.5,21.0,28.5,2.123,8,746.4,2,311
balanced,0.6,769.0,11,relay,6.1392,6.0,13.5,21.0,1.3697,7,794.4,4,334
balanced,0.6,769.0,11,fixed_equal,9.7141,8.0,23.5,25.5,2.174,8,799.2,3,334
balanced,0.6,769.0,11,fixed_webster,9.6662,9.0,21.0,27.5,2.154,9,792.0,6,334
balanced,0.6,769.0,12,relay,6.0549,6.0,14.0,20.0,1.2967,6,770.4,0,319
balanced,0.6,769.0,12,fixed_equal,9.8542,8.0,23.5,25.0,2.1063,9,768.0,1,319
balanced,0.6,769.0,12,fixed_webster,10.3966,11.0,21.0,29.0,2.225,9,772.8,1,319
balanced,0.6,769.0,13,relay,6.0413,6.0,13.0,20.0,1.3243,7,789.6,0,327
balanced,0.6,769.0,13,fixed_equal,10.0,9.0,23.0,24.5,2.2027,7,789.6,0,327
balanced,0.6,769.0,13,fixed_webster,10.5183,10.5,21.0,24.0,2.3063,8,792.0,0,327
balanced,0.6,769.0,14,relay,5.9871,6.0,13.5,28.0,1.392,7,830.4,4,348
balanced,0.6,769.0,14,fixed_equal,10.5345,9.0,23.5,41.0,2.4483,10,830.4,5,348
balanced,0.6,769.0,14,fixed_webster,9.6695,8.5,21.0,37.5,2.276,9,832.8,4,348
balanced,0.6,769.0,15,relay,6.2477,6.0,13.0,19.5,1.3557,8,775.2,2,321
balanced,0.6,769.0,15,fixed_equal,10.9143,10.5,23.5,25.0,2.3927,10,792.0,1,321
balanced,0.6,769.0,15,fixed_webster,9.5857,9.0,21.0,26.0,2.104,9,784.8,3,321
balanced,0.6,769.0,16,relay,6.2847,6.0,13.5,18.0,1.512,7,861.6,2,360
balanced,0.6,769.0,16,fixed_equal,10.7111,10.5,23.5,24.5,2.5817,10,864.0,2,360
balanced,0.6,769.0,16,fixed_webster,9.95,10.0,21.0,23.0,2.3993,10,861.6,3,360
balanced,0.6,769.0,17,relay,6.1317,6.0,13.0,18.0,1.443,7,847.2,0,353
balanced,0.6,769.0,17,fixed_equal,12.0297,13.0,23.5,25.5,2.831,11,847.2,0,353
balanced,0.6,769.0,17,fixed_webster,9.9178,10.0,21.0,25.5,2.3373,8,852.0,1,353
balanced,0.6,769.0,18,relay,6.7485,6.0,15.0,25.5,1.5387,9,818.4,1,342
balanced,0.6,769.0,18,fixed_equal,11.0249,10.5,23.5,26.0,2.5137,9,811.2,4,342
balanced,0.6,769.0,18,fixed_webster,10.098,9.5,21.0,32.5,2.3023,10,820.8,1,342
balanced,0.6,769.0,19,relay,5.6609,6.0,12.5,16.5,1.1963,6,756.0,2,317
balanced,0.6,769.0,19,fixed_equal,10.4748,9.5,23.5,25.5,2.224,9,751.2,5,317
balanced,0.6,769.0,19,fixed_webster,9.0268,8.0,21.0,21.5,1.9103,7,756.0,4,317
balanced,0.6,769.0,20,relay,6.1607,6.0,13.0,18.5,1.2527,8,727.2,2,305
balanced,0.6,769.0,20,fixed_equal,9.8443,8.5,23.0,25.0,2.0017,8,727.2,2,305
balanced,0.6,769.0,20,fixed_webster,9.8393,8.5,21.0,22.5,2.0013,7,727.2,3,305
balanced,0.6,769.0,21,relay,6.6729,6.0,14.0,19.0,1.436,9,775.2,1,321
balanced,0.6,769.0,21,fixed_equal,10.8832,10.0,23.5,25.5,2.3533,14,775.2,2,321
balanced,0.6,769.0,21,fixed_webster,10.0607,9.5,21.0,23.0,2.1663,10,775.2,1,321
balanced,0.6,769.0,22,relay,6.0285,6.0,14.0,17.0,1.2713,6,760.8,0,316
balanced,0.6,769.0,22,fixed_equal,10.3766,9.0,23.5,25.0,2.1967,8,756.0,2,316
balanced,0.6,769.0,22,fixed_webster,9.8513,9.5,21.0,28.0,2.076,8,751.2,4,316
balanced,0.6,769.0,23,relay,6.2009,6.0,13.0,18.0,1.4097,7,813.6,2,341
balanced,0.6,769.0,23,fixed_equal,10.8094,10.0,23.5,25.5,2.4573,10,813.6,2,341
balanced,0.6,769.0,23,fixed_webster,9.9501,9.5,21.0,22.5,2.2627,7,813.6,3,341
balanced,0.6,769.0,24,relay,5.5887,6.0,12.5,19.0,1.095,6,703.2,1,293
balanced,0.6,769.0,24,fixed_equal,10.302,9.5,23.5,25.0,2.0237,8,708.0,1,293
balanced,0.6,769.0,24,fixed_webster,9.0427,8.5,20.5,22.5,1.7783,7,708.0,1,293
balanced,0.6,769.0,25,relay,5.6933,6.0,12.0,15.5,1.2447,5,789.6,0,326
balanced,0.6,769.0,25,fixed_equal,10.2025,9.5,23.5,25.0,2.2387,7,780.0,3,326
balanced,0.6,769.0,25,fixed_webster,9.3696,8.5,21.0,23.0,2.058,9,792.0,0,326
balanced,0.6,769.0,26,relay,6.5383,6.0,13.5,20.0,1.263,6,698.4,1,287
balanced,0.6,769.0,26,fixed_equal,11.1237,11.0,23.5,34.0,2.163,9,700.8,1,287
balanced,0.6,769.0,26,fixed_webster,10.1655,10.0,21.0,33.5,1.9637,9,698.4,2,287
balanced,0.6,769.0,27,relay,6.2972,6.0,13.5,17.5,1.3393,7,770.4,0,318
balanced,0.6,769.0,27,fixed_equal,9.8632,8.5,23.0,24.5,2.1117,9,765.6,1,318
balanced,0.6,769.0,27,fixed_webster,10.1368,10.0,21.0,23.0,2.1573,8,770.4,2,318
balanced,0.6,769.0,28,relay,5.8267,6.0,12.5,15.5,1.2843,7,796.8,0,329
balanced,0.6,769.0,28,fixed_equal,10.8222,10.5,23.5,24.5,2.3897,8,801.6,1,329
balanced,0.6,769.0,28,fixed_webster,9.1064,8.5,21.0,23.0,2.0093,7,789.6,3,329
balanced,0.6,769.0,29,relay,6.0887,6.0,13.5,19.0,1.334,8,787.2,2,327
balanced,0.6,769.0,29,fixed_equal,10.263,9.0,23.5,24.0,2.2523,9,789.6,2,327
balanced,0.6,769.0,29,fixed_webster,10.4144,10.0,21.0,29.0,2.3057,11,792.0,2,327
balanced,0.8,1025.3,0,relay,6.5859,6.0,14.0,20.0,1.8397,9,988.8,7,419
balanced,0.8,1025.3,0,fixed_equal,10.4511,9.0,23.5,26.5,2.93,10,991.2,7,419
balanced,0.8,1025.3,0,fixed_webster,10.3234,9.0,21.0,33.5,2.887,12,986.4,11,419
balanced,0.8,1025.3,1,relay,6.6433,6.0,15.0,22.5,1.9483,8,1053.6,1,436
balanced,0.8,1025.3,1,fixed_equal,10.3865,9.5,23.5,28.0,3.0447,11,1056.0,2,436
balanced,0.8,1025.3,1,fixed_webster,10.6881,10.5,21.0,28.5,3.1297,11,1051.2,3,436
balanced,0.8,1025.3,2,relay,6.4029,6.0,13.5,17.5,1.7737,7,991.2,2,412
balanced,0.8,1025.3,2,fixed_equal,11.0546,10.5,23.5,25.5,3.048,8,991.2,2,412
balanced,0.8,1025.3,2,fixed_webster,10.0534,9.5,21.0,26.5,2.7847,9,986.4,4,412
balanced,0.8,1025.3,3,relay,6.8097,6.0,15.0,22.5,2.0157,8,1060.8,2,444
balanced,0.8,1025.3,3,fixed_equal,10.643,10.0,23.5,26.5,3.1717,12,1065.6,2,444
balanced,0.8,1025.3,3,fixed_webster,10.509,10.5,21.0,31.0,3.116,10,1065.6,4,444
balanced,0.8,1025.3,4,relay,6.5854,6.0,13.5,22.5,1.98,7,1080.0,2,451
balanced,0.8,1025.3,4,fixed_equal,11.3248,11.5,23.5,25.5,3.427,10,1080.0,3,451
balanced,0.8,1025.3,4,fixed_webster,10.8814,11.0,21.0,31.5,3.2743,10,1080.0,3,451
balanced,0.8,1025.3,5,relay,6.5437,6.0,14.0,19.0,1.9587,7,1075.2,1,446
balanced,0.8,1025.3,5,fixed_equal,10.4383,9.5,23.5,25.0,3.1297,11,1082.4,1,446
balanced,0.8,1025.3,5,fixed_webster,10.2724,10.0,21.0,35.0,3.0673,9,1068.0,5,446
balanced,0.8,1025.3,6,relay,6.9465,6.0,15.5,22.5,2.083,10,1075.2,2,449
balanced,0.8,1025.3,6,fixed_equal,11.4766,11.5,23.5,33.0,3.437,14,1072.8,4,449
balanced,0.8,1025.3,6,fixed_webster,10.6347,10.5,21.0,37.5,3.1967,13,1077.6,3,449
balanced,0.8,1025.3,7,relay,6.5181,6.0,14.0,19.0,1.921,9,1063.2,0,441
balanced,0.8,1025.3,7,fixed_equal,11.1463,10.0,23.5,28.0,3.2983,10,1058.4,2,441
balanced,0.8,1025.3,7,fixed_webster,10.085,9.5,21.0,30.5,2.9663,11,1058.4,2,441
balanced,0.8,1025.3,8,relay,6.8991,6.0,15.5,23.5,1.9653,9,1027.2,0,426
balanced,0.8,1025.3,8,fixed_equal,10.3169,9.0,23.5,26.5,2.9513,12,1027.2,0,426
balanced,0.8,1025.3,8,fixed_webster,10.7195,10.5,21.0,30.0,3.0527,11,1029.6,2,426
balanced,0.8,1025.3,9,relay,6.8834,6.0,15.5,22.5,1.9783,8,1024.8,4,429
balanced,0.8,1025.3,9,fixed_equal,11.4417,11.0,23.5,28.5,3.29,12,1039.2,2,429
balanced,0.8,1025.3,9,fixed_webster,10.2494,10.0,21.0,29.0,2.9533,11,1024.8,6,429
balanced,0.8,1025.3,10,relay,6.0656,6.0,14.0,19.0,1.639,7,969.6,2,404
balanced,0.8,1025.3,10,fixed_equal,10.7921,10.5,23.5,24.0,2.919,11,964.8,5,404
balanced,0.8,1025.3,10,fixed_webster,10.2698,10.0,21.0,24.5,2.78,9,967.2,5,404
balanced,0.8,1025.3,11,relay,6.8916,6.0,15.5,23.5,2.041,8,1065.6,1,443
balanced,0.8,1025.3,11,fixed_equal,10.8488,10.0,23.5,28.0,3.2163,12,1065.6,2,443
balanced,0.8,1025.3,11,fixed_webster,10.8093,10.5,21.0,30.5,3.1957,11,1063.2,3,443
balanced,0.8,1025.3,12,relay,6.42,6.0,13.5,25.0,1.8607,8,1036.8,2,431
balanced,0.8,1025.3,12,fixed_equal,11.7668,11.5,23.5,26.5,3.3943,12,1036.8,2,431
balanced,0.8,1025.3,12,fixed_webster,11.1508,11.0,21.0,38.5,3.233,13,1044.0,2,431
balanced,0.8,1025.3,13,relay,7.0562,6.5,14.0,20.5,2.0627,9,1053.6,0,436
balanced,0.8,1025.3,13,fixed_equal,11.2569,10.0,23.5,34.5,3.3053,13,1053.6,0,436
balanced,0.8,1025.3,13,fixed_webster,10.9495,11.0,21.5,36.5,3.196,10,1051.2,2,436
balanced,0.8,1025.3,14,relay,6.6562,6.0,14.0,19.5,1.9183,8,1034.4,2,432
balanced,0.8,1025.3,14,fixed_equal,11.1227,10.5,23.5,30.0,3.2167,9,1034.4,4,432
balanced,0.8,1025.3,14,fixed_webster,10.2512,9.5,21.0,30.5,2.963,9,1032.0,4,432
balanced,0.8,1025.3,15,relay,6.6959,6.0,14.0,18.5,2.0347,12,1060.8,3,434
balanced,0.8,1025.3,15,fixed_equal,10.6728,9.5,23.5,28.0,3.1997,16,1068.0,5,434
balanced,0.8,1025.3,15,fixed_webster,11.068,11.0,21.0,31.5,3.2473,10,1053.6,5,434
balanced,0.8,1025.3,16,relay,7.5639,7.5,15.0,23.0,2.3463,10,1108.8,4,462
balanced,0.8,1025.3,16,fixed_equal,10.2955,9.0,23.5,34.5,3.186,11,1108.8,4,462
balanced,0.8,1025.3,16,fixed_webster,10.5649,10.0,21.0,36.5,3.2893,12,1108.8,5,462
balanced,0.8,1025.3,17,relay,6.7363,6.5,14.0,19.5,2.0433,8,1082.4,4,455
balanced,0.8,1025.3,17,fixed_equal,11.0769,10.5,23.5,26.5,3.36,12,1080.0,5,455
balanced,0.8,1025.3,17,fixed_webster,10.5055,10.0,21.0,23.5,3.1893,10,1082.4,6,455
balanced,0.8,1025.3,18,relay,7.0252,6.5,15.5,26.5,2.1403,10,1089.6,3,457
balanced,0.8,1025.3,18,fixed_equal,10.9956,11.5,23.5,26.5,3.35,13,1089.6,3,457
balanced,0.8,1025.3,18,fixed_webster,9.9825,9.0,21.0,40.0,3.042,10,1082.4,7,457
balanced,0.8,1025.3,19,relay,6.6915,6.0,14.0,19.0,1.887,7,1012.8,1,423
balanced,0.8,1025.3,19,fixed_equal,10.3452,9.0,23.5,25.5,2.9177,11,1012.8,2,423
balanced,0.8,1025.3,19,fixed_webster,10.169,10.0,21.0,35.5,2.8677,8,1010.4,2,423
balanced,0.8,1025.3,20,relay,6.7531,6.0,14.5,19.5,1.7987,8,957.6,1,399
balanced,0.8,1025.3,20,fixed_equal,11.1892,10.5,23.5,25.5,2.9763,11,943.2,6,399
balanced,0.8,1025.3,20,fixed_webster,10.5501,10.5,21.0,37.5,2.819,11,962.4,2,399
balanced,0.8,1025.3,21,relay,7.3712,6.5,16.5,22.5,2.2767,14,1108.8,2,462
balanced,0.8,1025.3,21,fixed_equal,11.0173,10.5,23.5,27.0,3.41,12,1118.4,2,462
balanced,0.8,1025.3,21,fixed_webster,10.9903,10.5,22.5,30.5,3.3983,14,1099.2,7,462
balanced,0.8,1025.3,22,relay,6.2357,6.0,13.5,19.0,1.82,7,1048.8,1,437
balanced,0.8,1025.3,22,fixed_equal,10.7403,10.5,23.5,25.0,3.1523,9,1048.8,4,437
balanced,0.8,1025.3,22,fixed_webster,10.8284,11.5,21.0,29.5,3.1683,9,1056.0,1,437
balanced,0.8,1025.3,23,relay,6.9261,6.0,14.5,29.0,2.1297,9,1087.2,9,460
balanced,0.8,1025.3,23,fixed_equal,11.4087,11.0,23.5,47.5,3.4997,13,1080.0,12,460
balanced,0.8,1025.3,23,fixed_webster,10.6054,10.0,21.0,29.5,3.265,12,1084.8,12,460
balanced,0.8,1025.3,24,relay,6.491,6.0,13.5,21.0,1.6963,9,940.8,1,391
balanced,0.8,1025.3,24,fixed_equal,11.2532,11.0,23.5,26.0,2.947,9,940.8,4,391
balanced,0.8,1025.3,24,fixed_webster,10.2327,9.5,21.0,35.0,2.71,9,948.0,2,391
balanced,0.8,1025.3,25,relay,6.9863,6.0,15.0,19.5,2.0407,7,1051.2,1,438
balanced,0.8,1025.3,25,fixed_equal,10.347,9.0,23.5,25.0,3.043,11,1056.0,1,438
balanced,0.8,1025.3,25,fixed_webster,10.2215,10.0,21.0,31.5,2.988,10,1053.6,2,438
balanced,0.8,1025.3,26,relay,6.687,6.0,13.5,21.5,1.7797,8,955.2,1,393
balanced,0.8,1025.3,26,fixed_equal,10.8766,10.5,23.5,26.0,2.8983,11,962.4,3,393
balanced,0.8,1025.3,26,fixed_webster,9.916,9.5,21.0,30.0,2.65,10,957.6,3,393
balanced,0.8,1025.3,27,relay,6.9463,6.0,15.5,19.5,1.9427,9,1010.4,0,419
balanced,0.8,1025.3,27,fixed_equal,10.4952,10.0,23.5,25.5,2.9547,10,1010.4,1,419
balanced,0.8,1025.3,27,fixed_webster,10.9905,11.5,21.0,30.0,3.08,10,1015.2,0,419
balanced,0.8,1025.3,28,relay,6.7725,6.0,15.0,23.5,2.067,10,1092.0,4,455
balanced,0.8,1025.3,28,fixed_equal,10.8121,10.5,23.5,38.5,3.303,11,1082.4,8,455
balanced,0.8,1025.3,28,fixed_webster,10.6077,10.5,21.0,35.0,3.2447,10,1089.6,8,455
balanced,0.8,1025.3,29,relay,6.5716,6.0,13.5,19.0,1.911,8,1044.0,1,433
balanced,0.8,1025.3,29,fixed_equal,11.0612,10.0,23.5,30.0,3.2403,12,1041.6,3,433
balanced,0.8,1025.3,29,fixed_webster,11.306,12.0,21.0,30.0,3.28,11,1041.6,5,433
balanced,1.0,1281.6,0,relay,7.0742,6.5,16.5,22.5,2.4147,9,1216.8,5,512
balanced,1.0,1281.6,0,fixed_equal,11.1729,11.0,23.5,27.5,3.8243,12,1216.8,6,512
balanced,1.0,1281.6,0,fixed_webster,11.1025,11.0,21.5,34.0,3.7923,15,1209.6,11,512
balanced,1.0,1281.6,1,relay,7.9556,7.5,16.0,25.5,2.873,9,1293.6,3,541
balanced,1.0,1281.6,1,fixed_equal,11.5046,11.0,23.5,37.0,4.1653,12,1303.2,3,541
balanced,1.0,1281.6,1,fixed_webster,11.1423,11.0,22.0,35.5,4.0517,13,1298.4,5,541
balanced,1.0,1281.6,2,relay,7.7347,7.0,16.5,23.5,2.6927,10,1255.2,1,522
balanced,1.0,1281.6,2,fixed_equal,12.0019,12.0,23.5,27.0,4.2123,12,1250.4,5,522
balanced,1.0,1281.6,2,fixed_webster,10.9971,11.0,21.0,33.0,3.8383,13,1250.4,5,522
balanced,1.0,1281.6,3,relay,7.4403,6.5,15.5,21.0,2.6607,11,1286.4,2,536
balanced,1.0,1281.6,3,fixed_equal,11.3162,10.5,23.5,30.0,4.0763,12,1276.8,7,536
balanced,1.0,1281.6,3,fixed_webster,10.7425,10.5,21.0,37.0,3.847,13,1288.8,4,536
balanced,1.0,1281.6,4,relay,7.4625,6.5,16.0,21.5,2.724,8,1315.2,1,547
balanced,1.0,1281.6,4,fixed_equal,11.3035,11.0,23.5,34.5,4.1337,10,1315.2,2,547
balanced,1.0,1281.6,4,fixed_webster,11.3464,11.5,21.5,34.0,4.1537,11,1317.6,3,547
balanced,1.0,1281.6,5,relay,7.8253,7.5,16.5,22.0,2.9363,10,1351.2,1,561
balanced,1.0,1281.6,5,fixed_equal,11.2647,11.0,23.5,32.5,4.2383,12,1341.6,7,561
balanced,1.0,1281.6,5,fixed_webster,11.1471,10.5,21.5,39.0,4.1807,11,1348.8,4,561
balanced,1.0,1281.6,6,relay,7.5842,6.5,17.0,32.5,2.8267,10,1332.0,5,558
balanced,1.0,1281.6,6,fixed_equal,11.8011,11.5,24.0,46.0,4.3943,15,1336.8,5,558
balanced,1.0,1281.6,6,fixed_webster,11.6514,11.0,22.5,41.0,4.359,14,1339.2,5,558
balanced,1.0,1281.6,7,relay,7.3467,7.0,15.5,21.0,2.6357,10,1293.6,1,538
balanced,1.0,1281.6,7,fixed_equal,11.224,11.0,23.5,32.0,4.047,12,1284.0,5,538
balanced,1.0,1281.6,7,fixed_webster,10.8504,10.5,22.0,32.5,3.8933,11,1291.2,2,538
balanced,1.0,1281.6,8,relay,7.5716,7.0,16.5,25.0,2.6983,11,1276.8,3,531
balanced,1.0,1281.6,8,fixed_equal,12.0273,11.5,24.0,46.5,4.293,13,1276.8,5,531
balanced,1.0,1281.6,8,fixed_webster,11.2919,11.0,22.5,36.5,4.0327,12,1281.6,5,531
balanced,1.0,1281.6,9,relay,7.7114,7.0,16.0,26.0,2.7803,9,1293.6,2,537
balanced,1.0,1281.6,9,fixed_equal,11.3389,11.0,23.5,30.5,4.0837,12,1286.4,6,537
balanced,1.0,1281.6,9,fixed_webster,11.2886,11.0,22.0,34.0,4.0547,11,1286.4,4,537
balanced,1.0,1281.6,10,relay,7.496,7.0,15.5,22.5,2.5327,8,1204.8,5,506
balanced,1.0,1281.6,10,fixed_equal,11.1186,10.0,23.5,28.0,3.763,11,1202.4,8,506
balanced,1.0,1281.6,10,fixed_webster,10.833,10.0,21.0,37.5,3.6713,11,1219.2,3,506
balanced,1.0,1281.6,11,relay,7.7923,7.0,17.5,26.0,2.859,11,1317.6,4,549
balanced,1.0,1281.6,11,fixed_equal,11.0701,10.0,23.5,29.0,4.0733,12,1308.0,8,549
balanced,1.0,1281.6,11,fixed_webster,11.4991,11.0,22.5,37.5,4.2247,14,1308.0,9,549
balanced,1.0,1281.6,12,relay,7.8945,7.0,17.0,23.5,2.908,11,1315.2,5,550
balanced,1.0,1281.6,12,fixed_equal,11.8109,11.0,23.5,28.5,4.3667,12,1317.6,6,550
balanced,1.0,1281.6,12,fixed_webster,11.9518,12.5,22.5,35.5,4.4177,12,1315.2,10,550
balanced,1.0,1281.6,13,relay,7.9559,7.5,16.0,26.5,2.8893,11,1303.2,3,544
balanced,1.0,1281.6,13,fixed_equal,11.693,11.5,23.5,37.0,4.2723,13,1305.6,4,544
balanced,1.0,1281.6,13,fixed_webster,11.5285,11.5,22.5,33.0,4.2173,13,1305.6,7,544
balanced,1.0,1281.6,14,relay,7.3858,7.0,15.5,24.0,2.6537,9,1293.6,1,534
balanced,1.0,1281.6,14,fixed_equal,11.2303,11.0,23.5,35.5,4.0507,14,1298.4,2,534
balanced,1.0,1281.6,14,fixed_webster,11.294,11.0,21.0,38.0,4.0623,14,1291.2,4,534
balanced,1.0,1281.6,15,relay,7.5394,6.5,17.5,25.5,2.7387,11,1296.0,2,533
balanced,1.0,1281.6,15,fixed_equal,10.7486,10.0,23.5,31.5,3.9567,17,1308.0,5,533
balanced,1.0,1281.6,15,fixed_webster,11.4925,11.0,22.5,41.0,4.2293,15,1308.0,3,533
balanced,1.0,1281.6,16,relay,7.7993,7.5,15.5,22.0,2.9347,8,1346.4,4,563
balanced,1.0,1281.6,16,fixed_equal,11.1146,10.0,23.5,26.0,4.19,11,1346.4,7,563
balanced,1.0,1281.6,16,fixed_webster,11.1066,10.5,22.0,36.0,4.2067,14,1341.6,11,563
balanced,1.0,1281.6,17,relay,8.2034,7.5,18.0,29.5,3.0517,13,1334.4,2,558
balanced,1.0,1281.6,17,fixed_equal,11.8692,11.0,24.5,45.0,4.4187,14,1339.2,4,558
balanced,1.0,1281.6,17,fixed_webster,11.8862,11.5,22.5,46.5,4.435,13,1327.2,8,558
balanced,1.0,1281.6,18,relay,7.4303,6.0,17.0,30.0,2.7023,11,1310.4,0,545
balanced,1.0,1281.6,18,fixed_equal,11.1578,11.0,23.5,30.0,4.0647,14,1308.0,1,545
balanced,1.0,1281.6,18,fixed_webster,11.456,11.5,21.0,35.0,4.163,13,1296.0,6,545
balanced,1.0,1281.6,19,relay,7.4857,6.5,15.5,24.0,2.625,9,1252.8,4,526
balanced,1.0,1281.6,19,fixed_equal,11.1502,10.5,23.5,32.5,3.911,12,1257.6,4,526
balanced,1.0,1281.6,19,fixed_webster,11.4163,10.5,21.0,38.5,4.0033,12,1243.2,8,526
balanced,1.0,1281.6,20,relay,7.424,6.5,15.5,22.5,2.5453,10,1233.6,3,513
balanced,1.0,1281.6,20,fixed_equal,11.2778,10.5,23.5,34.5,3.881,13,1216.8,10,513
balanced,1.0,1281.6,20,fixed_webster,10.425,10.0,22.0,31.5,3.5843,11,1231.2,6,513
balanced,1.0,1281.6,21,relay,7.7897,7.0,18.5,26.5,2.894,12,1334.4,2,554
balanced,1.0,1281.6,21,fixed_equal,11.2455,10.5,23.5,32.5,4.189,15,1329.6,6,554
balanced,1.0,1281.6,21,fixed_webster,11.8231,11.5,23.5,37.5,4.4077,18,1341.6,4,554
balanced,1.0,1281.6,22,relay,7.7371,7.0,16.0,22.5,2.814,10,1310.4,1,542
balanced,1.0,1281.6,22,fixed_equal,11.6697,11.5,23.5,27.0,4.253,12,1305.6,3,542
balanced,1.0,1281.6,22,fixed_webster,10.8755,10.5,21.0,28.0,3.9847,10,1317.6,2,542
balanced,1.0,1281.6,23,relay,7.6779,6.5,16.5,28.0,2.9003,12,1351.2,4,565
balanced,1.0,1281.6,23,fixed_equal,12.0717,11.5,23.5,42.0,4.559,14,1346.4,8,565
balanced,1.0,1281.6,23,fixed_webster,11.7566,11.5,22.0,38.5,4.4403,12,1348.8,6,565
balanced,1.0,1281.6,24,relay,6.7547,6.0,14.5,22.5,2.1803,10,1161.6,2,483
balanced,1.0,1281.6,24,fixed_equal,11.352,10.5,23.5,38.5,3.6887,11,1166.4,2,483
balanced,1.0,1281.6,24,fixed_webster,10.3489,10.5,21.0,38.0,3.3363,13,1159.2,4,483
balanced,1.0,1281.6,25,relay,7.4494,7.0,16.5,25.0,2.705,10,1305.6,2,544
balanced,1.0,1281.6,25,fixed_equal,11.3925,11.0,23.5,34.0,4.1333,13,1300.8,4,544
balanced,1.0,1281.6,25,fixed_webster,11.1783,11.0,22.0,37.0,4.0573,13,1308.0,2,544
balanced,1.0,1281.6,26,relay,6.7564,6.0,15.0,19.5,2.302,9,1216.8,3,505
balanced,1.0,1281.6,26,fixed_equal,11.4931,10.5,23.5,37.0,3.9043,11,1216.8,6,505
balanced,1.0,1281.6,26,fixed_webster,10.8446,11.0,21.5,28.5,3.6957,11,1219.2,6,505
balanced,1.0,1281.6,27,relay,7.6203,7.0,17.0,29.0,2.733,12,1291.2,1,536
balanced,1.0,1281.6,27,fixed_equal,11.5065,11.0,23.5,30.5,4.1373,12,1288.8,4,536
balanced,1.0,1281.6,27,fixed_webster,10.1334,9.5,21.0,32.5,3.64,12,1288.8,5,536
balanced,1.0,1281.6,28,relay,7.1685,6.0,16.0,23.5,2.6617,13,1334.4,2,552
balanced,1.0,1281.6,28,fixed_equal,11.6594,12.0,23.5,29.5,4.345,15,1339.2,4,552
balanced,1.0,1281.6,28,fixed_webster,11.0127,11.0,21.0,36.0,4.087,15,1324.8,8,552
balanced,1.0,1281.6,29,relay,7.8104,7.0,16.5,20.5,2.8523,11,1312.8,1,546
balanced,1.0,1281.6,29,fixed_equal,11.0678,11.0,23.5,33.5,4.037,12,1308.0,5,546
balanced,1.0,1281.6,29,fixed_webster,10.9991,10.5,21.0,33.5,4.0263,12,1308.0,4,546
balanced,1.2,1537.9,0,relay,7.9975,7.5,18.0,23.5,3.2487,11,1456.8,3,608
balanced,1.2,1537.9,0,fixed_equal,12.7138,12.5,24.0,42.5,5.1657,14,1456.8,4,608
balanced,1.2,1537.9,0,fixed_webster,11.9622,11.5,22.5,43.5,4.856,15,1442.4,8,608
balanced,1.2,1537.9,1,relay,8.4444,7.5,18.0,29.5,3.6033,13,1533.6,2,638
balanced,1.2,1537.9,1,fixed_equal,12.9898,13.0,25.0,39.5,5.5587,14,1526.4,7,638
balanced,1.2,1537.9,1,fixed_webster,12.2139,12.0,23.5,46.5,5.228,15,1533.6,3,638
balanced,1.2,1537.9,2,relay,8.5833,8.5,17.5,24.5,3.6523,10,1514.4,8,636
balanced,1.2,1537.9,2,fixed_equal,11.4583,11.5,23.5,29.0,4.8813,13,1519.2,9,636
balanced,1.2,1537.9,2,fixed_webster,11.5763,11.5,22.0,29.0,4.9387,13,1521.6,7,636
balanced,1.2,1537.9,3,relay,8.0593,7.5,17.0,25.0,3.4943,13,1552.8,4,649
balanced,1.2,1537.9,3,fixed_equal,11.7804,12.0,23.5,27.5,5.1093,17,1548.0,7,649
balanced,1.2,1537.9,3,fixed_webster,10.4245,9.5,21.5,31.5,4.5337,16,1550.4,6,649
balanced,1.2,1537.9,4,relay,8.0979,7.5,17.5,27.5,3.421,13,1514.4,3,633
balanced,1.2,1537.9,4,fixed_equal,11.8981,11.5,23.5,30.5,5.032,15,1516.8,3,633
balanced,1.2,1537.9,4,fixed_webster,12.5024,12.5,22.5,38.0,5.2833,15,1507.2,6,633
balanced,1.2,1537.9,5,relay,8.264,7.5,18.5,23.0,3.6657,11,1588.8,4,661
balanced,1.2,1537.9,5,fixed_equal,11.4312,10.5,23.5,31.0,5.0677,13,1591.2,6,661
balanced,1.2,1537.9,5,fixed_webster,10.9955,11.0,21.5,35.0,4.872,13,1588.8,5,661
balanced,1.2,1537.9,6,relay,8.9227,8.0,20.0,34.0,3.944,13,1588.8,2,660
balanced,1.2,1537.9,6,fixed_equal,11.7606,10.5,24.0,36.5,5.2017,14,1586.4,4,660
balanced,1.2,1537.9,6,fixed_webster,12.8121,13.5,26.0,45.5,5.654,15,1576.8,6,660
balanced,1.2,1537.9,7,relay,7.7177,7.0,17.5,22.5,3.2623,10,1516.8,3,634
balanced,1.2,1537.9,7,fixed_equal,11.3107,10.5,23.5,30.0,4.781,13,1514.4,4,634
balanced,1.2,1537.9,7,fixed_webster,11.3344,11.5,21.5,30.5,4.7907,14,1512.0,5,634
balanced,1.2,1537.9,8,relay,8.6122,8.0,19.0,30.0,3.688,11,1531.2,5,637
balanced,1.2,1537.9,8,fixed_equal,11.7323,11.5,24.0,38.5,5.0453,14,1533.6,7,637
balanced,1.2,1537.9,8,fixed_webster,12.1146,12.0,23.0,40.0,5.198,17,1526.4,8,637
balanced,1.2,1537.9,9,relay,8.3395,8.0,17.5,25.0,3.617,11,1557.6,3,648
balanced,1.2,1537.9,9,fixed_equal,12.1636,12.0,24.0,40.5,5.2897,15,1552.8,6,648
balanced,1.2,1537.9,9,fixed_webster,12.3256,12.5,23.5,47.0,5.365,14,1560.0,4,648
balanced,1.2,1537.9,10,relay,8.7314,8.0,18.0,27.0,3.609,11,1488.0,1,618
balanced,1.2,1537.9,10,fixed_equal,12.4345,12.0,24.0,36.0,5.138,14,1483.2,4,618
balanced,1.2,1537.9,10,fixed_webster,11.4142,11.0,21.5,38.0,4.7107,12,1483.2,2,618
balanced,1.2,1537.9,11,relay,9.051,8.5,18.5,26.0,3.9343,13,1564.8,0,647
balanced,1.2,1537.9,11,fixed_equal,11.7968,11.0,23.5,42.5,5.148,16,1560.0,3,647
balanced,1.2,1537.9,11,fixed_webster,11.8509,11.5,22.5,37.5,5.1767,18,1564.8,2,647
balanced,1.2,1537.9,12,relay,8.7496,8.0,19.0,28.0,3.7793,11,1540.8,7,645
balanced,1.2,1537.9,12,fixed_equal,12.3791,12.5,24.0,38.5,5.3653,14,1536.0,13,645
balanced,1.2,1537.9,12,fixed_webster,12.6302,12.5,23.0,35.0,5.4573,14,1536.0,10,645
balanced,1.2,1537.9,13,relay,8.1215,7.5,16.5,24.5,3.647,11,1605.6,6,671
balanced,1.2,1537.9,13,fixed_equal,12.6766,13.0,24.5,38.0,5.691,14,1610.4,7,671
balanced,1.2,1537.9,13,fixed_webster,11.9814,11.5,23.5,40.5,5.3773,13,1598.4,9,671
balanced,1.2,1537.9,14,relay,8.3825,8.0,19.0,26.5,3.5533,12,1521.6,2,630
balanced,1.2,1537.9,14,fixed_equal,12.1429,12.0,24.0,32.5,5.1393,16,1524.0,3,630
balanced,1.2,1537.9,14,fixed_webster,12.0373,12.0,22.5,34.5,5.0877,15,1512.0,5,630
balanced,1.2,1537.9,15,relay,8.0674,7.5,17.5,25.5,3.4123,14,1497.6,4,616
balanced,1.2,1537.9,15,fixed_equal,11.9862,11.5,23.5,34.0,4.9903,15,1495.2,5,616
balanced,1.2,1537.9,15,fixed_webster,12.3344,12.0,23.0,38.0,5.1233,16,1490.4,6,616
balanced,1.2,1537.9,16,relay,9.0088,8.5,19.5,24.5,4.1403,11,1653.6,2,684
balanced,1.2,1537.9,16,fixed_equal,12.0256,11.5,23.5,38.5,5.514,14,1656.0,1,684
balanced,1.2,1537.9,16,fixed_webster,11.5439,11.5,22.5,31.0,5.3013,13,1651.2,2,684
balanced,1.2,1537.9,17,relay,8.8478,8.0,19.0,31.5,3.8163,14,1550.4,1,647
balanced,1.2,1537.9,17,fixed_equal,12.7388,13.0,25.5,38.5,5.4967,15,1552.8,3,647
balanced,1.2,1537.9,17,fixed_webster,12.5595,12.5,23.5,41.0,5.4173,14,1543.2,4,647
balanced,1.2,1537.9,18,relay,8.6817,8.0,20.0,29.5,3.711,11,1536.0,2,641
balanced,1.2,1537.9,18,fixed_equal,12.7956,12.5,24.5,41.5,5.4787,16,1526.4,6,641
balanced,1.2,1537.9,18,fixed_webster,11.7574,11.0,23.0,45.5,5.0317,12,1524.0,7,641
balanced,1.2,1537.9,19,relay,8.1568,7.5,17.5,23.5,3.5057,11,1538.4,4,644
balanced,1.2,1537.9,19,fixed_equal,11.7764,11.5,23.5,35.0,5.067,14,1540.8,4,644
balanced,1.2,1537.9,19,fixed_webster,11.2593,11.5,21.5,34.5,4.8413,14,1536.0,5,644
balanced,1.2,1537.9,20,relay,8.3995,7.5,18.5,25.5,3.5733,12,1521.6,6,637
balanced,1.2,1537.9,20,fixed_equal,11.8446,10.5,24.0,40.5,5.0573,15,1526.4,8,637
balanced,1.2,1537.9,20,fixed_webster,11.697,11.5,23.0,48.0,4.9893,14,1516.8,9,637
balanced,1.2,1537.9,21,relay,9.5561,9.0,21.5,30.0,4.1587,14,1567.2,1,651
balanced,1.2,1537.9,21,fixed_equal,13.4908,13.5,26.5,44.5,5.8913,18,1574.4,3,651
balanced,1.2,1537.9,21,fixed_webster,12.9931,12.5,28.5,44.0,5.6607,17,1557.6,7,651
balanced,1.2,1537.9,22,relay,8.5856,8.0,18.5,26.5,3.7377,11,1567.2,1,648
balanced,1.2,1537.9,22,fixed_equal,12.4637,12.0,24.0,34.5,5.4413,14,1562.4,4,648
balanced,1.2,1537.9,22,fixed_webster,11.7917,12.0,22.0,35.0,5.1467,13,1562.4,3,648
balanced,1.2,1537.9,23,relay,8.7846,8.0,20.0,27.5,3.8957,13,1584.0,6,664
balanced,1.2,1537.9,23,fixed_equal,11.7907,11.5,24.0,35.0,5.2303,12,1586.4,6,664
balanced,1.2,1537.9,23,fixed_webster,11.628,11.0,23.0,43.5,5.1547,13,1576.8,8,664
balanced,1.2,1537.9,24,relay,7.73,7.0,16.0,24.5,2.966,10,1380.0,1,574
balanced,1.2,1537.9,24,fixed_equal,11.534,11.0,23.5,41.0,4.4573,16,1380.0,4,574
balanced,1.2,1537.9,24,fixed_webster,11.162,11.0,21.5,32.5,4.3033,15,1382.4,2,574
balanced,1.2,1537.9,25,relay,8.6385,7.5,18.5,25.0,3.788,10,1572.0,4,657
balanced,1.2,1537.9,25,fixed_equal,11.6591,11.5,24.5,37.5,5.11,13,1567.2,8,657
balanced,1.2,1537.9,25,fixed_webster,11.7222,11.0,23.0,36.5,5.1343,13,1567.2,4,657
balanced,1.2,1537.9,26,relay,8.1712,7.5,18.0,23.0,3.4637,10,1519.2,4,631
balanced,1.2,1537.9,26,fixed_equal,12.7258,13.0,24.0,46.0,5.4423,14,1524.0,8,631
balanced,1.2,1537.9,26,fixed_webster,11.477,11.0,22.0,33.5,4.9293,14,1528.8,4,631
balanced,1.2,1537.9,27,relay,8.6529,8.0,19.0,27.5,3.7837,16,1576.8,1,654
balanced,1.2,1537.9,27,fixed_equal,12.7638,13.0,23.5,33.5,5.584,15,1576.8,3,654
balanced,1.2,1537.9,27,fixed_webster,11.8112,11.5,23.0,37.5,5.167,17,1572.0,3,654
balanced,1.2,1537.9,28,relay,8.2328,7.5,17.0,29.5,3.6243,11,1584.0,3,653
balanced,1.2,1537.9,28,fixed_equal,11.951,11.5,23.5,39.5,5.256,13,1579.2,5,653
balanced,1.2,1537.9,28,fixed_webster,12.2619,12.0,23.0,45.0,5.3813,13,1572.0,5,653
balanced,1.2,1537.9,29,relay,8.9176,9.0,17.5,23.0,3.8643,12,1550.4,5,649
balanced,1.2,1537.9,29,fixed_equal,11.2404,10.5,23.5,33.0,4.8717,14,1552.8,6,649
balanced,1.2,1537.9,29,fixed_webster,11.5894,11.0,22.5,36.5,5.017,14,1548.0,6,649
balanced,1.4,1794.2,0,relay,9.432,8.5,21.0,34.5,4.5003,16,1694.4,11,713
balanced,1.4,1794.2,0,fixed_equal,12.561,12.5,25.0,41.0,6.0177,15,1701.6,11,713
balanced,1.4,1794.2,0,fixed_webster,12.683,12.5,24.5,38.0,6.0767,17,1692.0,16,713
balanced,1.4,1794.2,1,relay,9.4925,9.0,21.0,31.0,4.674,13,1773.6,2,736
balanced,1.4,1794.2,1,fixed_equal,12.9273,12.0,26.5,65.0,6.3757,15,1780.8,2,736
balanced,1.4,1794.2,1,fixed_webster,13.3621,12.0,27.5,63.5,6.587,18,1759.2,8,736
balanced,1.4,1794.2,2,relay,9.7347,9.0,21.0,35.5,4.6733,14,1716.0,8,718
balanced,1.4,1794.2,2,fixed_equal,13.1288,12.5,26.0,43.0,6.301,19,1723.2,6,718
balanced,1.4,1794.2,2,fixed_webster,14.312,14.5,31.0,46.0,6.859,19,1704.0,10,718
balanced,1.4,1794.2,3,relay,9.4892,9.0,21.0,28.5,4.713,15,1780.8,5,742
balanced,1.4,1794.2,3,fixed_equal,12.8902,12.5,24.5,38.5,6.4007,18,1773.6,7,742
balanced,1.4,1794.2,3,fixed_webster,12.6934,13.0,24.0,37.0,6.3157,16,1776.0,8,742
balanced,1.4,1794.2,4,relay,9.1017,8.0,19.5,27.5,4.574,13,1780.8,12,752
balanced,1.4,1794.2,4,fixed_equal,13.3118,13.5,25.0,45.0,6.686,16,1783.2,12,752
balanced,1.4,1794.2,4,fixed_webster,13.5253,12.5,27.5,45.5,6.7983,15,1783.2,12,752
balanced,1.4,1794.2,5,relay,9.3226,8.5,19.0,30.0,4.7643,12,1826.4,6,758
balanced,1.4,1794.2,5,fixed_equal,12.3061,12.0,24.5,49.5,6.2997,15,1824.0,10,758
balanced,1.4,1794.2,5,fixed_webster,13.7355,13.0,27.0,46.0,6.992,18,1821.6,8,758
balanced,1.4,1794.2,6,relay,10.088,9.0,23.0,39.5,5.2087,17,1860.0,2,773
balanced,1.4,1794.2,6,fixed_equal,14.4107,14.0,30.0,47.0,7.451,19,1852.8,5,773
balanced,1.4,1794.2,6,fixed_webster,14.3241,14.0,31.0,43.0,7.3967,19,1852.8,4,773
balanced,1.4,1794.2,7,relay,9.0761,8.5,20.0,30.0,4.467,13,1756.8,7,736
balanced,1.4,1794.2,7,fixed_equal,12.7405,12.5,25.0,40.5,6.2747,16,1759.2,7,736
balanced,1.4,1794.2,7,fixed_webster,12.9599,13.0,24.5,43.5,6.3747,18,1759.2,7,736
balanced,1.4,1794.2,8,relay,9.5781,8.5,21.0,34.5,4.7877,14,1778.4,7,743
balanced,1.4,1794.2,8,fixed_equal,12.8102,13.0,25.5,35.5,6.4063,17,1783.2,9,743
balanced,1.4,1794.2,8,fixed_webster,12.7941,12.0,25.0,39.5,6.3787,16,1785.6,6,743
balanced,1.4,1794.2,9,relay,9.7561,9.0,20.0,38.0,4.8083,14,1778.4,1,736
balanced,1.4,1794.2,9,fixed_equal,14.108,13.5,28.5,50.0,6.9847,19,1780.8,4,736
balanced,1.4,1794.2,9,fixed_webster,14.2385,14.0,31.0,59.0,7.022,19,1773.6,4,736
balanced,1.4,1794.2,10,relay,9.5701,9.0,21.0,31.5,4.5633,14,1708.8,5,713
balanced,1.4,1794.2,10,fixed_equal,12.5245,12.5,24.0,39.0,5.9723,16,1708.8,6,713
balanced,1.4,1794.2,10,fixed_webster,12.6332,12.5,24.0,38.0,6.016,15,1701.6,7,713
balanced,1.4,1794.2,11,relay,9.3924,9.0,19.5,27.0,4.8107,14,1845.6,3,762
balanced,1.4,1794.2,11,fixed_equal,13.5282,13.0,27.0,46.0,6.9087,17,1840.8,4,762
balanced,1.4,1794.2,11,fixed_webster,13.5899,14.0,26.5,39.0,6.961,17,1831.2,7,762
balanced,1.4,1794.2,12,relay,10.0014,9.5,21.0,36.5,4.9887,14,1783.2,6,739
balanced,1.4,1794.2,12,fixed_equal,14.157,14.0,29.5,52.5,7.0187,19,1768.8,12,739
balanced,1.4,1794.2,12,fixed_webster,14.1861,13.5,29.5,49.0,7.079,16,1776.0,8,739
balanced,1.4,1794.2,13,relay,9.7238,9.5,21.0,38.5,5.1397,14,1881.6,10,791
balanced,1.4,1794.2,13,fixed_equal,14.1909,14.0,28.5,43.0,7.503,18,1896.0,8,791
balanced,1.4,1794.2,13,fixed_webster,14.0973,13.0,29.5,43.0,7.4793,18,1884.0,12,791
balanced,1.4,1794.2,14,relay,9.1836,8.5,20.5,34.5,4.4877,15,1756.8,2,730
balanced,1.4,1794.2,14,fixed_equal,13.2596,12.5,26.5,52.0,6.508,21,1761.6,6,730
balanced,1.4,1794.2,14,fixed_webster,14.137,14.0,31.5,62.0,6.9203,22,1764.0,2,730
balanced,1.4,1794.2,15,relay,9.0751,8.5,19.5,31.5,4.4297,12,1735.2,7,719
balanced,1.4,1794.2,15,fixed_equal,13.1732,13.0,28.5,43.0,6.481,19,1752.0,6,719
balanced,1.4,1794.2,15,fixed_webster,13.1648,13.0,26.5,44.5,6.5153,19,1737.6,13,719
balanced,1.4,1794.2,16,relay,9.7988,9.0,22.0,29.0,5.1177,13,1874.4,3,778
balanced,1.4,1794.2,16,fixed_equal,13.3014,13.0,25.5,43.5,6.9353,16,1867.2,6,778
balanced,1.4,1794.2,16,fixed_webster,14.0154,14.5,28.0,43.5,7.32,16,1874.4,3,778
balanced,1.4,1794.2,17,relay,9.3997,8.5,20.5,34.0,4.628,15,1768.8,3,738
balanced,1.4,1794.2,17,fixed_equal,12.5373,12.0,25.0,43.0,6.172,20,1771.2,4,738
balanced,1.4,1794.2,17,fixed_webster,12.7575,12.0,26.0,37.5,6.2767,17,1759.2,5,738
balanced,1.4,1794.2,18,relay,9.2619,8.5,19.5,31.5,4.532,12,1752.0,5,733
balanced,1.4,1794.2,18,fixed_equal,13.0553,12.5,25.0,49.0,6.401,20,1744.8,8,733
balanced,1.4,1794.2,18,fixed_webster,12.9659,12.0,27.0,61.5,6.3513,17,1742.4,10,733
balanced,1.4,1794.2,19,relay,9.3079,8.5,20.0,24.5,4.6397,13,1788.0,5,747
balanced,1.4,1794.2,19,fixed_equal,13.1807,13.0,25.5,38.5,6.5833,18,1797.6,5,747
balanced,1.4,1794.2,19,fixed_webster,12.5703,12.5,24.5,42.5,6.2647,15,1778.4,7,747
balanced,1.4,1794.2,20,relay,9.4425,9.0,21.0,27.5,4.608,12,1744.8,8,731
balanced,1.4,1794.2,20,fixed_equal,12.8427,13.0,24.5,38.0,6.274,15,1740.0,11,731
balanced,1.4,1794.2,20,fixed_webster,13.0773,13.0,25.5,42.0,6.401,16,1740.0,11,731
balanced,1.4,1794.2,21,relay,9.502,8.5,21.5,29.0,4.76,18,1790.4,6,751
balanced,1.4,1794.2,21,fixed_equal,13.6778,12.5,26.5,46.0,6.9023,22,1792.8,12,751
balanced,1.4,1794.2,21,fixed_webster,13.1911,12.5,26.0,40.5,6.6327,20,1790.4,10,751
balanced,1.4,1794.2,22,relay,9.746,9.0,21.0,28.5,4.8573,13,1788.0,5,744
balanced,1.4,1794.2,22,fixed_equal,13.1028,13.0,25.5,44.5,6.551,16,1785.6,9,744
balanced,1.4,1794.2,22,fixed_webster,13.0739,12.5,26.0,42.5,6.5213,15,1783.2,7,744
balanced,1.4,1794.2,23,relay,9.3724,8.5,21.5,34.0,4.8623,15,1860.0,6,776
balanced,1.4,1794.2,23,fixed_equal,13.7468,14.0,26.5,41.5,7.131,20,1852.8,10,776
balanced,1.4,1794.2,23,fixed_webster,13.4001,13.5,27.0,45.5,6.9827,19,1860.0,8,776
balanced,1.4,1794.2,24,relay,8.8564,8.5,18.5,30.5,3.947,12,1603.2,3,665
balanced,1.4,1794.2,24,fixed_equal,11.5842,11.0,24.0,43.5,5.167,14,1612.8,3,665
balanced,1.4,1794.2,24,fixed_webster,12.7722,13.0,25.0,43.5,5.6993,17,1596.0,6,665
balanced,1.4,1794.2,25,relay,9.6432,9.0,21.0,31.5,4.8477,13,1804.8,3,754
balanced,1.4,1794.2,25,fixed_equal,13.7228,14.0,27.5,42.5,6.9,16,1802.4,6,754
balanced,1.4,1794.2,25,fixed_webster,14.1532,14.5,29.0,42.5,7.1423,19,1802.4,7,754
balanced,1.4,1794.2,26,relay,9.2005,8.5,20.0,27.5,4.5707,13,1788.0,4,738
balanced,1.4,1794.2,26,fixed_equal,13.1924,13.0,25.5,38.5,6.5533,18,1785.6,6,738
balanced,1.4,1794.2,26,fixed_webster,13.8306,14.0,28.0,43.0,6.9097,17,1778.4,10,738
balanced,1.4,1794.2,27,relay,9.696,8.5,21.5,31.5,4.8913,15,1819.2,1,755
balanced,1.4,1794.2,27,fixed_equal,13.2066,13.5,27.0,48.5,6.6997,18,1824.0,4,755
balanced,1.4,1794.2,27,fixed_webster,13.6026,13.5,26.5,53.0,6.8923,19,1816.8,3,755
balanced,1.4,1794.2,28,relay,9.6418,9.0,21.0,29.0,5.034,13,1876.8,3,779
balanced,1.4,1794.2,28,fixed_equal,13.4166,14.0,25.5,45.0,7.0133,19,1874.4,9,779
balanced,1.4,1794.2,28,fixed_webster,14.2965,14.5,29.0,50.5,7.4843,18,1874.4,5,779
balanced,1.4,1794.2,29,relay,10.602,10.5,21.5,40.5,5.41,17,1838.4,2,765
balanced,1.4,1794.2,29,fixed_equal,13.5654,14.0,28.0,62.0,6.9297,22,1840.8,4,765
balanced,1.4,1794.2,29,fixed_webster,13.5961,12.5,30.5,58.0,6.979,25,1840.8,4,765
single,0.6,766.8,0,relay,4.8606,3.5,12.0,17.0,1.0133,6,748.8,1,312
single,0.6,766.8,0,fixed_equal,12.3061,11.5,24.0,42.0,2.56,10,746.4,2,312
single,0.6,766.8,0,fixed_webster,8.2452,6.0,20.5,35.0,1.726,7,751.2,0,312
single,0.6,766.8,1,relay,5.4569,4.5,12.5,30.0,1.1823,8,772.8,3,325
single,0.6,766.8,1,fixed_equal,13.9477,13.5,30.0,40.0,3.033,12,772.8,5,325
single,0.6,766.8,1,fixed_webster,8.6969,6.5,24.5,37.0,1.896,8,770.4,6,325
single,0.6,766.8,2,relay,4.9921,4.0,12.5,20.0,1.049,6,758.4,0,315
single,0.6,766.8,2,fixed_equal,13.7746,14.0,27.0,35.0,2.9037,11,760.8,0,315
single,0.6,766.8,2,fixed_webster,8.554,7.0,24.0,40.0,1.8073,8,758.4,0,315
single,0.6,766.8,3,relay,5.5202,5.0,13.0,19.0,1.185,7,768.0,2,321
single,0.6,766.8,3,fixed_equal,17.5031,14.0,55.5,77.5,3.7563,17,765.6,3,321
single,0.6,766.8,3,fixed_webster,9.1184,8.5,21.5,38.5,1.9623,11,772.8,0,321
single,0.6,766.8,4,relay,5.1924,5.0,11.5,20.0,1.0973,5,758.4,1,317
single,0.6,766.8,4,fixed_equal,13.8328,13.0,29.5,53.5,2.946,13,763.2,1,317
single,0.6,766.8,4,fixed_webster,9.8975,9.5,24.5,41.5,2.0917,10,758.4,1,317
single,0.6,766.8,5,relay,5.3399,5.0,11.5,22.0,1.1713,8,794.4,1,328
single,0.6,766.8,5,fixed_equal,13.9253,14.0,29.0,42.0,3.0787,10,789.6,3,328
single,0.6,766.8,5,fixed_webster,8.1997,6.0,24.5,49.0,1.817,7,789.6,2,328
single,0.6,766.8,6,relay,5.1817,5.0,11.5,15.5,1.1503,6,792.0,3,333
single,0.6,766.8,6,fixed_equal,13.6321,13.5,30.5,37.5,3.0263,11,784.8,6,333
single,0.6,766.8,6,fixed_webster,8.0285,5.5,24.5,31.5,1.7823,8,794.4,2,333
single,0.6,766.8,7,relay,5.0978,4.5,12.5,15.5,1.0803,6,763.2,0,317
single,0.6,766.8,7,fixed_equal,12.8833,12.0,24.0,40.5,2.7227,9,760.8,1,317
single,0.6,766.8,7,fixed_webster,9.1498,7.5,24.5,37.5,1.966,9,768.0,0,317
single,0.6,766.8,8,relay,5.1165,4.5,12.5,25.5,1.0983,7,772.8,0,322
single,0.6,766.8,8,fixed_equal,14.9472,15.0,39.0,66.5,3.2193,15,770.4,2,322
single,0.6,766.8,8,fixed_webster,8.9208,7.5,22.5,38.0,1.915,9,772.8,0,322
single,0.6,766.8,9,relay,5.1285,4.0,13.0,17.5,1.1047,8,770.4,3,323
single,0.6,766.8,9,fixed_equal,13.8808,12.5,32.5,49.5,2.9997,13,770.4,3,323
single,0.6,766.8,9,fixed_webster,8.5402,8.0,19.5,35.5,1.8393,8,772.8,2,323
single,0.6,766.8,10,relay,5.4632,5.5,12.5,17.0,1.19,6,784.8,0,326
single,0.6,766.8,10,fixed_equal,14.5629,15.0,33.5,43.0,3.186,12,784.8,1,326
single,0.6,766.8,10,fixed_webster,9.5215,9.0,24.5,43.0,2.0803,9,784.8,0,326
single,0.6,766.8,11,relay,5.9224,4.5,14.5,29.0,1.3227,7,801.6,1,335
single,0.6,766.8,11,fixed_equal,14.5716,13.0,32.5,49.0,3.3507,13,816.0,2,335
single,0.6,766.8,11,fixed_webster,8.7806,7.0,22.5,48.0,1.9633,9,806.4,1,335
single,0.6,766.8,12,relay,5.3202,5.5,13.0,17.5,1.1243,7,758.4,1,317
single,0.6,766.8,12,fixed_equal,17.5142,14.0,56.0,83.0,3.7013,18,756.0,2,317
single,0.6,766.8,12,fixed_webster,8.7224,7.5,23.5,39.0,1.8433,9,758.4,1,317
single,0.6,766.8,13,relay,4.8932,3.5,12.5,29.0,1.149,6,840.0,2,351
single,0.6,766.8,13,fixed_equal,17.953,16.5,41.5,53.0,4.2833,14,852.0,2,351
single,0.6,766.8,13,fixed_webster,9.416,8.5,24.5,50.0,2.2143,11,840.0,2,351
single,0.6,766.8,14,relay,5.6123,5.0,14.0,20.0,1.2547,8,804.0,1,334
single,0.6,766.8,14,fixed_equal,14.2425,14.5,27.0,43.0,3.1937,10,799.2,3,334
single,0.6,766.8,14,fixed_webster,9.1751,7.0,25.5,62.0,2.054,9,799.2,2,334
single,0.6,766.8,15,relay,5.1086,3.5,13.0,17.0,1.0843,6,760.8,1,313
single,0.6,766.8,15,fixed_equal,13.2764,12.5,28.5,39.5,2.8447,11,763.2,4,313
single,0.6,766.8,15,fixed_webster,8.2236,6.5,20.0,43.5,1.772,7,760.8,1,313
single,0.6,766.8,16,relay,5.5479,5.0,12.5,17.0,1.239,6,801.6,1,334
single,0.6,766.8,16,fixed_equal,14.5883,13.0,33.0,56.0,3.259,12,801.6,1,334
single,0.6,766.8,16,fixed_webster,8.8473,7.5,23.0,44.5,1.9817,9,804.0,1,334
single,0.6,766.8,17,relay,5.2769,4.5,12.0,22.0,1.175,6,801.6,0,334
single,0.6,766.8,17,fixed_equal,13.2126,13.5,29.0,38.0,2.942,10,796.8,2,334
single,0.6,766.8,17,fixed_webster,9.3323,8.0,25.0,39.5,2.078,11,801.6,0,334
single,0.6,766.8,18,relay,4.4338,3.5,11.5,15.0,0.8927,5,722.4,1,302
single,0.6,766.8,18,fixed_equal,12.053,12.0,23.5,28.0,2.4267,9,717.6,3,302
single,0.6,766.8,18,fixed_webster,8.654,6.0,26.5,41.0,1.7423,7,720.0,2,302
single,0.6,766.8,19,relay,5.0469,4.0,12.5,20.0,1.0767,7,768.0,0,320
single,0.6,766.8,19,fixed_equal,15.0719,14.5,35.5,48.5,3.2157,10,770.4,0,320
single,0.6,766.8,19,fixed_webster,8.5391,7.0,21.5,39.0,1.845,8,772.8,0,320
single,0.6,766.8,20,relay,5.1684,4.5,12.5,15.5,0.982,7,681.6,1,285
single,0.6,766.8,20,fixed_equal,11.886,10.5,25.0,34.0,2.2937,8,688.8,1,285
single,0.6,766.8,20,fixed_webster,8.0842,6.0,20.0,39.5,1.536,8,681.6,1,285
single,0.6,766.8,21,relay,6.4868,5.5,16.0,28.0,1.4773,11,818.4,1,340
single,0.6,766.8,21,fixed_equal,22.7588,19.5,54.0,77.0,5.1693,18,816.0,1,340
single,0.6,766.8,21,fixed_webster,9.0088,8.0,23.0,48.5,2.053,11,816.0,1,340
single,0.6,766.8,22,relay,5.5777,5.0,13.5,26.0,1.1553,7,746.4,0,309
single,0.6,766.8,22,fixed_equal,13.2945,13.5,27.0,40.0,2.7593,10,744.0,1,309
single,0.6,766.8,22,fixed_webster,9.0777,7.5,25.5,44.0,1.8817,9,744.0,1,309
single,0.6,766.8,23,relay,5.9601,6.0,12.5,25.0,1.343,6,808.8,1,338
single,0.6,766.8,23,fixed_equal,13.3225,13.5,31.0,39.0,3.0247,11,813.6,1,338
single,0.6,766.8,23,fixed_webster,9.3713,7.0,24.5,47.0,2.1117,8,808.8,1,338
single,0.6,766.8,24,relay,4.8151,3.5,11.5,17.5,0.9387,6,705.6,0,292
single,0.6,766.8,24,fixed_equal,12.5051,12.5,25.5,36.0,2.5627,9,720.0,0,292
single,0.6,766.8,24,fixed_webster,9.1901,7.0,25.5,43.0,1.7943,9,705.6,1,292
single,0.6,766.8,25,relay,5.764,6.0,13.0,17.0,1.1643,7,727.2,0,303
single,0.6,766.8,25,fixed_equal,14.1089,15.0,29.5,45.5,2.8607,10,729.6,0,303
single,0.6,766.8,25,fixed_webster,9.2607,8.0,27.0,44.0,1.8707,7,727.2,0,303
single,0.6,766.8,26,relay,5.5409,5.0,13.0,18.5,1.2357,6,801.6,0,330
single,0.6,766.8,26,fixed_equal,13.7879,13.5,29.0,42.0,3.0833,10,801.6,1,330
single,0.6,766.8,26,fixed_webster,8.6273,6.5,23.5,45.5,1.9323,7,799.2,0,330
single,0.6,766.8,27,relay,5.0176,3.5,12.5,15.5,1.054,8,753.6,0,312
single,0.6,766.8,27,fixed_equal,12.4696,12.0,25.5,35.0,2.6157,9,756.0,0,312
single,0.6,766.8,27,fixed_webster,8.5096,7.0,21.0,34.5,1.7817,8,753.6,0,312
single,0.6,766.8,28,relay,5.5572,5.0,13.0,19.5,1.2633,7,816.0,1,341
single,0.6,766.8,28,fixed_equal,15.7331,16.5,36.0,50.5,3.5767,10,816.0,1,341
single,0.6,766.8,28,fixed_webster,8.5836,7.0,26.0,38.5,1.9513,9,816.0,1,341
single,0.6,766.8,29,relay,6.1218,6.0,13.5,25.0,1.4343,7,844.8,0,349
single,0.6,766.8,29,fixed_equal,15.9155,15.0,36.5,52.0,3.7353,11,847.2,0,349
single,0.6,766.8,29,fixed_webster,8.5587,7.0,23.0,50.5,2.015,8,844.8,0,349
single,0.8,1022.4,0,relay,6.0474,5.5,14.0,39.5,1.786,10,1046.4,7,443
single,0.8,1022.4,0,fixed_equal,36.8815,37.5,78.0,89.0,11.0993,30,1017.6,30,443
single,0.8,1022.4,0,fixed_webster,10.2833,10.0,22.5,33.0,3.0417,10,1046.4,8,443
single,0.8,1022.4,1,relay,6.1281,6.0,14.0,25.5,1.806,10,1063.2,0,441
single,0.8,1022.4,1,fixed_equal,65.6814,77.0,124.0,148.0,19.3557,32,1048.8,9,441
single,0.8,1022.4,1,fixed_webster,11.0102,10.0,29.0,51.0,3.2417,12,1056.0,3,441
single,0.8,1022.4,2,relay,6.0628,6.0,13.0,20.5,1.7123,8,1017.6,0,422
single,0.8,1022.4,2,fixed_equal,27.0592,22.0,61.5,78.5,7.6483,18,1015.2,2,422
single,0.8,1022.4,2,fixed_webster,9.5758,8.0,27.5,58.0,2.7047,9,1017.6,0,422
single,0.8,1022.4,3,relay,6.7715,6.0,15.0,25.5,1.9977,8,1056.0,3,442
single,0.8,1022.4,3,fixed_equal,46.0826,25.5,112.0,129.0,13.5897,29,1008.0,23,442
single,0.8,1022.4,3,fixed_webster,9.7681,7.5,28.0,54.5,2.883,12,1051.2,5,442
single,0.8,1022.4,4,relay,6.3713,6.0,12.5,35.5,1.8477,7,1039.2,2,435
single,0.8,1022.4,4,fixed_equal,23.7805,18.5,64.5,92.5,6.9177,20,1041.6,3,435
single,0.8,1022.4,4,fixed_webster,9.669,7.5,27.0,46.5,2.8147,11,1041.6,3,435
single,0.8,1022.4,5,relay,5.8031,6.0,12.5,28.0,1.625,10,1008.0,0,419
single,0.8,1022.4,5,fixed_equal,17.6909,16.0,40.5,56.5,4.9897,15,1012.8,2,419
single,0.8,1022.4,5,fixed_webster,9.8532,8.5,27.5,45.0,2.821,9,1008.0,3,419
single,0.8,1022.4,6,relay,6.5136,6.0,15.5,33.5,1.9243,8,1063.2,1,442
single,0.8,1022.4,6,fixed_equal,41.6425,38.0,93.5,110.0,12.7483,25,1060.8,18,442
single,0.8,1022.4,6,fixed_webster,10.1278,9.0,25.5,55.0,3.0177,10,1068.0,1,442
single,0.8,1022.4,7,relay,7.0953,6.0,16.5,26.5,2.1117,9,1065.6,3,446
single,0.8,1022.4,7,fixed_equal,41.102,32.5,104.5,121.5,12.2317,28,1041.6,13,446
single,0.8,1022.4,7,fixed_webster,10.4025,9.0,26.5,52.0,3.093,10,1063.2,3,446
single,0.8,1022.4,8,relay,5.8377,4.5,14.5,32.0,1.6307,11,1005.6,0,419
single,0.8,1022.4,8,fixed_equal,25.2005,21.5,61.5,92.5,7.0747,20,991.2,9,419
single,0.8,1022.4,8,fixed_webster,10.2864,9.0,27.0,45.0,2.8837,13,1010.4,0,419
single,0.8,1022.4,9,relay,6.127,6.0,14.0,25.0,1.7537,8,1027.2,2,429
single,0.8,1022.4,9,fixed_equal,27.4883,23.5,60.0,77.5,7.8733,19,998.4,16,429
single,0.8,1022.4,9,fixed_webster,9.6597,9.5,21.5,41.5,2.7873,9,1027.2,3,429
single,0.8,1022.4,10,relay,7.0255,6.5,15.5,22.5,2.023,10,1034.4,3,431
single,0.8,1022.4,10,fixed_equal,29.0325,23.5,76.0,103.5,8.4023,22,1012.8,14,431
single,0.8,1022.4,10,fixed_webster,8.8353,7.0,23.5,43.5,2.5493,10,1029.6,4,431
single,0.8,1022.4,11,relay,6.7482,6.0,15.0,24.5,1.889,8,1005.6,1,419
single,0.8,1022.4,11,fixed_equal,17.8544,17.0,44.0,58.0,5.0853,14,1020.0,1,419
single,0.8,1022.4,11,fixed_webster,9.6551,8.0,28.5,49.5,2.7123,10,1010.4,1,419
single,0.8,1022.4,12,relay,6.5125,6.0,14.5,32.5,1.914,8,1046.4,5,440
single,0.8,1022.4,12,fixed_equal,35.883,35.0,73.5,95.5,10.537,20,1022.4,16,440
single,0.8,1022.4,12,fixed_webster,9.2989,8.5,23.0,46.5,2.756,10,1048.8,6,440
single,0.8,1022.4,13,relay,7.4945,7.0,16.5,26.5,2.2813,9,1096.8,0,456
single,0.8,1022.4,13,fixed_equal,53.0877,54.0,111.0,129.5,16.4323,30,1077.6,20,456
single,0.8,1022.4,13,fixed_webster,9.7226,8.5,24.5,47.0,2.965,10,1092.0,3,456
single,0.8,1022.4,14,relay,6.3953,5.5,14.5,25.0,1.9963,9,1118.4,3,468
single,0.8,1022.4,14,fixed_equal,72.2265,88.0,138.0,153.0,22.8147,41,1070.4,34,468
single,0.8,1022.4,14,fixed_webster,9.6218,7.5,27.5,52.0,3.0193,10,1120.8,4,468
single,0.8,1022.4,15,relay,6.5734,6.0,15.5,30.0,1.8853,9,1027.2,3,429
single,0.8,1022.4,15,fixed_equal,27.4452,25.5,62.5,96.5,7.9973,20,1039.2,9,429
single,0.8,1022.4,15,fixed_webster,9.8555,8.0,27.0,53.0,2.8873,10,1024.8,6,429
single,0.8,1022.4,16,relay,6.3988,6.0,14.0,39.5,1.8043,8,1010.4,2,420
single,0.8,1022.4,16,fixed_equal,21.931,19.0,54.5,64.5,6.2347,15,1005.6,8,420
single,0.8,1022.4,16,fixed_webster,9.6143,8.5,26.0,46.5,2.7097,9,1005.6,4,420
single,0.8,1022.4,17,relay,6.3555,6.0,14.0,36.5,1.8177,9,1027.2,1,429
single,0.8,1022.4,17,fixed_equal,18.8438,17.5,45.5,59.5,5.4683,15,1027.2,7,429
single,0.8,1022.4,17,fixed_webster,9.4627,7.0,27.5,53.5,2.7063,10,1020.0,4,429
single,0.8,1022.4,18,relay,6.112,6.0,14.0,22.5,1.7277,8,1015.2,1,424
single,0.8,1022.4,18,fixed_equal,29.5248,25.5,63.5,79.0,8.426,18,1027.2,2,424
single,0.8,1022.4,18,fixed_webster,10.2665,9.0,30.0,54.0,2.9067,9,1012.8,3,424
single,0.8,1022.4,19,relay,6.3676,6.0,14.0,29.5,1.7973,9,1017.6,0,423
single,0.8,1022.4,19,fixed_equal,29.4125,28.0,58.5,76.0,8.316,17,1017.6,2,423
single,0.8,1022.4,19,fixed_webster,9.5177,7.5,24.5,47.5,2.6887,10,1015.2,1,423
single,0.8,1022.4,20,relay,6.9099,6.0,14.0,24.0,1.8657,9,969.6,1,405
single,0.8,1022.4,20,fixed_equal,20.0444,18.0,53.0,70.5,5.5107,15,981.6,3,405
single,0.8,1022.4,20,fixed_webster,9.2346,7.5,28.0,49.5,2.504,10,972.0,2,405
single,0.8,1022.4,21,relay,6.7643,5.5,15.5,50.5,2.0673,11,1092.0,4,456
single,0.8,1022.4,21,fixed_equal,64.9013,49.0,150.5,176.0,19.8747,39,1048.8,28,456
single,0.8,1022.4,21,fixed_webster,10.6853,9.0,26.0,44.0,3.2727,11,1096.8,3,456
single,0.8,1022.4,22,relay,6.6867,6.0,15.0,32.0,1.8183,8,976.8,1,407
single,0.8,1022.4,22,fixed_equal,34.226,29.0,81.0,107.0,9.2973,24,974.4,2,407
single,0.8,1022.4,22,fixed_webster,9.2629,7.0,24.5,51.0,2.518,10,964.8,6,407
single,0.8,1022.4,23,relay,6.7035,6.0,14.5,26.5,2.0423,8,1089.6,3,457
single,0.8,1022.4,23,fixed_equal,44.6357,42.0,106.5,122.5,13.6097,27,1056.0,18,457
single,0.8,1022.4,23,fixed_webster,10.1772,8.5,27.5,52.0,3.1053,10,1082.4,7,457
single,0.8,1022.4,24,relay,5.938,6.0,14.5,28.0,1.4873,8,902.4,0,371
single,0.8,1022.4,24,fixed_equal,20.0728,17.5,55.0,87.5,5.4907,19,926.4,4,371
single,0.8,1022.4,24,fixed_webster,9.8679,8.5,27.0,50.5,2.4787,10,897.6,2,371
single,0.8,1022.4,25,relay,6.3735,6.0,13.0,29.5,1.8313,8,1029.6,2,431
single,0.8,1022.4,25,fixed_equal,48.6299,53.5,95.0,114.0,14.2623,27,1041.6,10,431
single,0.8,1022.4,25,fixed_webster,9.8654,7.5,29.0,62.5,2.855,11,1027.2,7,431
single,0.8,1022.4,26,relay,6.0011,5.0,14.0,26.5,1.7977,8,1053.6,4,436
single,0.8,1022.4,26,fixed_equal,68.7099,73.0,127.5,144.0,20.1517,32,1017.6,24,436
single,0.8,1022.4,26,fixed_webster,10.1261,9.5,24.0,45.0,3.0037,10,1053.6,4,436
single,0.8,1022.4,27,relay,6.1171,6.0,13.0,40.0,1.698,8,1000.8,1,414
single,0.8,1022.4,27,fixed_equal,56.5773,36.5,137.5,165.5,16.0923,34,1015.2,7,414
single,0.8,1022.4,27,fixed_webster,9.9336,8.5,26.5,55.5,2.7593,9,996.0,2,414
single,0.8,1022.4,28,relay,6.9187,6.0,15.0,34.0,2.0747,10,1075.2,4,449
single,0.8,1022.4,28,fixed_equal,41.8886,40.5,97.5,117.0,12.8943,26,1051.2,25,449
single,0.8,1022.4,28,fixed_webster,9.4143,8.0,25.0,45.5,2.877,10,1075.2,9,449
single,0.8,1022.4,29,relay,7.2046,6.0,15.5,23.5,2.2103,10,1106.4,0,457
single,0.8,1022.4,29,fixed_equal,61.5777,60.0,125.0,142.0,18.8233,30,1056.0,23,457
single,0.8,1022.4,29,fixed_webster,10.3982,9.0,27.5,51.5,3.204,11,1106.4,2,457
single,1.0,1278.0,0,relay,7.4889,6.0,17.5,43.5,2.691,12,1269.6,10,539
single,1.0,1278.0,0,fixed_equal,152.8961,135.0,360.0,392.5,55.3103,112,1068.0,109,539
single,1.0,1278.0,0,fixed_webster,10.6735,9.0,27.5,55.0,3.8353,15,1262.4,13,539
single,1.0,1278.0,1,relay,7.4823,6.5,16.0,37.5,2.8143,11,1351.2,2,564
single,1.0,1278.0,1,fixed_equal,192.4246,201.0,424.5,461.5,72.8993,114,1142.4,106,564
single,1.0,1278.0,1,fixed_webster,11.4539,9.5,34.0,70.0,4.3143,11,1332.0,10,564
single,1.0,1278.0,2,relay,7.4325,6.5,15.5,31.5,2.607,9,1264.8,0,526
single,1.0,1278.0,2,fixed_equal,154.3745,157.5,328.5,362.5,54.7277,95,1099.2,86,526
single,1.0,1278.0,2,fixed_webster,10.6017,9.0,31.0,60.0,3.7417,12,1250.4,8,526
single,1.0,1278.0,3,relay,8.0422,6.5,18.0,39.0,3.116,11,1392.0,2,580
single,1.0,1278.0,3,fixed_equal,157.944,114.0,414.5,461.5,61.605,128,1140.0,122,580
single,1.0,1278.0,3,fixed_webster,12.9569,12.0,35.0,58.5,5.0177,14,1387.2,3,580
single,1.0,1278.0,4,relay,7.7302,7.0,16.5,28.0,2.7983,9,1293.6,4,543
single,1.0,1278.0,4,fixed_equal,142.675,126.5,306.0,336.5,52.0643,77,1161.6,74,543
single,1.0,1278.0,4,fixed_webster,12.9162,8.5,47.0,75.5,4.6757,11,1288.8,6,543
single,1.0,1278.0,5,relay,8.3025,7.0,20.5,43.5,3.0953,14,1346.4,1,557
single,1.0,1278.0,5,fixed_equal,173.544,183.5,384.0,407.5,65.0983,105,1147.2,99,557
single,1.0,1278.0,5,fixed_webster,11.982,10.0,34.0,56.0,4.553,15,1341.6,5,557
single,1.0,1278.0,6,relay,7.6476,7.0,16.5,38.5,2.818,11,1322.4,2,552
single,1.0,1278.0,6,fixed_equal,170.8813,180.0,363.0,398.0,63.617,106,1132.8,102,552
single,1.0,1278.0,6,fixed_webster,10.981,8.5,35.0,79.0,4.0653,11,1315.2,7,552
single,1.0,1278.0,7,relay,7.3578,6.0,16.0,39.5,2.6743,9,1308.0,1,545
single,1.0,1278.0,7,fixed_equal,126.2917,103.5,329.0,368.0,45.9083,95,1111.2,84,545
single,1.0,1278.0,7,fixed_webster,12.3229,10.5,36.0,64.0,4.4917,14,1300.8,5,545
single,1.0,1278.0,8,relay,7.0867,6.0,16.5,32.5,2.4263,12,1228.8,4,513
single,1.0,1278.0,8,fixed_equal,144.8226,173.0,294.0,318.0,50.414,67,1135.2,64,513
single,1.0,1278.0,8,fixed_webster,12.1608,9.5,36.5,88.5,4.1617,16,1221.6,7,513
single,1.0,1278.0,9,relay,7.3642,6.5,16.0,32.0,2.499,11,1219.2,2,508
single,1.0,1278.0,9,fixed_equal,103.6043,114.5,225.0,242.5,35.4277,75,1092.0,68,508
single,1.0,1278.0,9,fixed_webster,10.5325,7.0,34.5,63.0,3.5823,11,1214.4,5,508
single,1.0,1278.0,10,relay,7.0942,6.0,17.0,46.5,2.516,11,1267.2,5,531
single,1.0,1278.0,10,fixed_equal,127.9209,133.0,292.0,317.5,45.7527,83,1128.0,77,531
single,1.0,1278.0,10,fixed_webster,10.9595,8.5,33.5,67.5,3.902,13,1264.8,7,531
single,1.0,1278.0,11,relay,7.4383,6.0,17.0,34.5,2.6677,11,1291.2,1,535
single,1.0,1278.0,11,fixed_equal,144.1308,173.0,314.0,336.0,52.5973,90,1140.0,86,535
single,1.0,1278.0,11,fixed_webster,11.5785,8.5,36.5,88.5,4.1383,13,1276.8,5,535
single,1.0,1278.0,12,relay,8.3862,7.5,19.5,47.5,3.327,10,1411.2,8,593
single,1.0,1278.0,12,fixed_equal,205.7715,214.0,466.5,505.0,81.586,153,1087.2,153,593
single,1.0,1278.0,12,fixed_webster,12.7218,10.5,34.5,70.5,5.0627,15,1401.6,13,593
single,1.0,1278.0,13,relay,7.8069,7.0,16.5,39.0,2.8907,9,1327.2,3,554
single,1.0,1278.0,13,fixed_equal,153.4964,164.5,341.0,361.5,57.4737,98,1149.6,97,554
single,1.0,1278.0,13,fixed_webster,11.5018,8.5,37.5,70.0,4.2647,15,1317.6,7,554
single,1.0,1278.0,14,relay,7.477,6.5,16.5,35.5,2.7457,10,1320.0,1,544
single,1.0,1278.0,14,fixed_equal,161.7307,159.5,348.0,385.5,59.4393,93,1149.6,90,544
single,1.0,1278.0,14,fixed_webster,12.3796,9.5,36.5,68.0,4.5577,13,1305.6,7,544
single,1.0,1278.0,15,relay,7.2736,6.0,16.0,33.0,2.5923,11,1269.6,1,519
single,1.0,1278.0,15,fixed_equal,179.6301,192.0,388.0,418.0,63.861,93,1128.0,87,519
single,1.0,1278.0,15,fixed_webster,11.4538,8.0,36.5,89.5,4.1067,12,1260.0,4,519
single,1.0,1278.0,16,relay,8.1007,6.5,19.0,41.5,2.9963,14,1320.0,5,551
single,1.0,1278.0,16,fixed_equal,166.774,176.5,367.0,391.0,62.6483,106,1137.6,106,551
single,1.0,1278.0,16,fixed_webster,12.971,10.0,40.5,75.5,4.773,14,1300.8,11,551
single,1.0,1278.0,17,relay,7.6152,6.5,17.0,35.5,2.846,9,1341.6,2,560
single,1.0,1278.0,17,fixed_equal,121.8009,123.5,299.5,334.0,45.6733,87,1171.2,83,560
single,1.0,1278.0,17,fixed_webster,12.383,9.0,36.5,95.5,4.6453,14,1336.8,6,560
single,1.0,1278.0,18,relay,7.5556,6.5,15.5,34.5,2.63,12,1248.0,3,522
single,1.0,1278.0,18,fixed_equal,167.6226,196.5,346.0,366.5,59.2757,85,1111.2,82,522
single,1.0,1278.0,18,fixed_webster,10.4646,8.0,35.5,71.5,3.6423,10,1248.0,3,522
single,1.0,1278.0,19,relay,7.6784,7.0,15.5,32.5,2.627,9,1226.4,3,513
single,1.0,1278.0,19,fixed_equal,108.0916,108.0,238.0,265.5,37.289,68,1108.8,65,513
single,1.0,1278.0,19,fixed_webster,10.9298,7.5,35.5,63.5,3.7547,12,1221.6,6,513
single,1.0,1278.0,20,relay,7.2431,6.5,16.5,26.0,2.4337,10,1204.8,2,504
single,1.0,1278.0,20,fixed_equal,122.9593,144.0,236.5,251.5,42.3317,65,1120.8,61,504
single,1.0,1278.0,20,fixed_webster,12.0923,9.0,37.0,82.0,4.071,12,1207.2,4,504
single,1.0,1278.0,21,relay,7.936,7.0,17.5,32.5,2.873,10,1303.2,1,539
single,1.0,1278.0,21,fixed_equal,134.359,136.0,309.5,341.0,48.9983,87,1152.0,80,539
single,1.0,1278.0,21,fixed_webster,12.308,9.5,40.0,63.5,4.4477,13,1281.6,9,539
single,1.0,1278.0,22,relay,7.3872,6.5,15.5,46.0,2.6233,11,1279.2,0,532
single,1.0,1278.0,22,fixed_equal,141.5103,129.5,335.0,353.5,50.283,91,1089.6,85,532
single,1.0,1278.0,22,fixed_webster,11.6325,9.5,36.5,65.5,4.1333,14,1272.0,3,532
single,1.0,1278.0,23,relay,7.6264,7.0,16.5,27.5,2.8173,9,1320.0,5,554
single,1.0,1278.0,23,fixed_equal,121.6949,119.5,276.0,315.0,45.0347,84,1154.4,80,554
single,1.0,1278.0,23,fixed_webster,11.3231,9.0,35.0,74.5,4.1903,13,1312.8,9,554
single,1.0,1278.0,24,relay,6.7511,6.0,14.5,38.0,2.1167,10,1125.6,2,468
single,1.0,1278.0,24,fixed_equal,85.6592,103.0,166.0,179.5,27.607,47,1087.2,39,468
single,1.0,1278.0,24,fixed_webster,9.5994,7.0,32.0,56.0,3.0267,9,1128.0,2,468
single,1.0,1278.0,25,relay,8.45,8.0,19.0,35.0,3.043,11,1298.4,0,540
single,1.0,1278.0,25,fixed_equal,227.7278,239.0,479.0,503.5,83.6617,121,1099.2,113,540
single,1.0,1278.0,25,fixed_webster,12.8398,10.0,36.5,85.5,4.63,14,1291.2,3,540
single,1.0,1278.0,26,relay,7.6875,6.5,16.5,32.5,2.8193,13,1281.6,4,528
single,1.0,1278.0,26,fixed_equal,145.4394,141.5,311.0,331.5,51.4043,88,1096.8,86,528
single,1.0,1278.0,26,fixed_webster,12.3731,11.0,36.0,64.0,4.5237,16,1272.0,10,528
single,1.0,1278.0,27,relay,7.9326,7.0,18.5,54.0,2.8447,11,1284.0,4,534
single,1.0,1278.0,27,fixed_equal,193.1348,249.0,365.5,394.5,69.9497,105,1108.8,98,534
single,1.0,1278.0,27,fixed_webster,12.3961,10.0,36.0,64.5,4.4287,14,1276.8,6,534
single,1.0,1278.0,28,relay,7.8191,7.0,17.5,32.0,2.8813,9,1327.2,1,550
single,1.0,1278.0,28,fixed_equal,164.7845,151.0,364.0,399.0,61.301,112,1123.2,106,550
single,1.0,1278.0,28,fixed_webster,11.7936,9.5,35.5,80.0,4.34,11,1317.6,4,550
single,1.0,1278.0,29,relay,8.3748,7.5,18.5,36.5,3.03,12,1293.6,4,539
single,1.0,1278.0,29,fixed_equal,159.1178,158.0,332.5,347.0,58.0387,95,1130.4,91,539
single,1.0,1278.0,29,fixed_webster,13.4026,8.5,50.0,121.0,4.8327,15,1284.0,6,539
single,1.2,1533.6,0,relay,8.7626,7.5,20.0,40.5,3.7153,16,1504.8,11,636
single,1.2,1533.6,0,fixed_equal,263.1305,254.0,577.0,620.0,112.847,194,1130.4,192,636
single,1.2,1533.6,0,fixed_webster,14.3884,10.5,50.0,105.5,6.1787,20,1497.6,16,636
single,1.2,1533.6,1,relay,8.5469,7.5,20.0,52.5,3.645,13,1540.8,0,639
single,1.2,1533.6,1,fixed_equal,280.6581,291.5,618.5,647.5,121.5733,190,1195.2,176,639
single,1.2,1533.6,1,fixed_webster,14.9789,10.0,47.5,197.5,6.9203,23,1557.6,3,639
single,1.2,1533.6,2,relay,8.3018,8.0,17.5,39.5,3.3103,9,1432.8,2,598
single,1.2,1533.6,2,fixed_equal,214.7885,217.0,455.0,479.5,87.222,142,1190.4,133,598
single,1.2,1533.6,2,fixed_webster,18.6012,8.0,80.5,194.0,7.4937,18,1437.6,2,598
single,1.2,1533.6,3,relay,9.0961,8.0,22.5,51.0,4.0503,13,1591.2,5,666
single,1.2,1533.6,3,fixed_equal,265.2207,274.0,620.0,665.0,120.962,187,1262.4,185,666
single,1.2,1533.6,3,fixed_webster,21.8559,8.0,109.0,202.0,9.7593,22,1591.2,8,666
single,1.2,1533.6,4,relay,8.528,7.5,19.0,46.5,3.5603,12,1500.0,3,626
single,1.2,1533.6,4,fixed_equal,223.0008,207.0,521.5,559.0,95.0453,157,1214.4,154,626
single,1.2,1533.6,4,fixed_webster,17.2372,9.0,77.0,133.5,7.197,17,1502.4,3,626
single,1.2,1533.6,5,relay,10.5824,10.0,22.5,54.0,4.707,13,1591.2,3,655
single,1.2,1533.6,5,fixed_equal,247.6115,250.5,540.5,572.0,109.698,187,1202.4,184,655
single,1.2,1533.6,5,fixed_webster,18.0076,12.0,71.5,138.5,8.013,17,1591.2,3,655
single,1.2,1533.6,6,relay,9.7024,9.0,22.0,55.0,4.3673,11,1610.4,5,672
single,1.2,1533.6,6,fixed_equal,248.9799,255.0,565.5,606.0,112.8433,199,1207.2,198,672
single,1.2,1533.6,6,fixed_webster,14.9993,10.5,52.5,116.0,6.8027,17,1608.0,8,672
single,1.2,1533.6,7,relay,9.2135,8.0,21.0,55.5,4.0027,14,1543.2,9,651
single,1.2,1533.6,7,fixed_equal,190.6252,179.5,479.5,520.5,82.8983,164,1190.4,164,651
single,1.2,1533.6,7,fixed_webster,18.3525,10.0,77.0,178.0,8.125,17,1543.2,13,651
single,1.2,1533.6,8,relay,9.7648,8.5,25.5,45.0,4.173,14,1543.2,2,640
single,1.2,1533.6,8,fixed_equal,258.0219,257.5,579.0,609.5,111.6863,184,1173.6,183,640
single,1.2,1533.6,8,fixed_webster,14.475,8.0,52.5,92.5,6.184,15,1540.8,4,640
single,1.2,1533.6,9,relay,9.2964,8.5,19.5,57.5,3.814,12,1466.4,5,614
single,1.2,1533.6,9,fixed_equal,220.0912,258.5,471.0,522.5,91.4513,170,1137.6,169,614
single,1.2,1533.6,9,fixed_webster,13.5725,10.0,48.0,93.5,5.5913,14,1476.0,4,614
single,1.2,1533.6,10,relay,8.5265,7.5,20.5,42.0,3.5413,11,1485.6,5,622
single,1.2,1533.6,10,fixed_equal,223.6801,238.0,506.0,537.0,94.1107,162,1180.8,159,622
single,1.2,1533.6,10,fixed_webster,15.6182,10.0,64.0,145.0,6.561,15,1492.8,7,622
single,1.2,1533.6,11,relay,9.5101,8.5,21.0,67.0,4.0937,14,1545.6,4,643
single,1.2,1533.6,11,fixed_equal,236.4627,252.0,530.0,582.0,104.343,187,1202.4,184,643
single,1.2,1533.6,11,fixed_webster,15.5599,10.5,58.5,126.5,6.7383,17,1562.4,2,643
single,1.2,1533.6,12,relay,10.5239,9.0,26.5,57.5,4.7033,14,1596.0,7,669
single,1.2,1533.6,12,fixed_equal,259.7078,272.0,585.0,627.0,117.209,218,1159.2,217,669
single,1.2,1533.6,12,fixed_webster,15.7623,11.0,61.0,109.0,7.087,17,1600.8,9,669
single,1.2,1533.6,13,relay,9.2049,8.5,21.0,42.0,4.0957,14,1586.4,6,659
single,1.2,1533.6,13,fixed_equal,271.9856,288.5,600.5,641.5,122.9523,203,1212.0,200,659
single,1.2,1533.6,13,fixed_webster,20.9704,8.5,123.5,214.0,9.234,21,1581.6,6,659
single,1.2,1533.6,14,relay,10.4838,8.5,23.5,98.5,4.5663,19,1562.4,5,647
single,1.2,1533.6,14,fixed_equal,268.7488,245.0,631.5,662.0,117.415,186,1188.0,186,647
single,1.2,1533.6,14,fixed_webster,21.8725,14.0,66.0,141.5,9.517,28,1543.2,12,647
single,1.2,1533.6,15,relay,9.0459,7.5,22.0,52.5,4.1247,16,1593.6,3,654
single,1.2,1533.6,15,fixed_equal,315.4969,343.5,693.0,723.0,141.9693,212,1195.2,210,654
single,1.2,1533.6,15,fixed_webster,16.3761,10.5,65.5,115.5,7.2897,17,1586.4,7,654
single,1.2,1533.6,16,relay,10.4955,9.0,27.0,50.0,4.683,16,1593.6,7,668
single,1.2,1533.6,16,fixed_equal,237.8383,230.0,560.0,595.5,107.1117,185,1233.6,181,668
single,1.2,1533.6,16,fixed_webster,26.497,10.5,130.0,287.0,12.089,25,1600.8,9,668
single,1.2,1533.6,17,relay,10.1595,8.5,24.0,53.5,4.579,13,1622.4,1,674
single,1.2,1533.6,17,fixed_equal,219.0875,234.5,519.0,550.5,100.2367,197,1233.6,192,674
single,1.2,1533.6,17,fixed_webster,16.4815,11.5,59.0,113.5,7.433,19,1622.4,1,674
single,1.2,1533.6,18,relay,9.0956,8.0,20.0,42.5,3.968,11,1557.6,6,654
single,1.2,1533.6,18,fixed_equal,231.831,236.5,541.5,586.0,102.6527,181,1209.6,180,654
single,1.2,1533.6,18,fixed_webster,13.3654,8.0,50.5,117.0,5.8553,13,1562.4,6,654
single,1.2,1533.6,19,relay,8.3636,7.0,19.5,42.0,3.437,11,1473.6,4,616
single,1.2,1533.6,19,fixed_equal,193.8214,193.5,435.5,468.0,80.369,135,1216.8,131,616
single,1.2,1533.6,19,fixed_webster,19.7159,10.0,91.5,158.5,8.15,15,1488.0,1,616
single,1.2,1533.6,20,relay,8.4506,7.0,19.5,39.0,3.4257,11,1459.2,2,607
single,1.2,1533.6,20,fixed_equal,223.1565,215.0,496.5,518.5,92.065,147,1188.0,144,607
single,1.2,1533.6,20,fixed_webster,17.2924,9.5,68.5,156.5,7.1407,17,1459.2,7,607
single,1.2,1533.6,21,relay,9.471,8.0,23.5,70.0,4.039,19,1531.2,3,637
single,1.2,1533.6,21,fixed_equal,185.2959,185.5,443.5,498.0,79.7147,152,1240.8,145,637
single,1.2,1533.6,21,fixed_webster,18.219,9.0,75.0,175.5,7.774,21,1528.8,6,637
single,1.2,1533.6,22,relay,9.0944,7.5,21.5,78.5,3.8867,14,1540.8,0,641
single,1.2,1533.6,22,fixed_equal,249.6396,225.5,596.5,642.5,107.542,187,1159.2,180,641
single,1.2,1533.6,22,fixed_webster,14.6739,11.0,51.0,84.5,6.2973,19,1543.2,1,641
single,1.2,1533.6,23,relay,9.4637,8.5,23.5,42.5,4.086,12,1545.6,6,647
single,1.2,1533.6,23,fixed_equal,231.3787,216.0,562.5,599.0,100.27,159,1219.2,155,647
single,1.2,1533.6,23,fixed_webster,17.6692,11.0,68.5,140.5,7.7053,17,1550.4,8,647
single,1.2,1533.6,24,relay,7.8405,6.5,17.5,59.5,2.9253,11,1341.6,2,558
single,1.2,1533.6,24,fixed_equal,219.0636,247.5,433.0,479.5,83.285,124,1128.0,121,558
single,1.2,1533.6,24,fixed_webster,11.7903,7.0,47.5,93.5,4.4793,12,1358.4,3,558
single,1.2,1533.6,25,relay,10.078,9.5,22.5,43.0,4.185,11,1492.8,2,622
single,1.2,1533.6,25,fixed_equal,260.4196,284.0,573.5,601.5,110.877,177,1188.0,169,622
single,1.2,1533.6,25,fixed_webster,17.5217,9.0,76.0,149.5,7.2933,16,1480.8,9,622
single,1.2,1533.6,26,relay,8.8105,7.5,20.0,53.5,3.6887,11,1473.6,7,612
single,1.2,1533.6,26,fixed_equal,219.8047,211.0,493.0,516.0,90.8127,169,1142.4,166,612
single,1.2,1533.6,26,fixed_webster,14.1005,9.5,52.0,86.5,5.9237,17,1490.4,6,612
single,1.2,1533.6,27,relay,9.5805,8.0,23.5,55.0,3.9747,13,1485.6,6,621
single,1.2,1533.6,27,fixed_equal,247.9686,281.0,512.0,546.0,104.564,161,1188.0,160,621
single,1.2,1533.6,27,fixed_webster,18.7754,10.0,83.0,174.0,7.8083,22,1497.6,3,621
single,1.2,1533.6,28,relay,9.1071,7.5,23.0,57.0,3.9997,12,1581.6,1,658
single,1.2,1533.6,28,fixed_equal,260.0729,243.0,609.5,635.5,115.6903,202,1188.0,195,658
single,1.2,1533.6,28,fixed_webster,15.3389,10.5,56.5,114.0,6.8263,18,1591.2,5,658
single,1.2,1533.6,29,relay,9.4168,8.5,22.5,40.5,3.9763,12,1512.0,5,631
single,1.2,1533.6,29,fixed_equal,225.6125,247.5,516.0,553.0,97.0647,164,1216.8,162,631
single,1.2,1533.6,29,fixed_webster,17.7742,10.5,75.0,119.5,7.6073,17,1521.6,5,631
single,1.4,1789.2,0,relay,10.1151,8.5,25.5,60.5,4.7887,14,1692.0,5,704
single,1.4,1789.2,0,fixed_equal,313.2812,326.0,692.5,733.0,151.1233,248,1221.6,246,704
single,1.4,1789.2,0,fixed_webster,18.1726,10.5,76.5,170.0,8.8277,23,1672.8,17,704
single,1.4,1789.2,1,relay,11.9703,9.5,32.0,67.0,5.9437,17,1792.8,0,741
single,1.4,1789.2,1,fixed_equal,316.0378,326.5,709.5,754.5,158.993,261,1264.8,258,741
single,1.4,1789.2,1,fixed_webster,17.973,11.0,65.0,180.5,9.2873,21,1790.4,7,741
single,1.4,1789.2,2,relay,16.0396,12.0,50.0,115.5,7.971,29,1788.0,3,745
single,1.4,1789.2,2,fixed_equal,302.7141,277.5,695.5,750.0,152.4823,266,1248.0,262,745
single,1.4,1789.2,2,fixed_webster,23.1195,13.5,91.0,203.5,11.7133,28,1788.0,7,745
single,1.4,1789.2,3,relay,14.644,12.5,36.5,79.0,7.7623,21,1879.2,13,781
single,1.4,1789.2,3,fixed_equal,297.9673,300.5,719.0,767.5,160.3097,277,1351.2,277,781
single,1.4,1789.2,3,fixed_webster,32.6754,13.0,159.5,233.5,17.2897,30,1848.0,22,781
single,1.4,1789.2,4,relay,17.8395,12.0,59.5,100.0,9.3063,30,1860.0,11,782
single,1.4,1789.2,4,fixed_equal,325.234,304.5,772.5,819.0,173.149,291,1293.6,291,782
single,1.4,1789.2,4,fixed_webster,23.1611,15.0,75.5,184.5,12.095,30,1860.0,9,782
single,1.4,1789.2,5,relay,19.4144,14.0,62.0,141.0,10.0633,30,1855.2,9,771
single,1.4,1789.2,5,fixed_equal,300.799,282.5,719.5,773.0,156.614,280,1260.0,280,771
single,1.4,1789.2,5,fixed_webster,21.022,13.5,64.0,121.5,10.9097,27,1850.4,10,771
single,1.4,1789.2,6,relay,11.0799,9.5,30.5,64.5,5.3837,16,1744.8,3,726
single,1.4,1789.2,6,fixed_equal,300.084,316.0,668.5,704.5,148.4397,248,1269.6,242,726
single,1.4,1789.2,6,fixed_webster,15.4463,10.5,57.0,100.0,7.5357,21,1728.0,10,726
single,1.4,1789.2,7,relay,12.7349,11.0,30.5,90.0,6.348,14,1773.6,10,747
single,1.4,1789.2,7,fixed_equal,261.7256,233.0,649.0,691.5,131.619,246,1267.2,246,747
single,1.4,1789.2,7,fixed_webster,25.3809,14.5,103.0,230.5,12.7207,26,1764.0,17,747
single,1.4,1789.2,8,relay,15.1458,10.5,51.0,88.5,7.4603,28,1773.6,4,727
single,1.4,1789.2,8,fixed_equal,328.3948,353.5,729.0,783.0,164.3023,265,1250.4,263,727
single,1.4,1789.2,8,fixed_webster,23.2249,12.0,122.0,226.0,11.3213,22,1732.8,12,727
single,1.4,1789.2,9,relay,11.8673,10.5,28.0,94.0,5.5873,15,1694.4,2,697
single,1.4,1789.2,9,fixed_equal,306.9397,339.5,651.5,698.0,147.5213,256,1200.0,251,697
single,1.4,1789.2,9,fixed_webster,18.4591,13.5,60.0,166.5,8.6513,19,1680.0,5,697
single,1.4,1789.2,10,relay,13.6943,11.0,35.0,91.5,6.7617,24,1778.4,2,736
single,1.4,1789.2,10,fixed_equal,283.9742,284.5,668.5,710.5,140.9317,252,1248.0,248,736
single,1.4,1789.2,10,fixed_webster,22.3451,13.5,82.5,191.5,11.1943,27,1764.0,11,736
single,1.4,1789.2,11,relay,14.6764,11.5,37.0,103.5,7.6177,22,1857.6,7,768
single,1.4,1789.2,11,fixed_equal,328.5625,345.0,726.5,790.5,172.9393,299,1260.0,298,768
single,1.4,1789.2,11,fixed_webster,18.7487,12.5,74.0,143.0,9.7253,22,1840.8,9,768
single,1.4,1789.2,12,relay,14.2727,11.5,36.0,101.0,7.1663,19,1790.4,9,748
single,1.4,1789.2,12,fixed_equal,323.5134,333.5,721.0,769.5,164.6483,285,1240.8,279,748
single,1.4,1789.2,12,fixed_webster,19.5849,13.0,74.0,135.0,9.8903,20,1792.8,8,748
single,1.4,1789.2,13,relay,11.9461,10.0,32.5,89.5,6.1027,17,1816.8,12,761
single,1.4,1789.2,13,fixed_equal,303.7116,324.5,707.5,744.5,158.494,267,1310.4,267,761
single,1.4,1789.2,13,fixed_webster,18.5611,8.5,78.0,227.0,9.4623,26,1816.8,9,761
single,1.4,1789.2,14,relay,20.3422,13.5,52.0,220.0,10.692,34,1893.6,4,786
single,1.4,1789.2,14,fixed_equal,356.4555,342.5,804.5,854.0,189.963,318,1240.8,315,786
single,1.4,1789.2,14,fixed_webster,28.1985,23.0,63.0,147.5,14.8783,37,1884.0,7,786
single,1.4,1789.2,15,relay,16.4116,12.5,49.0,89.5,8.7747,29,1891.2,3,764
single,1.4,1789.2,15,fixed_equal,357.9221,380.0,808.5,855.5,189.0347,298,1298.4,293,764
single,1.4,1789.2,15,fixed_webster,20.6603,11.5,83.5,157.0,11.1563,24,1855.2,10,764
single,1.4,1789.2,16,relay,11.8053,9.5,33.0,68.0,6.1043,19,1852.8,4,773
single,1.4,1789.2,16,fixed_equal,282.8072,273.5,660.0,700.5,147.8647,258,1336.8,253,773
single,1.4,1789.2,16,fixed_webster,27.3674,10.0,141.5,209.5,14.3367,25,1848.0,11,773
single,1.4,1789.2,17,relay,13.0833,10.5,35.5,84.0,7.1243,17,1956.0,4,816
single,1.4,1789.2,17,fixed_equal,292.7506,281.5,706.5,736.5,162.022,302,1341.6,297,816
single,1.4,1789.2,17,fixed_webster,17.6752,13.5,55.0,104.0,9.6353,22,1946.4,7,816
single,1.4,1789.2,18,relay,12.9523,10.5,36.5,82.0,6.704,20,1850.4,6,776
single,1.4,1789.2,18,fixed_equal,282.6856,294.0,674.0,710.0,149.0103,275,1300.8,275,776
single,1.4,1789.2,18,fixed_webster,28.2513,12.5,152.5,209.5,14.6953,28,1831.2,18,776
single,1.4,1789.2,19,relay,12.6376,10.5,31.5,57.0,6.2867,19,1785.6,5,745
single,1.4,1789.2,19,fixed_equal,268.3282,255.5,635.0,692.0,134.3533,238,1288.8,235,745
single,1.4,1789.2,19,fixed_webster,20.4034,13.0,82.0,147.0,10.193,20,1771.2,10,745
single,1.4,1789.2,20,relay,11.0476,9.5,27.5,50.5,5.2783,17,1701.6,6,704
single,1.4,1789.2,20,fixed_equal,282.2933,271.0,657.0,707.0,135.204,220,1264.8,217,704
single,1.4,1789.2,20,fixed_webster,19.7088,8.0,90.0,184.5,9.4263,23,1694.4,8,704
single,1.4,1789.2,21,relay,13.0354,10.0,36.5,96.0,6.789,24,1855.2,11,777
single,1.4,1789.2,21,fixed_equal,293.7452,293.0,671.0,720.0,155.773,273,1322.4,273,777
single,1.4,1789.2,21,fixed_webster,22.5785,10.0,103.0,220.5,11.822,26,1850.4,14,777
single,1.4,1789.2,22,relay,14.0223,10.5,37.5,124.0,6.966,22,1788.0,2,740
single,1.4,1789.2,22,fixed_equal,326.323,298.0,785.5,835.5,163.6123,267,1238.4,264,740
single,1.4,1789.2,22,fixed_webster,18.8128,13.0,60.0,150.0,9.3353,30,1785.6,3,740
single,1.4,1789.2,23,relay,13.5496,10.0,39.5,87.0,6.9457,22,1843.2,4,766
single,1.4,1789.2,23,fixed_equal,301.8172,295.5,720.5,773.5,156.3373,259,1315.2,255,766
single,1.4,1789.2,23,fixed_webster,21.7931,13.0,86.5,144.5,11.2767,21,1826.4,11,766
single,1.4,1789.2,24,relay,10.1895,9.0,23.0,53.0,4.587,14,1620.0,2,673
single,1.4,1789.2,24,fixed_equal,286.9859,310.0,637.0,667.0,132.2313,218,1204.8,217,673
single,1.4,1789.2,24,fixed_webster,14.7422,9.5,53.5,109.5,6.7387,15,1622.4,5,673
single,1.4,1789.2,25,relay,13.2446,10.5,33.0,76.5,6.5513,18,1771.2,7,740
single,1.4,1789.2,25,fixed_equal,322.9574,332.0,751.0,806.0,163.405,255,1284.0,255,740
single,1.4,1789.2,25,fixed_webster,25.4973,14.0,107.5,194.0,12.638,21,1756.8,12,740
single,1.4,1789.2,26,relay,13.461,10.5,41.5,77.5,6.4693,23,1682.4,10,693
single,1.4,1789.2,26,fixed_equal,295.2691,289.0,676.0,738.0,139.7363,233,1221.6,233,693
single,1.4,1789.2,26,fixed_webster,17.6342,12.0,62.0,110.5,8.4263,23,1675.2,14,693
single,1.4,1789.2,27,relay,23.2697,12.5,74.0,156.0,11.6633,37,1814.4,2,747
single,1.4,1789.2,27,fixed_equal,344.1232,371.0,753.5,784.0,176.323,283,1257.6,278,747
single,1.4,1789.2,27,fixed_webster,20.5857,15.0,64.0,154.0,10.3253,26,1804.8,3,747
single,1.4,1789.2,28,relay,13.6652,11.5,39.0,119.5,7.128,16,1876.8,3,781
single,1.4,1789.2,28,fixed_equal,329.7964,317.5,766.5,829.5,174.21,293,1269.6,290,781
single,1.4,1789.2,28,fixed_webster,18.8291,16.0,53.0,112.0,10.1027,21,1884.0,4,781
single,1.4,1789.2,29,relay,12.0803,10.5,30.5,65.0,6.045,17,1783.2,7,741
single,1.4,1789.2,29,fixed_equal,300.0877,298.0,695.0,735.0,152.3887,258,1293.6,255,741
single,1.4,1789.2,29,fixed_webster,18.168,11.0,76.0,134.0,9.1037,22,1788.0,8,741
