t_s,infer_ms,n_boxes,phase,stage,n_W,pcu_W,n_E,pcu_E,det_car,det_motorcycle,det_bus,det_truck,det_ambulance,det_bicycle,det_autorickshaw
0.0,349.65,41,,,6.3,3.12,7.0,4.87,10,29,2,0,0,0,0
0.033,123.65,33,,,10.04,5.03,9.45,6.91,8,23,2,0,0,0,0
0.067,133.03,34,,,12.83,6.39,11.04,8.23,8,24,2,0,0,0,0
0.1,227.17,31,,,14.29,7.16,11.03,8.01,8,22,1,0,0,0,0
0.133,137.13,33,,,14.89,7.56,12.77,9.16,8,23,1,1,0,0,0
0.167,133.67,35,,,15.63,7.92,14.25,10.02,8,25,1,1,0,0,0
0.2,250.87,36,,,16.11,8.16,15.21,10.82,9,25,1,1,0,0,0
0.234,149.74,35,,,16.77,8.42,15.14,10.11,8,26,1,0,0,0,0
0.267,134.1,33,,,17.2,8.59,14.74,9.3,7,25,1,0,0,0,0
0.3,125.49,37,,,16.78,8.49,15.18,9.23,9,27,1,0,0,0,0
0.334,113.92,34,,,16.51,8.42,15.12,8.84,7,26,1,0,0,0,0
0.367,141.54,32,,,15.98,8.27,15.08,9.35,7,23,1,1,0,0,0
0.4,134.42,29,,,15.29,8.07,14.7,9.58,7,20,1,1,0,0,0
0.434,144.7,32,,,15.19,8.05,14.45,9.72,8,22,1,1,0,0,0
0.467,129.34,31,,,14.42,7.58,14.3,9.82,8,21,1,1,0,0,0
0.501,124.21,33,,,13.92,7.02,15.59,10.3,7,24,1,1,0,0,0
0.534,138.19,32,,,13.6,6.67,16.08,10.51,7,23,1,1,0,0,0
0.567,137.95,29,,,13.04,6.33,15.71,10.44,7,20,1,1,0,0,0
0.601,120.11,30,,,12.33,6.0,16.51,10.95,7,21,1,1,0,0,0
0.634,124.27,30,,,12.21,5.9,16.68,10.93,6,22,1,1,0,0,0
0.667,158.34,32,,,12.84,6.53,16.44,10.82,8,22,1,1,0,0,0
0.701,145.17,34,,,13.59,6.8,16.64,11.09,8,24,1,1,0,0,0
0.734,192.55,33,,,14.44,7.32,16.41,11.16,9,22,1,1,0,0,0
0.767,155.56,32,,,13.93,7.11,16.97,11.42,8,22,1,1,0,0,0
0.801,143.84,33,,,13.96,7.07,16.98,11.24,7,24,1,1,0,0,0
0.834,142.45,33,,,14.32,7.15,16.64,11.26,8,23,1,1,0,0,0
0.868,137.03,32,,,14.56,7.2,16.06,10.92,7,23,1,1,0,0,0
0.901,133.24,33,,,14.71,7.24,16.04,11.06,8,23,1,1,0,0,0
0.934,137.58,33,,,15.51,7.47,15.68,10.51,8,24,1,0,0,0,0
0.968,143.38,32,,,14.98,7.3,15.79,10.26,8,23,1,0,0,0,0
1.001,152.4,28,,,13.94,6.99,15.16,9.89,8,19,1,0,0,0,0
1.034,137.7,31,,,14.66,7.2,14.76,9.65,8,22,1,0,0,0,0
1.068,212.64,33,,,15.13,7.34,15.19,10.47,8,23,1,1,0,0,0
1.101,143.98,33,,,15.08,7.33,15.47,11.01,8,23,1,1,0,0,0
1.134,119.06,32,,,14.7,7.21,15.66,11.35,8,22,1,1,0,0,0
1.168,128.34,36,,,14.81,7.24,16.83,12.14,9,25,1,1,0,0,0
1.201,157.95,36,,,15.58,7.47,16.89,12.2,8,26,1,1,0,0,0
1.235,152.47,35,,,16.77,8.08,16.23,11.25,9,25,1,0,0,0,0
1.268,143.71,32,,,17.2,8.37,15.1,11.2,9,21,1,1,0,0,0
1.301,127.8,31,,,16.78,8.34,14.71,11.27,9,20,1,1,0,0,0
1.335,141.47,30,,,16.16,7.98,14.46,11.07,7,21,1,1,0,0,0
1.368,131.44,33,,,15.75,7.74,15.35,11.26,7,24,1,1,0,0,0
1.401,141.99,32,,,16.54,7.9,14.53,11.2,8,22,1,1,0,0,0
1.435,125.43,34,,,17.05,8.01,15.04,11.48,8,24,1,1,0,0,0
1.468,143.0,32,,,17.03,7.97,15.03,11.56,8,22,1,1,0,0,0
1.502,124.35,27,,,15.62,7.28,14.67,11.26,6,19,1,1,0,0,0
1.535,183.95,32,,,16.1,7.5,14.43,11.06,7,23,1,1,0,0,0
1.568,138.95,32,,,16.07,7.53,14.63,11.04,7,23,1,1,0,0,0
1.602,305.18,36,,,17.44,8.22,14.41,10.92,8,26,1,1,0,0,0
1.635,133.13,35,,,17.99,8.32,14.27,11.09,8,25,1,1,0,0,0
1.668,109.28,31,,,16.59,7.86,14.52,11.06,7,22,1,1,0,0,0
1.702,161.13,29,,,15.34,7.21,14.34,10.93,6,21,1,1,0,0,0
1.735,145.15,30,,,14.87,6.89,13.87,10.75,6,22,1,1,0,0,0
1.768,125.56,34,,,15.96,7.59,13.92,10.73,8,24,1,1,0,0,0
1.802,148.87,27,,,14.93,7.04,13.25,10.51,6,19,1,1,0,0,0
1.835,146.42,30,,,14.6,7.02,13.51,10.58,7,21,1,1,0,0,0
1.869,228.32,31,,,14.74,7.12,14.03,10.72,7,22,1,1,0,0,0
1.902,238.95,31,,,15.88,7.74,13.67,10.61,8,21,1,1,0,0,0
1.935,146.08,33,,,16.62,8.15,14.14,10.75,8,23,1,1,0,0,0
1.969,141.69,36,,,17.11,8.41,15.14,11.05,8,26,1,1,0,0,0
2.002,144.86,36,,,17.42,8.58,15.79,11.24,8,26,1,1,0,0,0
2.035,145.44,35,,,17.62,8.69,16.21,11.37,8,25,1,1,0,0,0
2.069,221.6,34,,,18.1,8.87,15.79,11.24,8,24,1,1,0,0,0
2.102,145.48,36,,,18.77,9.09,15.51,11.15,8,26,1,1,0,0,0
2.135,142.38,33,,,18.85,9.13,14.98,10.23,8,24,1,0,0,0,0
2.169,136.93,33,,,18.9,9.15,14.29,9.52,8,24,1,0,0,0,0
2.202,138.87,31,,,17.89,8.86,13.84,9.06,8,22,1,0,0,0,0
2.236,132.3,33,,,17.23,8.66,14.24,8.97,8,24,1,0,0,0,0
2.269,132.06,30,,,16.8,8.29,13.81,8.7,7,22,1,0,0,0,0
2.302,126.21,29,,,16.17,7.94,12.83,9.08,7,20,2,0,0,0,0
2.336,129.08,33,,,17.16,8.38,12.84,8.65,8,24,1,0,0,0,0
2.369,141.57,33,,,17.45,8.32,13.24,9.37,7,24,2,0,0,0,0
2.402,201.84,32,,,17.29,8.17,13.51,9.83,7,23,2,0,0,0,0
2.436,153.07,32,,,16.84,8.22,13.68,10.14,8,22,2,0,0,0,0
2.469,121.66,32,,,16.9,8.35,13.44,10.23,8,22,2,0,0,0,0
2.502,108.87,31,,,16.58,8.33,12.94,10.18,8,21,2,0,0,0,0
2.536,123.04,29,,,16.38,8.08,12.26,9.28,7,21,1,0,0,0,0
2.569,127.81,33,,,16.6,8.26,12.52,9.67,8,23,1,1,0,0,0
2.603,150.56,34,,,16.39,8.03,13.39,10.38,8,24,1,1,0,0,0
2.636,240.36,30,,,16.25,7.88,12.9,10.28,7,21,1,1,0,0,0
2.669,122.65,30,,,15.46,7.57,12.24,10.11,7,21,1,1,0,0,0
2.703,108.5,28,,,14.6,7.51,11.8,10.0,8,18,1,1,0,0,0
2.736,104.63,31,,,15.09,7.79,11.87,10.04,8,21,1,1,0,0,0
2.769,113.4,30,,,14.71,7.51,12.27,10.41,8,20,1,1,0,0,0
2.803,148.62,30,,,14.46,7.58,12.17,9.53,8,21,1,0,0,0,0
2.836,127.06,30,,,13.95,7.27,12.46,9.84,7,21,1,1,0,0,0
2.87,196.17,29,,,14.32,7.28,11.95,9.05,7,21,1,0,0,0,0
2.903,150.82,30,,,14.56,7.29,12.32,8.75,7,22,1,0,0,0,0
2.936,140.61,27,,,15.06,7.4,11.51,8.25,7,19,1,0,0,0,0
2.97,134.63,34,,,15.74,7.82,12.73,9.45,9,23,2,0,0,0,0
3.003,136.85,31,,,15.48,7.64,13.52,10.24,8,21,2,0,0,0,0
3.036,133.34,30,,,15.31,7.52,13.69,10.65,8,20,2,0,0,0,0
3.07,130.32,27,,,15.2,7.44,13.06,10.61,8,17,2,0,0,0,0
3.103,228.24,31,,,16.18,8.2,12.69,10.68,10,19,2,0,0,0,0
3.136,124.5,30,,,16.47,8.34,12.8,10.58,8,20,2,0,0,0,0
3.17,130.62,27,,,16.3,8.32,11.82,9.43,8,18,1,0,0,0,0
3.203,123.27,26,,,15.5,8.11,11.53,8.79,8,17,1,0,0,0,0
3.237,222.83,28,,,15.32,8.07,11.7,9.49,9,17,2,0,0,0,0
3.27,111.78,31,,,16.61,8.71,11.45,9.6,9,20,2,0,0,0,0
3.303,123.78,29,,,16.75,8.67,11.29,9.67,8,19,2,0,0,0,0
3.337,125.33,31,,,17.19,9.0,11.54,9.82,9,20,2,0,0,0,0
3.37,136.88,27,,,16.42,8.65,11.7,9.92,8,17,2,0,0,0,0
3.403,114.47,28,,,15.57,8.07,11.81,9.98,7,19,2,0,0,0,0
3.437,123.15,29,,,14.67,7.84,12.57,10.23,8,19,1,1,0,0,0
3.47,119.19,28,,,14.44,7.79,12.37,10.19,8,18,1,1,0,0,0
3.504,110.51,27,,,13.23,7.2,12.94,10.37,7,18,1,1,0,0,0
3.537,106.98,30,,,13.85,7.48,12.96,10.38,8,20,2,0,0,0,0
3.57,103.37,29,,,14.25,7.66,12.63,10.04,8,19,1,1,0,0,0
3.604,112.94,34,,,15.57,8.09,13.11,10.02,8,24,1,1,0,0,0
3.637,117.9,28,,,15.37,8.06,12.37,8.93,8,19,1,0,0,0,0
3.67,115.58,33,,,16.99,8.56,11.54,8.11,8,24,1,0,0,0,0
3.704,138.14,30,,,18.39,9.0,10.3,7.37,8,21,1,0,0,0,0
3.737,128.24,30,,,18.26,8.96,10.2,7.1,8,21,1,0,0,0,0
3.77,122.53,31,,,18.52,9.05,10.48,7.8,8,21,2,0,0,0,0
3.804,151.28,31,,,18.34,8.99,10.66,8.26,8,21,2,0,0,0,0
3.837,154.81,28,,,17.52,8.75,10.04,7.48,8,19,1,0,0,0,0
3.871,155.15,30,,,17.34,8.7,9.68,7.83,8,20,2,0,0,0,0
3.904,122.97,30,,,16.87,8.56,9.79,8.17,8,20,2,0,0,0,0
3.937,145.9,31,,,16.91,8.57,10.21,8.5,8,21,2,0,0,0,0
3.971,144.46,31,,,16.94,8.58,10.84,8.81,8,21,2,0,0,0,0
4.004,125.37,30,,,16.96,8.59,10.9,8.91,8,20,2,0,0,0,0
4.037,137.32,31,,,17.33,8.7,10.93,8.98,8,21,2,0,0,0,0
4.071,111.87,27,,,16.16,8.35,10.96,9.02,8,17,2,0,0,0,0
4.104,102.84,31,,,16.11,8.33,11.32,9.15,8,21,2,0,0,0,0
4.137,108.04,28,,,15.72,8.22,11.21,9.13,8,18,2,0,0,0,0
4.171,222.07,29,,,15.82,8.25,11.14,9.12,8,19,2,0,0,0,0
4.204,117.01,31,,,16.93,8.58,10.74,9.01,8,21,2,0,0,0,0
4.238,103.74,30,,,18.01,9.15,9.78,8.73,9,19,2,0,0,0,0
4.271,101.92,29,,,18.7,9.52,8.81,7.67,9,19,1,0,0,0,0
4.304,103.01,28,,,18.81,9.65,8.17,6.98,9,18,1,0,0,0,0
4.338,119.66,28,,,18.52,9.14,8.11,6.64,7,20,1,0,0,0,0
4.371,130.74,28,,,18.69,9.41,7.72,6.31,9,18,1,0,0,0,0
4.404,197.93,28,,,18.45,9.47,7.47,6.1,9,18,1,0,0,0,0
4.438,118.42,31,,,18.99,9.73,8.01,6.94,9,20,2,0,0,0,0
4.471,105.94,31,,,18.99,9.79,8.7,7.59,9,20,2,0,0,0,0
4.505,111.83,32,,,19.35,9.93,9.16,8.01,9,21,2,0,0,0,0
4.538,173.18,32,,,19.93,10.13,9.1,8.18,9,21,2,0,0,0,0
4.571,108.19,31,,,20.3,10.26,8.37,7.31,9,21,1,0,0,0,0
4.605,107.02,31,,,20.55,10.34,7.89,6.75,9,21,1,0,0,0,0
4.638,165.62,29,,,20.0,10.19,7.23,6.28,9,19,1,0,0,0,0
4.671,108.59,28,,,19.65,10.09,6.8,5.97,9,18,1,0,0,0,0
4.705,105.85,28,,,19.42,10.02,6.17,5.67,9,18,1,0,0,0,0
4.738,107.68,32,,,19.63,10.08,7.16,5.89,9,22,1,0,0,0,0
4.771,105.38,29,,,19.41,10.02,7.1,5.82,9,19,1,0,0,0,0
4.805,111.22,31,,,19.26,9.98,7.42,5.88,9,20,2,0,0,0,0
4.838,127.51,30,,,19.17,9.95,7.27,5.82,9,20,1,0,0,0,0
4.872,105.67,28,,,18.41,9.48,7.53,5.88,8,19,1,0,0,0,0
4.905,104.76,28,,,17.92,9.42,8.04,6.03,9,18,1,0,0,0,0
4.938,124.41,26,,,17.25,9.03,7.68,5.67,8,17,1,0,0,0,0
4.972,107.02,28,,,17.16,8.88,8.14,6.41,8,18,2,0,0,0,0
5.005,106.43,30,,,17.1,8.53,8.79,7.49,9,19,2,0,0,0,0
5.038,130.48,32,,,17.42,8.66,9.21,7.95,9,21,2,0,0,0,0
5.072,143.56,29,,,17.27,8.64,9.14,8.14,9,18,2,0,0,0,0
5.105,126.11,31,,,17.53,8.73,9.44,8.62,10,19,2,0,0,0,0
5.138,104.84,30,,,17.34,8.69,9.64,8.16,10,19,1,0,0,0,0
5.172,171.18,29,,,16.87,8.55,9.76,7.86,10,18,1,0,0,0,0
5.205,101.36,27,,,16.57,8.71,9.15,7.21,10,16,1,0,0,0,0
5.239,105.5,26,,,16.72,8.92,8.05,6.33,8,17,1,0,0,0,0
5.272,100.99,25,,,16.82,9.05,7.33,6.0,9,15,1,0,0,0,0
5.305,104.83,28,,,16.53,9.03,8.61,7.33,9,17,2,0,0,0,0
5.339,100.75,26,,,16.35,9.02,9.1,8.09,9,15,2,0,0,0,0
5.372,99.54,27,,,15.87,8.91,9.41,7.81,9,17,1,0,0,0,0
5.405,102.04,28,,,15.92,8.7,9.62,7.63,9,18,1,0,0,0,0
5.439,99.37,26,,,16.3,8.66,8.7,6.96,8,17,1,0,0,0,0
5.472,108.56,25,,,15.84,8.43,7.76,6.41,8,16,1,0,0,0,0
5.506,107.3,26,,,15.9,8.38,7.84,6.27,8,17,1,0,0,0,0
5.539,105.45,27,,,15.58,8.25,8.6,6.38,8,18,1,0,0,0,0
5.572,102.48,28,,,16.08,8.62,8.74,6.35,9,18,1,0,0,0,0
5.606,107.23,30,,,16.4,8.86,9.53,6.55,9,20,1,0,0,0,0
5.639,120.86,26,,,16.26,8.91,9.34,6.46,9,16,1,0,0,0,0
5.672,108.1,24,,,15.47,8.73,8.87,6.3,9,14,1,0,0,0,0
5.706,105.96,24,,,14.96,8.61,8.92,6.3,9,14,1,0,0,0,0
5.739,103.28,25,,,14.62,8.54,8.95,7.07,9,14,2,0,0,0,0
5.772,118.51,23,,,14.4,8.49,8.27,7.36,9,12,2,0,0,0,0
5.806,135.08,24,,,14.26,8.46,8.17,7.65,9,13,2,0,0,0,0
5.839,124.04,25,,,14.17,8.44,8.46,7.95,8,15,1,1,0,0,0
5.873,124.37,22,,,14.11,8.42,8.3,7.27,8,13,1,0,0,0,0
5.906,101.37,24,,,14.42,8.52,8.2,6.82,8,15,1,0,0,0,0
5.939,102.57,23,,,14.62,8.58,7.78,6.43,8,14,1,0,0,0,0
5.973,109.29,24,,,14.76,8.62,8.2,7.15,8,14,2,0,0,0,0
6.006,109.81,25,,,14.84,8.65,8.44,7.52,8,15,2,0,0,0,0
6.039,104.75,24,,,14.9,8.67,8.64,7.87,8,14,2,0,0,0,0
6.073,104.37,23,,,14.58,8.57,8.76,8.09,8,13,1,1,0,0,0
6.106,100.31,24,,,15.08,8.72,8.5,8.13,8,14,2,0,0,0,0
6.139,112.57,26,,,15.75,8.93,8.67,8.26,8,16,2,0,0,0,0
6.173,111.03,23,,,15.14,8.74,8.79,8.34,8,13,2,0,0,0,0
6.206,113.42,22,,,15.09,8.73,8.16,8.19,8,12,2,0,0,0,0
6.24,108.18,26,,,15.76,8.93,8.41,8.2,8,16,2,0,0,0,0
6.273,100.29,24,,,16.54,9.16,7.57,7.22,8,15,1,0,0,0,0
6.306,115.62,25,,,16.7,9.21,7.37,7.46,8,15,2,0,0,0,0
6.34,112.02,25,,,16.46,9.14,7.59,7.72,8,15,2,0,0,0,0
6.373,132.04,27,,,15.95,8.98,8.43,8.34,9,16,2,0,0,0,0
6.406,107.1,26,,,15.27,8.78,8.98,8.75,9,15,2,0,0,0,0
6.44,137.17,24,,,14.82,8.65,8.99,8.91,9,13,2,0,0,0,0
6.473,111.58,27,,,14.53,8.56,9.69,9.22,9,16,2,0,0,0,0
6.506,121.24,27,,,15.05,8.71,9.8,9.32,9,16,2,0,0,0,0
6.54,111.77,24,,,15.03,8.71,9.17,8.93,8,14,2,0,0,0,0
6.573,119.83,27,,,14.67,8.6,10.16,9.34,9,16,2,0,0,0,0
6.607,136.35,25,,,14.09,8.43,10.8,9.6,9,14,2,0,0,0,0
6.64,120.61,24,,,14.06,8.42,10.52,9.32,8,14,2,0,0,0,0
6.673,121.03,24,,,14.04,8.41,10.34,9.14,8,14,2,0,0,0,0
6.707,129.36,27,,,15.42,8.83,9.87,8.92,8,17,2,0,0,0,0
6.74,116.19,26,,,15.98,8.99,9.22,8.67,8,16,2,0,0,0,0
6.773,98.03,23,,,15.28,8.79,9.14,8.61,8,13,2,0,0,0,0
6.807,122.01,25,,,14.83,8.65,9.79,8.78,8,15,2,0,0,0,0
6.84,107.61,27,,,14.54,8.56,10.56,9.0,8,17,2,0,0,0,0
6.874,115.15,28,,,14.7,8.61,10.37,8.93,8,18,2,0,0,0,0
6.907,117.76,28,,,15.16,8.75,10.24,8.88,8,18,2,0,0,0,0
6.94,107.13,30,,,15.8,8.94,10.5,8.96,8,20,2,0,0,0,0
6.974,126.93,32,,,16.22,9.07,11.03,9.36,9,21,2,0,0,0,0
7.007,143.94,31,,,15.79,8.94,11.37,9.62,10,19,2,0,0,0,0
7.04,142.55,33,,,16.22,9.06,11.59,9.79,10,21,2,0,0,0,0
7.074,126.61,31,,,15.79,8.94,12.08,10.0,10,19,2,0,0,0,0
7.107,129.1,31,,,15.86,8.96,12.05,10.04,10,19,2,0,0,0,0
7.14,130.07,33,,,16.26,9.08,12.39,10.41,11,20,2,0,0,0,0
7.174,124.2,33,,,16.87,9.26,12.6,10.41,10,21,2,0,0,0,0
7.207,130.54,32,,,16.92,9.27,12.74,10.4,10,20,2,0,0,0,0
7.241,142.96,33,,,16.6,9.18,13.53,10.61,9,22,2,0,0,0,0
7.274,131.93,34,,,16.74,9.22,14.05,10.75,10,22,2,0,0,0,0
7.307,122.86,33,,,16.48,9.14,14.73,11.19,11,20,2,0,0,0,0
7.341,111.85,29,,,14.91,8.43,15.17,11.72,10,17,2,0,0,0,0
7.374,112.19,29,,,14.59,8.17,14.76,11.36,8,19,2,0,0,0,0
7.407,122.27,33,,,15.44,8.32,14.85,11.48,9,22,2,0,0,0,0
7.441,116.46,31,,,15.98,8.42,14.55,10.93,10,20,1,0,0,0,0
7.474,106.38,31,,,14.94,8.06,14.71,11.2,9,20,2,0,0,0,0
7.508,112.42,36,,,16.01,8.36,14.81,11.62,10,24,2,0,0,0,0
7.541,118.47,32,,,16.01,8.34,14.53,11.79,10,20,2,0,0,0,0
7.574,110.58,29,,,15.3,8.11,13.99,10.78,9,19,1,0,0,0,0
7.608,102.5,31,,,15.2,8.07,13.99,10.99,9,20,2,0,0,0,0
7.641,109.21,33,,,15.83,8.26,14.7,11.35,9,22,2,0,0,0,0
7.674,111.1,33,,,15.89,8.27,15.5,11.93,10,21,2,0,0,0,0
7.708,121.72,34,,,16.28,8.39,16.03,12.3,10,22,2,0,0,0,0
7.741,114.9,31,,,16.18,8.36,15.67,12.34,10,19,2,0,0,0,0
7.774,138.08,36,,,17.17,8.9,16.13,12.57,11,23,2,0,0,0,0
7.808,125.28,35,,,17.46,8.9,16.09,12.61,10,23,2,0,0,0,0
7.841,109.92,32,,,16.95,8.69,15.71,12.29,9,21,2,0,0,0,0
7.875,113.97,32,,,16.97,8.9,15.46,12.09,10,20,2,0,0,0,0
7.908,106.63,30,,,16.98,8.8,14.6,11.74,9,19,2,0,0,0,0
7.941,121.72,31,,,16.99,8.97,14.39,11.62,10,19,2,0,0,0,0
7.975,104.44,32,,,17.69,9.3,13.9,11.19,9,21,2,0,0,0,0
8.008,110.68,31,,,17.45,9.05,13.94,11.27,9,20,2,0,0,0,0
8.041,123.24,30,,,17.29,9.14,13.61,11.21,10,18,2,0,0,0,0
8.075,105.38,30,,,17.19,8.71,13.4,11.17,8,20,2,0,0,0,0
8.108,100.29,27,,,17.12,8.42,12.21,10.59,7,18,2,0,0,0,0
8.141,107.69,33,,,17.78,8.94,12.83,10.87,10,21,2,0,0,0,0
8.175,115.24,33,,,18.56,9.38,12.54,10.85,10,21,2,0,0,0,0
8.208,125.84,33,,,19.06,9.91,12.7,10.93,11,20,2,0,0,0,0
8.242,108.9,34,,,19.74,10.36,12.81,10.99,11,21,2,0,0,0,0
8.275,106.82,34,,,19.83,10.55,13.22,11.38,12,20,2,0,0,0,0
8.308,104.52,32,,,19.54,10.57,13.15,11.81,10,19,3,0,0,0,0
8.342,107.68,33,,,19.7,10.68,13.09,11.56,11,20,2,0,0,0,0
8.375,103.72,33,,,19.46,10.65,12.36,11.19,11,20,2,0,0,0,0
8.408,104.93,30,,,18.25,10.08,11.54,10.84,10,18,2,0,0,0,0
8.442,107.07,32,,,17.81,9.8,12.05,10.93,10,20,2,0,0,0,0
8.475,106.54,32,,,17.88,9.73,12.03,10.89,10,20,2,0,0,0,0
8.508,125.63,33,,,17.57,9.58,12.72,11.07,10,21,2,0,0,0,0
8.542,114.17,35,,,17.37,9.24,13.52,11.29,9,24,2,0,0,0,0
8.575,110.11,33,,,17.24,9.01,14.04,11.43,9,22,2,0,0,0,0
8.609,171.16,32,,,17.16,8.87,14.02,11.42,9,21,2,0,0,0,0
8.642,124.09,33,,,17.45,8.88,14.02,11.41,9,22,2,0,0,0,0
8.675,110.44,31,,,17.29,8.78,13.66,11.3,9,20,2,0,0,0,0
8.709,108.18,32,,,17.19,8.96,14.13,11.44,10,20,2,0,0,0,0
8.742,109.36,32,,,16.77,8.98,14.78,11.64,10,20,2,0,0,0,0
8.775,134.53,29,,,16.5,8.98,14.16,11.45,10,17,2,0,0,0,0
8.809,126.67,25,,,15.98,9.13,12.7,10.77,10,13,2,0,0,0,0
8.842,112.27,28,,,15.99,9.33,12.46,10.53,10,16,2,0,0,0,0
8.876,109.41,32,,,17.39,9.88,12.3,10.38,10,20,2,0,0,0,0
8.909,112.44,32,,,17.95,10.13,12.54,10.63,11,19,2,0,0,0,0
8.942,109.49,29,,,17.97,10.19,12.0,10.59,11,16,2,0,0,0,0
8.976,102.3,29,,,17.98,10.23,11.65,10.56,11,16,2,0,0,0,0
9.009,142.88,33,,,18.34,10.36,12.12,10.75,11,20,2,0,0,0,0
9.042,171.5,31,,,17.87,9.99,11.73,10.42,10,19,2,0,0,0,0
9.076,118.07,30,,,17.92,9.85,11.12,10.09,9,19,2,0,0,0,0
9.109,108.56,29,,,17.59,9.41,10.73,9.89,9,18,2,0,0,0,0
9.142,108.51,28,,,17.04,9.02,10.48,9.75,9,17,2,0,0,0,0
9.176,111.7,31,,,17.37,9.23,10.66,10.01,11,18,2,0,0,0,0
9.209,137.03,28,,,17.24,9.25,10.43,9.31,11,16,1,0,0,0,0
9.243,130.76,29,,,17.51,9.37,10.28,8.85,11,17,1,0,0,0,0
9.276,120.03,30,,,17.68,9.45,10.53,9.43,11,17,2,0,0,0,0
9.309,107.67,35,,,18.49,9.71,11.75,10.12,11,22,2,0,0,0,0
9.343,105.08,32,,,18.32,9.43,11.83,9.59,10,21,1,0,0,0,0
9.376,115.2,31,,,17.86,9.14,11.89,10.01,10,19,2,0,0,0,0
9.409,116.46,32,,,17.91,9.06,12.28,10.39,10,20,2,0,0,0,0
9.443,112.9,30,,,17.59,8.9,12.18,10.54,10,18,2,0,0,0,0
9.476,120.14,30,,,17.73,8.9,11.77,10.52,10,18,2,0,0,0,0
9.51,105.76,32,,,18.53,9.11,11.5,10.51,10,20,2,0,0,0,0
9.543,113.54,32,,,18.34,9.04,11.67,10.61,10,20,2,0,0,0,0
9.576,112.48,34,,,17.87,8.88,12.14,10.78,10,22,2,0,0,0,0
9.61,105.82,31,,,16.87,8.57,12.44,11.14,11,18,2,0,0,0,0
9.643,103.47,31,,,16.56,8.48,11.94,10.92,10,19,2,0,0,0,0
9.676,110.13,34,,,17.07,8.87,12.31,11.23,11,21,2,0,0,0,0
9.71,110.7,32,,,17.04,8.78,12.9,11.53,10,20,2,0,0,0,0
9.743,106.42,30,,,16.33,8.5,13.29,11.98,11,17,2,0,0,0,0
9.776,106.28,32,,,16.21,8.43,13.54,12.02,10,20,2,0,0,0,0
9.81,114.63,31,,,16.14,8.63,13.7,12.05,11,18,2,0,0,0,0
9.843,123.04,32,,,16.09,8.52,14.15,12.17,10,20,2,0,0,0,0
9.877,123.23,31,,,16.06,8.68,14.1,12.15,11,18,2,0,0,0,0
9.91,114.37,31,,,16.04,8.55,14.06,12.13,10,19,2,0,0,0,0
9.943,108.14,29,,,16.02,8.46,13.69,12.01,10,17,2,0,0,0,0
9.977,102.44,30,,,16.72,8.62,13.1,11.83,10,18,2,0,0,0,0
10.01,106.06,33,,,17.52,9.07,13.41,11.93,11,20,2,0,0,0,0
10.043,98.99,30,,,16.99,8.8,13.62,11.99,10,18,2,0,0,0,0
10.077,114.42,32,,,16.64,8.38,14.45,12.24,9,21,2,0,0,0,0
10.11,107.54,33,,,16.77,8.46,14.99,12.4,10,21,2,0,0,0,0
10.143,103.56,30,,,16.5,8.65,14.65,12.29,11,17,2,0,0,0,0
10.177,112.91,29,,,16.32,8.77,14.07,12.12,11,16,2,0,0,0,0
10.21,126.39,32,,,16.56,8.71,14.05,12.11,10,20,2,0,0,0,0
10.244,135.8,32,,,17.06,9.02,13.68,12.0,11,19,2,0,0,0,0
10.277,112.94,31,,,17.39,9.22,13.09,11.58,10,19,2,0,0,0,0
10.31,112.33,30,,,17.6,9.36,12.36,11.2,10,18,2,0,0,0,0
10.344,117.46,29,,,17.39,9.34,12.23,11.06,10,17,2,0,0,0,0
10.377,118.19,26,,,16.21,8.76,11.8,10.87,9,15,2,0,0,0,0
10.41,105.83,25,,,15.43,8.64,11.17,10.63,10,13,2,0,0,0,0
10.444,121.79,24,,,14.93,8.55,10.76,10.73,11,11,2,0,0,0,0
10.477,138.37,26,,,14.61,8.5,10.84,10.89,11,13,2,0,0,0,0
10.511,111.88,27,,,15.09,8.67,10.9,11.0,11,14,2,0,0,0,0
10.544,116.45,23,,,14.36,8.47,10.58,10.72,10,11,2,0,0,0,0
10.577,249.07,26,,,14.93,8.66,10.38,10.54,10,14,2,0,0,0,0
10.611,126.64,28,,,15.66,8.88,10.6,10.52,10,16,2,0,0,0,0
10.644,127.79,28,,,16.13,9.03,10.74,10.52,10,16,2,0,0,0,0
10.677,121.09,28,,,16.43,9.12,10.83,10.51,10,16,2,0,0,0,0
10.711,125.61,28,,,16.28,9.08,11.24,10.61,10,16,2,0,0,0,0
10.744,115.92,27,,,16.18,9.05,11.16,10.57,10,15,2,0,0,0,0
10.777,122.51,30,,,16.47,9.14,11.45,10.9,11,17,2,0,0,0,0
10.811,112.68,28,,,16.3,9.09,11.64,11.11,11,15,2,0,0,0,0
10.844,122.71,29,,,16.9,9.27,11.42,10.9,10,17,2,0,0,0,0
10.878,123.06,29,,,16.93,9.28,11.62,10.86,10,17,2,0,0,0,0
10.911,100.0,27,,,16.26,9.08,11.75,10.84,10,15,2,0,0,0,0
10.944,163.05,29,,,15.82,8.94,11.84,10.83,11,16,2,0,0,0,0
10.978,119.1,27,,,15.88,8.96,11.2,10.61,11,14,2,0,0,0,0
11.011,110.41,28,,,15.92,8.98,10.78,10.46,11,15,2,0,0,0,0
11.044,106.77,30,,,15.6,8.88,11.21,10.58,12,16,2,0,0,0,0
11.078,184.28,27,,,15.04,8.71,11.13,10.55,12,13,2,0,0,0,0
11.111,181.28,30,,,15.03,8.71,11.79,10.99,12,16,2,0,0,0,0
11.144,159.06,28,,,15.02,8.71,11.51,11.06,12,14,2,0,0,0,0
11.178,118.07,30,,,15.36,8.81,11.68,11.22,12,16,2,0,0,0,0
11.211,110.23,27,,,15.23,8.77,11.44,11.21,12,13,2,0,0,0,0
11.245,111.55,27,,,15.5,8.85,11.29,11.21,11,14,2,0,0,0,0
11.278,101.27,27,,,15.68,8.9,11.19,11.2,11,14,2,0,0,0,0
11.311,100.88,25,,,15.09,8.73,10.77,11.1,11,12,2,0,0,0,0
11.345,115.54,26,,,14.71,8.61,10.85,11.13,11,13,2,0,0,0,0
11.378,100.72,26,,,14.81,8.64,10.2,10.95,11,13,2,0,0,0,0
11.411,106.01,30,,,14.88,8.66,11.18,11.25,11,17,2,0,0,0,0
11.445,103.19,27,,,14.92,8.68,11.12,11.23,11,14,2,0,0,0,0
11.478,114.54,26,,,14.95,8.68,10.73,11.11,11,13,2,0,0,0,0
11.511,116.07,26,,,14.97,8.69,10.47,11.04,11,13,2,0,0,0,0
11.545,121.41,27,,,14.63,8.59,10.66,11.1,11,14,2,0,0,0,0
11.578,101.02,24,,,13.71,8.31,10.78,11.13,11,11,2,0,0,0,0
11.612,100.86,27,,,13.81,8.34,10.86,11.16,11,14,2,0,0,0,0
11.645,116.16,27,,,13.88,8.36,10.91,11.17,11,14,2,0,0,0,0
11.678,114.62,28,,,13.92,8.38,11.64,11.39,11,15,2,0,0,0,0
11.712,103.38,29,,,13.95,8.38,12.47,11.64,11,16,2,0,0,0,0
11.745,105.85,32,,,15.02,8.95,12.65,11.7,12,18,2,0,0,0,0
11.778,100.03,30,,,15.36,9.21,12.42,11.63,12,16,2,0,0,0,0
11.812,99.75,28,,,14.88,8.93,12.28,11.58,11,15,2,0,0,0,0
11.845,105.24,27,,,14.22,8.64,12.18,11.55,11,14,2,0,0,0,0
11.879,99.25,26,,,13.8,8.45,12.12,11.53,11,13,2,0,0,0,0
11.912,97.77,29,,,14.22,8.78,12.43,11.63,12,15,2,0,0,0,0
11.945,101.58,27,,,14.49,8.75,12.28,11.58,11,14,2,0,0,0,0
11.979,102.54,27,,,14.67,8.49,11.83,11.45,10,15,2,0,0,0,0
12.012,107.97,27,,,14.09,8.11,12.59,11.68,10,15,2,0,0,0,0
12.045,107.03,29,,,14.76,8.18,12.73,11.72,10,17,2,0,0,0,0
12.079,124.64,31,,,15.54,8.32,13.18,11.85,10,19,2,0,0,0,0
12.112,113.8,29,,,15.7,8.56,13.11,11.83,11,16,2,0,0,0,0
12.145,117.4,29,,,16.16,8.82,12.72,11.72,11,16,2,0,0,0,0
12.179,173.92,30,,,16.8,9.09,12.47,11.64,11,17,2,0,0,0,0
12.212,107.51,29,,,16.17,8.96,13.01,11.8,11,16,2,0,0,0,0
12.246,109.68,30,,,16.11,8.97,13.35,11.91,11,17,2,0,0,0,0
12.279,117.81,29,,,16.07,8.98,13.23,11.87,11,16,2,0,0,0,0
12.312,111.81,26,,,15.35,8.78,12.8,11.49,10,14,2,0,0,0,0
12.346,109.02,28,,,15.93,8.96,12.17,11.15,10,16,2,0,0,0,0
12.379,126.36,29,,,16.3,9.08,12.11,11.03,10,17,2,0,0,0,0
12.412,126.52,28,,,16.55,9.16,11.72,10.84,10,16,2,0,0,0,0
12.446,104.71,27,,,16.35,9.1,11.47,10.72,10,15,2,0,0,0,0
12.479,116.04,27,,,16.93,9.28,10.6,10.43,10,15,2,0,0,0,0
12.513,110.77,28,,,16.6,9.18,10.74,10.46,11,15,2,0,0,0,0
12.546,106.33,30,,,17.44,9.43,10.48,10.37,11,17,2,0,0,0,0
12.579,121.26,29,,,17.29,9.63,10.31,10.31,12,15,2,0,0,0,0
12.613,119.64,30,,,17.19,9.76,10.2,10.27,12,16,2,0,0,0,0
12.646,123.12,30,,,17.12,9.84,10.13,10.25,12,16,2,0,0,0,0
12.679,107.76,28,,,16.03,9.58,10.44,10.33,12,14,2,0,0,0,0
12.713,109.39,31,,,16.37,9.73,10.63,10.39,12,17,2,0,0,0,0
12.746,120.31,30,,,15.89,9.61,11.46,10.64,12,16,2,0,0,0,0
12.779,113.04,29,,,15.58,9.54,12.0,10.8,11,16,2,0,0,0,0
12.813,106.5,30,,,15.73,9.6,12.7,11.01,11,17,2,0,0,0,0
12.846,115.87,29,,,15.47,9.28,12.81,11.04,11,16,2,0,0,0,0
12.88,112.99,28,,,14.96,8.97,12.87,11.06,11,15,2,0,0,0,0
12.913,116.45,30,,,14.97,8.88,13.27,11.18,11,17,2,0,0,0,0
12.946,114.03,29,,,14.98,8.82,13.17,11.15,11,16,2,0,0,0,0
12.98,101.13,29,,,14.99,8.78,13.11,11.13,11,16,2,0,0,0,0
13.013,98.63,30,,,14.99,8.75,13.77,11.58,11,17,2,0,0,0,0
13.046,117.96,33,,,15.69,8.94,14.55,11.97,11,20,2,0,0,0,0
13.08,109.47,29,,,15.45,8.86,14.36,12.02,11,16,2,0,0,0,0
13.113,105.76,30,,,14.94,8.7,14.58,12.15,11,17,2,0,0,0,0
13.146,106.57,31,,,14.96,8.94,14.73,12.24,12,17,2,0,0,0,0
13.18,121.59,29,,,14.28,8.65,14.47,12.19,11,16,2,0,0,0,0
13.213,120.12,32,,,14.18,8.56,14.66,12.26,11,19,2,0,0,0,0
13.247,109.97,34,,,14.82,8.96,15.48,12.52,12,20,2,0,0,0,0
13.28,111.34,32,,,15.23,9.22,15.31,12.48,12,18,2,0,0,0,0
13.313,110.23,29,,,15.15,9.28,14.5,12.24,12,15,2,0,0,0,0
13.347,112.54,31,,,15.8,9.53,13.98,12.09,12,17,2,0,0,0,0
13.38,94.63,28,,,15.17,9.14,13.63,11.99,11,15,2,0,0,0,0
13.413,102.28,29,,,15.11,8.98,13.41,11.68,10,17,2,0,0,0,0
13.447,102.99,29,,,15.42,8.99,13.27,11.47,10,17,2,0,0,0,0
13.48,98.52,30,,,15.97,9.1,13.17,11.34,10,18,2,0,0,0,0
13.514,112.35,30,,,15.98,9.06,13.46,11.36,10,18,2,0,0,0,0
13.547,128.22,27,,,15.64,8.94,12.95,11.17,10,15,2,0,0,0,0
13.58,112.58,27,,,15.42,8.85,12.62,11.04,10,15,2,0,0,0,0
13.614,130.65,29,,,15.97,9.01,12.4,10.95,10,17,2,0,0,0,0
13.647,113.11,30,,,16.33,9.11,12.61,11.01,10,18,2,0,0,0,0
13.68,113.54,28,,,16.56,9.18,12.05,10.83,10,16,2,0,0,0,0
13.714,101.16,30,,,16.72,9.22,12.38,10.92,10,18,2,0,0,0,0
13.747,109.14,30,,,16.82,9.25,12.25,10.88,10,18,2,0,0,0,0
13.78,106.32,29,,,17.23,9.62,11.81,10.75,11,16,2,0,0,0,0
13.814,99.53,28,,,17.15,9.75,11.53,10.91,12,14,2,0,0,0,0
13.847,99.5,28,,,17.45,9.94,10.99,10.66,11,15,2,0,0,0,0
13.881,98.68,28,,,17.64,10.07,10.65,10.5,11,15,2,0,0,0,0
13.914,104.66,28,,,17.42,10.04,10.42,10.39,11,15,2,0,0,0,0
13.947,101.13,28,,,16.92,9.92,10.27,10.33,11,15,2,0,0,0,0
13.981,96.92,26,,,16.6,9.85,9.48,9.83,10,14,2,0,0,0,0
14.014,102.08,28,,,16.39,9.79,9.66,9.71,10,16,2,0,0,0,0
14.047,100.72,29,,,15.9,9.41,10.48,10.09,10,17,2,0,0,0,0
14.081,103.38,28,,,15.94,9.51,10.31,10.13,11,15,2,0,0,0,0
14.114,119.64,30,,,15.96,9.58,11.25,10.71,12,16,2,0,0,0,0
14.147,108.52,30,,,15.97,9.62,11.86,11.09,12,16,2,0,0,0,0
14.181,102.78,31,,,16.68,9.86,12.26,11.1,11,18,2,0,0,0,0
14.214,102.91,31,,,16.44,9.56,12.87,11.45,11,18,2,0,0,0,0
14.248,103.95,28,,,15.59,8.91,12.92,11.33,9,17,2,0,0,0,0
14.281,103.47,30,,,16.08,9.29,12.95,11.49,12,16,2,0,0,0,0
14.314,108.81,29,,,16.05,9.43,12.96,11.6,12,15,2,0,0,0,0
14.348,93.72,28,,,16.03,9.53,12.63,11.56,12,14,2,0,0,0,0
14.381,99.64,28,,,15.67,9.24,12.41,11.54,11,15,2,0,0,0,0
14.414,108.01,33,,,15.79,9.4,14.01,12.05,12,19,2,0,0,0,0
14.448,100.07,30,,,15.51,9.15,14.36,12.17,11,17,2,0,0,0,0
14.481,107.82,32,,,15.68,9.1,14.93,12.36,11,19,2,0,0,0,0
14.514,106.78,30,,,15.44,8.96,14.61,12.27,11,17,2,0,0,0,0
14.548,114.78,30,,,14.94,8.76,14.74,12.31,11,17,2,0,0,0,0
14.581,106.48,31,,,14.96,8.74,14.83,12.1,10,19,2,0,0,0,0
14.615,103.59,28,,,14.27,8.52,14.54,12.1,11,15,2,0,0,0,0
14.648,110.57,30,,,14.53,8.58,14.35,12.1,11,17,2,0,0,0,0
14.681,119.19,34,,,15.39,9.08,14.93,12.31,12,20,2,0,0,0,0
14.715,106.61,33,,,15.96,9.4,14.95,12.34,12,19,2,0,0,0,0
14.748,112.49,33,,,16.32,9.61,14.97,12.36,12,19,2,0,0,0,0
14.781,107.44,35,,,16.91,9.85,15.33,12.48,12,21,2,0,0,0,0
14.815,91.63,25,,,15.54,9.48,13.81,11.54,10,13,2,0,0,0,0
14.848,98.62,26,,,15.35,9.45,12.83,11.18,11,13,2,0,0,0,0
14.882,93.89,32,,,16.28,9.75,13.24,12.03,11,18,3,0,0,0,0
14.915,91.5,32,,,17.23,10.05,13.16,11.7,11,19,2,0,0,0,0
14.948,86.29,30,,,17.15,10.03,13.1,11.49,11,17,2,0,0,0,0
14.982,88.18,29,,,17.1,10.02,12.72,11.0,10,17,2,0,0,0,0
15.015,93.52,33,,,17.41,10.12,13.17,11.39,12,19,2,0,0,0,0
15.048,91.8,32,,,17.27,10.08,13.46,11.15,10,20,2,0,0,0,0
15.082,92.11,37,,,17.52,9.91,14.35,11.45,11,24,2,0,0,0,0
15.115,86.66,34,,,16.99,9.59,14.93,11.39,10,22,2,0,0,0,0
15.148,90.49,33,,,16.29,9.28,15.65,11.47,10,21,2,0,0,0,0
15.182,88.18,30,,,15.49,8.73,15.42,11.3,9,19,2,0,0,0,0
15.215,87.09,33,,,16.02,8.68,15.28,11.2,9,22,2,0,0,0,0
15.249,88.05,33,,,16.01,8.79,15.18,11.13,10,21,2,0,0,0,0
15.282,88.99,34,,,16.36,8.97,15.12,11.08,10,22,2,0,0,0,0
15.315,81.94,32,,,16.58,9.09,14.38,10.84,10,20,2,0,0,0,0
15.349,89.44,34,,,17.08,9.02,13.89,10.69,9,23,2,0,0,0,0
15.382,83.77,32,,,16.7,9.01,13.58,10.59,10,20,2,0,0,0,0
15.415,85.2,30,,,16.46,9.01,12.68,10.31,10,18,2,0,0,0,0
15.449,87.58,32,,,17.0,9.22,12.44,10.48,10,20,2,0,0,0,0
15.482,85.56,32,,,17.7,9.46,12.29,10.84,11,19,2,0,0,0,0
15.515,90.29,33,,,18.5,9.72,12.19,10.83,10,21,2,0,0,0,0
15.549,87.03,34,,,19.03,9.89,12.47,10.92,10,22,2,0,0,0,0
15.582,86.16,32,,,19.37,10.0,11.96,10.77,10,20,2,0,0,0,0
15.616,85.62,33,,,19.94,10.17,11.27,10.57,10,21,2,0,0,0,0
15.649,84.49,30,,,19.26,9.97,10.83,10.44,10,18,2,0,0,0,0
15.682,87.27,33,,,19.17,9.95,10.89,10.71,12,19,2,0,0,0,0
15.716,85.12,33,,,18.76,9.83,11.28,10.98,12,19,2,0,0,0,0
15.749,90.89,32,,,18.49,9.75,11.18,11.06,11,19,2,0,0,0,0
15.782,84.46,32,,,18.32,9.7,11.47,11.21,11,19,2,0,0,0,0
15.816,86.93,34,,,18.91,9.87,11.65,11.31,11,21,2,0,0,0,0
15.849,87.79,34,,,19.29,9.99,12.12,11.48,11,21,2,0,0,0,0
15.883,87.2,33,,,19.19,9.71,12.43,11.59,10,21,2,0,0,0,0
15.916,83.82,33,,,19.12,9.78,12.63,11.42,10,21,2,0,0,0,0
15.949,89.0,36,,,19.78,10.03,13.46,11.76,11,23,2,0,0,0,0
15.983,86.82,34,,,20.56,10.3,12.95,11.67,11,21,2,0,0,0,0
16.016,89.09,34,,,20.01,10.16,13.32,11.82,11,21,2,0,0,0,0
16.049,91.07,33,,,20.01,10.17,12.86,11.71,11,20,2,0,0,0,0
16.083,89.72,35,,,20.01,10.18,12.91,11.74,11,22,2,0,0,0,0
16.116,83.29,30,,,19.3,9.98,12.24,11.31,10,18,2,0,0,0,0
16.149,84.01,32,,,19.2,9.95,12.16,11.13,10,20,2,0,0,0,0
16.183,84.26,31,,,18.78,9.83,12.1,11.01,10,19,2,0,0,0,0
16.216,88.69,32,,,18.51,9.75,12.42,11.29,11,19,2,0,0,0,0
16.25,85.56,31,,,18.68,9.8,11.92,11.26,11,18,2,0,0,0,0
16.283,86.4,32,,,18.79,9.84,11.95,11.34,11,19,2,0,0,0,0
16.316,85.66,31,,,18.86,9.86,11.97,11.4,11,18,2,0,0,0,0
16.35,89.32,35,,,19.61,10.08,12.68,11.64,11,22,2,0,0,0,0
16.383,86.5,32,,,19.4,10.02,12.79,11.45,10,20,2,0,0,0,0
16.416,82.1,27,,,18.56,9.77,11.81,11.26,11,14,2,0,0,0,0
16.45,82.75,26,,,18.36,9.71,10.48,10.68,10,14,2,0,0,0,0
16.483,84.25,29,,,18.94,9.88,9.96,10.65,11,16,2,0,0,0,0
16.517,87.84,31,,,19.66,10.1,9.62,10.63,11,18,2,0,0,0,0
16.55,84.9,31,,,19.78,10.13,9.41,10.62,11,18,2,0,0,0,0
16.583,83.67,28,,,19.51,10.05,8.56,10.16,10,16,2,0,0,0,0
16.617,84.38,27,,,19.33,10.0,8.02,9.86,10,15,2,0,0,0,0
16.65,80.51,27,,,19.21,9.96,7.66,9.66,10,15,2,0,0,0,0
16.683,85.89,28,,,19.14,9.94,7.78,9.64,10,16,2,0,0,0,0
16.717,82.15,27,,,18.74,9.82,7.86,9.38,9,16,2,0,0,0,0
16.75,81.92,25,,,17.78,9.53,7.91,9.7,12,11,2,0,0,0,0
16.783,81.79,25,,,17.51,9.45,7.94,9.91,11,12,2,0,0,0,0
16.817,84.17,28,,,17.68,9.5,8.31,10.15,12,14,2,0,0,0,0
16.85,84.58,31,,,18.49,9.75,8.9,10.41,12,17,2,0,0,0,0
16.884,87.9,24,,,16.92,9.03,8.24,10.02,11,11,2,0,0,0,0
16.917,83.44,27,,,16.95,8.88,7.45,8.9,11,14,2,0,0,0,0
16.95,86.47,24,,,16.62,8.68,6.94,8.16,9,13,2,0,0,0,0
16.984,80.44,23,,,16.4,8.55,6.61,7.69,9,12,2,0,0,0,0
17.017,82.85,26,,,16.96,8.67,6.4,7.38,9,15,2,0,0,0,0
17.05,88.49,28,,,18.02,8.96,6.61,7.52,10,16,2,0,0,0,0
17.084,82.43,26,,,18.02,8.94,6.75,7.62,10,14,2,0,0,0,0
17.117,88.96,27,,,18.36,9.03,6.84,7.44,9,16,2,0,0,0,0
17.15,82.01,26,,,17.88,8.88,6.54,7.21,9,15,2,0,0,0,0
17.184,83.4,28,,,17.57,8.78,7.05,7.28,9,17,2,0,0,0,0
17.217,86.4,23,,,16.67,8.26,7.03,7.22,8,13,2,0,0,0,0
17.251,83.32,28,,,16.79,8.14,7.72,7.39,8,18,2,0,0,0,0
17.284,87.69,26,,,16.51,7.95,8.17,7.5,8,16,2,0,0,0,0
17.317,85.13,27,,,15.63,7.37,8.81,7.67,8,17,2,0,0,0,0
17.351,86.46,30,,,16.11,7.56,8.88,7.68,9,19,2,0,0,0,0
17.384,89.25,33,,,17.12,7.89,9.27,7.79,9,22,2,0,0,0,0
17.417,87.59,29,,,16.73,7.79,9.18,7.76,9,18,2,0,0,0,0
17.451,86.7,30,,,16.82,7.83,9.46,7.84,9,19,2,0,0,0,0
17.484,86.95,31,,,17.94,8.17,9.3,7.79,9,20,2,0,0,0,0
17.518,85.67,30,,,17.96,8.18,9.2,7.76,9,19,2,0,0,0,0
17.551,86.99,31,,,18.32,8.29,9.13,7.74,9,20,2,0,0,0,0
17.584,84.84,29,,,18.21,8.26,8.73,7.62,9,18,2,0,0,0,0
17.618,80.95,24,,,16.74,7.82,8.83,7.89,9,13,2,0,0,0,0
17.651,81.81,27,,,16.48,7.99,9.24,8.18,10,15,2,0,0,0,0
17.684,85.66,29,,,17.01,8.31,9.15,8.25,10,17,2,0,0,0,0
17.718,82.99,26,,,16.31,7.95,9.1,8.31,9,15,2,0,0,0,0
17.751,83.06,27,,,15.85,7.97,9.42,8.69,11,14,2,0,0,0,0
17.784,84.13,30,,,16.25,8.19,9.97,9.04,11,17,2,0,0,0,0
17.818,81.89,26,,,15.46,7.77,9.98,8.92,9,15,2,0,0,0,0
17.851,84.6,30,,,16.0,7.82,10.34,9.19,10,18,2,0,0,0,0
17.885,85.2,31,,,16.7,7.95,10.57,9.13,9,20,2,0,0,0,0
17.918,84.31,30,,,16.46,8.07,11.07,9.43,11,17,2,0,0,0,0
17.951,85.14,30,,,16.65,8.01,11.4,9.63,10,18,2,0,0,0,0
17.985,85.77,30,,,17.12,8.08,11.26,9.66,10,18,2,0,0,0,0
18.018,81.0,26,,,16.03,7.7,10.82,9.57,10,14,2,0,0,0,0
18.051,84.57,26,,,15.67,7.56,10.18,9.4,10,14,2,0,0,0,0
18.085,84.4,30,,,16.83,8.13,9.77,9.3,11,17,2,0,0,0,0
18.118,84.38,30,,,16.89,8.3,10.2,9.44,12,16,2,0,0,0,0
18.151,92.42,31,,,17.63,8.61,10.13,9.42,12,17,2,0,0,0,0
18.185,89.52,31,,,17.76,8.71,10.43,9.52,12,17,2,0,0,0,0
18.218,91.58,31,,,17.84,8.78,10.28,9.48,12,17,2,0,0,0,0
18.252,92.35,33,,,18.95,10.15,10.53,9.56,12,19,2,0,0,0,0
18.285,90.64,31,,,18.27,10.62,10.7,9.61,12,17,2,0,0,0,0
18.318,98.07,32,,,18.87,11.25,10.8,9.64,12,18,2,0,0,0,0
18.352,95.4,32,,,19.27,11.65,10.87,9.91,13,17,2,0,0,0,0
18.385,96.13,35,,,20.22,12.12,11.27,10.18,13,20,2,0,0,0,0
18.418,91.19,34,,,20.85,12.43,11.17,10.26,13,19,2,0,0,0,0
18.452,88.24,32,,,20.55,12.42,11.11,10.31,13,17,2,0,0,0,0
18.485,88.12,31,,,20.36,11.64,10.72,9.99,12,17,2,0,0,0,0
18.518,89.6,31,,,19.88,11.8,11.17,10.24,13,16,2,0,0,0,0
18.552,91.15,31,,,18.87,10.93,11.81,10.51,13,16,2,0,0,0,0
18.585,91.31,33,,,19.62,11.55,11.53,10.47,13,18,2,0,0,0,0
18.619,92.47,31,,,19.4,11.74,11.34,10.44,13,16,2,0,0,0,0
18.652,88.42,31,,,19.26,11.62,11.22,10.43,12,17,2,0,0,0,0
18.685,90.71,31,,,18.82,11.68,10.79,10.07,13,16,2,0,0,0,0
18.719,92.66,32,,,18.88,11.83,10.52,9.83,13,17,2,0,0,0,0
18.752,118.17,29,,,18.92,11.92,9.64,9.47,13,14,2,0,0,0,0
18.785,140.49,31,,,19.3,12.09,9.41,9.34,13,16,2,0,0,0,0
18.819,96.41,32,,,19.55,12.2,9.62,9.36,12,18,2,0,0,0,0
18.852,90.13,30,,,19.0,12.06,10.1,9.48,12,16,2,0,0,0,0
18.886,95.3,32,,,19.35,12.18,10.42,9.56,12,18,2,0,0,0,0
18.919,95.85,35,,,19.93,12.12,11.32,10.06,12,21,2,0,0,0,0
18.952,95.25,35,,,20.65,12.43,11.56,10.29,13,20,2,0,0,0,0
18.986,93.41,31,,,19.38,11.86,11.71,10.43,14,15,2,0,0,0,0
19.019,90.49,31,,,18.89,11.59,11.46,10.17,12,17,2,0,0,0,0
19.052,90.27,34,,,18.93,11.52,11.3,10.01,13,19,2,0,0,0,0
19.086,86.36,30,,,17.91,11.17,11.2,9.9,12,16,2,0,0,0,0
19.119,89.69,31,,,17.94,11.14,11.13,9.83,12,17,2,0,0,0,0
19.152,89.35,31,,,17.96,11.13,11.08,9.78,13,16,2,0,0,0,0
19.186,85.45,30,,,17.62,11.01,11.05,9.76,13,15,2,0,0,0,0
19.219,88.38,31,,,17.41,10.94,11.03,9.74,13,16,2,0,0,0,0
19.253,87.34,29,,,16.21,10.33,11.37,10.07,12,15,2,0,0,0,0
19.286,87.43,33,,,16.84,10.35,11.59,10.29,12,19,2,0,0,0,0
19.319,88.62,33,,,16.9,10.27,12.08,10.54,12,19,2,0,0,0,0
19.353,85.6,30,,,16.23,10.0,12.06,10.6,12,16,2,0,0,0,0
19.386,83.91,30,,,16.5,10.03,12.04,10.63,11,17,2,0,0,0,0
19.419,87.0,29,,,16.33,9.95,12.37,10.76,11,16,2,0,0,0,0
19.453,87.08,30,,,16.91,10.11,12.24,10.74,11,17,2,0,0,0,0
19.486,90.94,33,,,17.29,10.21,12.86,10.94,12,19,2,0,0,0,0
19.52,86.99,32,,,17.54,10.28,12.91,10.96,12,18,2,0,0,0,0
19.553,87.03,31,,,17.7,10.32,12.94,10.97,11,18,2,0,0,0,0
19.586,86.46,27,,,17.11,10.14,12.26,10.53,10,15,2,0,0,0,0
19.62,89.43,32,,,17.77,10.33,12.17,10.59,12,18,2,0,0,0,0
19.653,87.42,30,,,17.5,10.25,12.11,10.63,12,16,2,0,0,0,0
19.686,84.93,28,,,16.62,9.99,12.42,10.76,11,15,2,0,0,0,0
19.72,86.5,31,,,17.46,10.24,12.27,10.74,11,18,2,0,0,0,0
19.753,90.24,33,,,18.7,10.61,12.18,10.72,11,20,2,0,0,0,0
19.786,93.08,35,,,18.8,10.64,13.52,11.14,11,22,2,0,0,0,0
19.82,84.56,29,,,17.47,10.0,13.69,11.19,10,17,2,0,0,0,0
19.853,84.96,31,,,17.66,10.14,13.45,10.88,10,19,2,0,0,0,0
19.887,81.52,31,,,17.43,10.12,12.59,9.94,11,18,2,0,0,0,0
19.92,82.02,35,,,17.28,9.87,13.08,9.65,11,22,2,0,0,0,0
19.953,77.6,33,,,16.83,10.09,13.05,9.35,13,18,2,0,0,0,0
19.987,81.83,29,,,16.54,9.99,11.99,8.6,11,16,2,0,0,0,0
20.02,80.12,30,,,16.35,9.92,11.29,8.11,13,15,2,0,0,0,0
20.053,87.74,31,,,16.93,10.09,10.84,7.55,11,18,2,0,0,0,0
20.087,82.75,29,,,16.6,9.99,10.5,7.06,11,16,2,0,0,0,0
20.12,85.45,27,,,16.04,9.82,9.97,6.76,11,14,2,0,0,0,0
20.153,84.44,27,,,15.33,9.36,9.98,6.91,11,14,2,0,0,0,0
20.187,81.26,26,,,14.51,9.2,9.99,6.77,11,13,2,0,0,0,0
20.22,83.83,26,,,14.33,9.2,9.64,6.57,11,13,2,0,0,0,0
20.254,89.53,29,,,14.92,9.16,9.77,6.54,10,17,2,0,0,0,0
20.287,89.34,31,,,15.65,9.25,10.2,6.63,10,19,2,0,0,0,0
20.32,87.87,30,,,16.12,9.3,10.13,6.59,10,18,2,0,0,0,0
20.354,82.63,26,,,15.38,9.02,9.73,6.45,10,14,2,0,0,0,0
20.387,86.59,27,,,15.25,8.94,9.48,6.36,10,15,2,0,0,0,0
20.42,90.0,31,,,16.91,9.66,9.31,6.31,10,19,2,0,0,0,0
20.454,84.22,32,,,18.34,10.48,9.2,6.27,11,19,2,0,0,0,0
20.487,88.27,31,,,18.57,10.8,9.13,6.24,11,18,2,0,0,0,0
20.521,85.97,33,,,19.07,11.12,9.44,6.33,11,20,2,0,0,0,0
20.554,87.62,31,,,19.05,11.22,9.28,6.29,11,18,2,0,0,0,0
20.587,86.31,31,,,19.03,11.28,9.18,6.26,11,18,2,0,0,0,0
20.621,83.49,29,,,18.32,10.87,8.77,6.13,10,17,2,0,0,0,0
20.654,86.8,31,,,18.21,10.7,9.55,6.37,10,19,2,0,0,0,0
20.687,86.83,34,,,19.19,11.4,10.06,6.52,12,20,2,0,0,0,0
20.721,88.4,33,,,19.12,11.4,10.39,6.62,11,20,2,0,0,0,0
20.754,87.84,33,,,19.08,11.4,10.6,6.68,11,20,2,0,0,0,0
20.787,86.53,32,,,18.0,10.84,11.44,6.93,10,20,2,0,0,0,0
20.821,87.11,31,,,18.35,10.79,10.94,6.78,10,19,2,0,0,0,0
20.854,87.88,34,,,19.98,11.42,10.26,6.58,11,21,2,0,0,0,0
20.888,87.78,34,,,20.69,11.49,10.17,6.55,10,22,2,0,0,0,0
20.921,83.67,29,,,20.45,11.32,9.06,6.22,10,17,2,0,0,0,0
20.954,86.26,29,,,20.29,11.21,7.99,5.9,10,17,2,0,0,0,0
20.988,87.49,29,,,20.19,11.13,7.29,5.69,10,17,2,0,0,0,0
21.021,93.66,34,,,20.82,11.54,7.54,5.76,11,21,2,0,0,0,0
21.054,91.62,29,,,19.48,11.04,7.7,5.81,10,17,2,0,0,0,0
21.088,86.82,29,,,18.61,10.71,8.16,5.95,10,17,2,0,0,0,0
21.121,92.5,35,,,18.75,10.46,9.15,6.25,10,23,2,0,0,0,0
21.154,87.08,33,,,18.84,10.3,9.1,6.23,10,21,2,0,0,0,0
21.188,87.44,34,,,18.89,10.19,9.41,6.32,11,21,2,0,0,0,0
21.221,86.62,32,,,18.58,10.02,9.97,6.49,10,20,2,0,0,0,0
21.255,87.37,32,,,18.38,9.91,10.33,6.6,10,20,2,0,0,0,0
21.288,89.71,30,,,17.9,9.73,10.21,6.56,10,18,2,0,0,0,0
21.321,93.34,36,,,17.93,9.72,11.54,6.96,10,24,2,0,0,0,0
21.355,91.43,36,,,18.66,10.41,12.05,7.36,12,22,2,0,0,0,0
21.388,90.48,34,,,18.78,10.51,12.03,7.51,11,21,2,0,0,0,0
21.421,91.2,36,,,19.2,10.68,12.37,7.72,11,23,2,0,0,0,0
21.455,92.03,36,,,19.48,10.79,12.59,7.85,11,23,2,0,0,0,0
21.488,91.39,39,,,20.01,11.22,13.43,8.15,12,25,2,0,0,0,0
21.521,90.39,37,,,20.01,11.39,13.63,8.24,12,23,2,0,0,0,0
21.555,90.42,38,,,20.01,11.5,14.11,8.4,12,24,2,0,0,0,0
21.588,90.17,36,,,19.3,11.36,14.42,8.5,12,22,2,0,0,0,0
21.622,88.72,35,,,18.85,11.51,14.62,8.57,12,21,2,0,0,0,0
21.655,90.0,36,,,18.9,11.47,14.76,8.62,11,23,2,0,0,0,0
21.688,97.43,34,,,18.94,11.45,14.14,8.44,11,21,2,0,0,0,0
21.722,90.12,37,,,19.31,11.54,14.79,8.63,11,24,2,0,0,0,0
21.755,90.48,34,,,18.85,11.38,14.86,8.66,11,21,2,0,0,0,0
21.788,86.63,33,,,18.55,11.28,14.56,8.57,11,20,2,0,0,0,0
21.822,88.77,35,,,18.01,10.87,15.42,8.82,10,23,2,0,0,0,0
21.855,89.89,33,,,17.66,10.6,14.92,8.43,9,22,2,0,0,0,0
21.889,87.8,34,,,18.13,10.88,14.25,8.07,10,22,2,0,0,0,0
21.922,79.09,27,,,16.68,10.29,13.11,7.63,9,16,2,0,0,0,0
21.955,88.21,35,,,18.19,10.89,13.07,7.55,10,23,2,0,0,0,0
21.989,83.88,35,,,18.83,10.93,13.4,7.6,9,24,2,0,0,0,0
22.022,89.86,34,,,19.24,11.2,12.91,7.43,10,22,2,0,0,0,0
22.055,86.87,33,,,19.5,11.37,12.24,7.21,10,21,2,0,0,0,0
22.089,84.04,34,,,18.98,11.28,12.16,7.17,10,22,2,0,0,0,0
22.122,85.18,33,,,18.64,11.22,11.75,7.04,10,21,2,0,0,0,0
22.155,82.79,32,,,19.11,11.39,10.79,6.75,10,20,2,0,0,0,0
22.189,91.83,32,,,19.42,11.5,10.86,7.01,11,19,2,0,0,0,0
22.222,87.1,31,,,19.63,11.57,10.21,6.73,10,19,2,0,0,0,0
22.256,88.55,32,,,19.41,11.51,10.49,6.75,10,20,2,0,0,0,0
22.289,91.88,31,,,18.91,11.37,10.32,6.66,10,19,2,0,0,0,0
22.322,73.22,33,,,18.94,11.38,10.56,6.71,10,21,2,0,0,0,0
22.356,60.37,33,,,19.31,11.49,10.71,6.74,10,21,2,0,0,0,0
22.389,56.48,33,,,19.55,11.56,10.81,6.52,9,22,2,0,0,0,0
22.422,53.19,30,,,19.01,11.4,10.53,6.27,9,19,2,0,0,0,0
22.456,53.77,32,,,19.01,11.4,10.69,6.21,9,21,2,0,0,0,0
22.489,52.97,30,,,18.3,11.19,10.45,6.31,10,18,2,0,0,0,0
22.523,46.23,30,,,17.85,11.05,10.29,6.38,10,18,2,0,0,0,0
22.556,54.42,31,,,17.2,10.86,10.54,6.52,10,19,2,0,0,0,0
22.589,53.61,32,,,17.13,10.84,10.7,6.62,11,19,2,0,0,0,0
22.623,51.29,31,,,17.08,10.83,10.81,6.68,11,18,2,0,0,0,0
22.656,52.59,31,,,17.06,10.82,10.87,6.72,11,18,2,0,0,0,0
22.689,51.41,30,,,17.04,10.81,10.57,6.65,10,18,2,0,0,0,0
22.723,52.61,31,,,16.32,10.6,11.77,7.01,10,19,2,0,0,0,0
22.756,53.91,32,,,16.21,10.56,12.2,7.15,10,20,2,0,0,0,0
22.789,53.45,31,,,15.79,10.44,12.48,7.48,11,18,2,0,0,0,0
22.823,51.77,30,,,15.86,10.46,11.61,7.38,11,17,2,0,0,0,0
22.856,47.09,30,,,15.91,10.47,11.4,7.42,11,17,2,0,0,0,0
22.89,71.61,32,,,15.94,10.48,11.96,7.42,10,20,2,0,0,0,0
22.923,72.21,28,,,15.26,10.28,10.92,6.99,10,16,2,0,0,0,0
22.956,91.04,29,,,15.52,10.36,10.6,6.82,10,17,2,0,0,0,0
22.99,87.16,29,,,15.34,10.3,10.74,6.81,10,17,2,0,0,0,0
23.023,79.3,31,,,15.92,10.48,11.18,7.16,11,18,2,0,0,0,0
23.056,89.73,30,,,15.6,10.38,11.82,7.49,11,17,2,0,0,0,0
23.09,82.89,33,,,16.09,10.53,12.58,7.81,11,20,2,0,0,0,0
23.123,60.2,35,,,16.06,10.52,13.08,8.01,12,21,2,0,0,0,0
23.156,51.78,35,,,16.74,10.72,13.4,7.9,10,23,2,0,0,0,0
23.19,53.92,33,,,16.83,10.75,13.26,7.97,12,19,2,0,0,0,0
23.223,52.33,30,,,16.54,10.66,12.82,7.91,11,17,2,0,0,0,0
23.257,52.76,31,,,17.05,10.82,12.18,7.52,10,19,2,0,0,0,0
23.29,52.16,29,,,15.98,10.49,12.47,7.48,10,17,2,0,0,0,0
23.323,50.31,31,,,15.64,10.39,13.0,7.56,10,19,2,0,0,0,0
23.357,51.74,31,,,16.12,10.53,12.65,7.4,10,19,2,0,0,0,0
23.39,52.86,31,,,16.07,10.52,13.12,7.5,10,19,2,0,0,0,0
23.423,54.47,29,,,15.7,10.41,13.08,7.47,10,17,2,0,0,0,0
23.457,52.06,29,,,15.45,10.34,13.05,7.44,10,17,2,0,0,0,0
23.49,54.63,31,,,15.3,10.29,13.03,7.43,11,18,2,0,0,0,0
23.524,43.85,29,,,15.54,10.36,12.67,7.31,10,17,2,0,0,0,0
23.557,63.59,30,,,15.7,10.41,12.44,7.24,11,17,2,0,0,0,0
23.59,88.84,29,,,15.11,10.23,12.63,7.3,11,16,2,0,0,0,0
23.624,92.43,32,,,16.12,10.54,12.41,7.23,11,19,2,0,0,0,0
23.657,91.05,32,,,16.08,10.52,12.97,7.39,11,19,2,0,0,0,0
23.69,94.59,31,,,16.4,10.62,12.28,7.19,11,18,2,0,0,0,0
23.724,58.27,31,,,16.26,10.58,11.83,7.3,12,17,2,0,0,0,0
23.757,52.17,30,,,15.82,10.2,12.24,7.82,11,17,2,0,0,0,0
23.79,49.57,28,,,15.53,9.96,11.81,7.95,11,15,2,0,0,0,0
23.824,50.45,28,,,16.05,10.25,11.17,7.69,11,15,2,0,0,0,0
23.857,52.53,30,,,16.03,10.34,11.46,7.73,11,17,2,0,0,0,0
23.891,60.84,28,,,16.02,10.39,10.95,7.54,11,15,2,0,0,0,0
23.924,84.82,29,,,16.01,10.43,10.97,7.53,11,16,2,0,0,0,0
23.957,88.66,30,,,16.36,10.56,10.98,7.52,11,17,2,0,0,0,0
23.991,88.81,30,,,16.58,10.64,10.99,7.51,11,17,2,0,0,0,0
24.024,82.88,29,,,16.38,10.59,10.99,7.51,11,16,2,0,0,0,0
24.057,59.21,32,,,16.25,10.56,12.04,7.82,11,19,2,0,0,0,0
24.091,50.54,27,,,15.81,10.43,11.68,7.71,11,14,2,0,0,0,0
24.124,51.44,32,,,16.23,10.56,12.49,8.2,12,18,2,0,0,0,0
24.157,51.24,32,,,16.15,10.54,13.02,8.02,10,20,2,0,0,0,0
24.191,48.86,29,,,15.75,10.42,12.66,7.7,10,17,2,0,0,0,0
24.224,51.61,30,,,15.48,10.34,12.78,8.36,10,17,2,1,0,0,0
24.258,50.19,29,,,15.32,10.29,12.51,8.45,9,17,2,1,0,0,0
24.291,49.21,30,,,15.2,10.26,12.68,8.85,10,17,2,1,0,0,0
24.324,43.75,28,,,15.13,10.24,12.44,8.76,9,16,2,1,0,0,0
24.358,46.59,26,,,15.09,10.23,11.59,7.73,9,15,2,0,0,0,0
24.391,49.1,28,,,15.06,10.22,11.38,7.65,12,14,2,0,0,0,0
24.424,55.04,27,,,14.34,9.23,11.6,7.7,12,14,1,0,0,0,0
24.458,52.13,29,,,14.22,9.47,11.74,7.74,12,15,2,0,0,0,0
24.491,58.72,27,,,14.49,9.72,10.78,7.2,11,14,2,0,0,0,0
24.524,48.59,27,,,14.32,9.78,10.51,6.95,11,14,2,0,0,0,0
24.558,51.83,30,,,14.91,9.26,10.64,6.8,11,18,1,0,0,0,0
24.591,50.2,29,,,14.59,9.49,10.77,6.8,11,16,2,0,0,0,0
24.625,52.73,32,,,15.43,9.95,10.85,6.8,11,19,2,0,0,0,0
24.658,48.82,30,,,14.93,9.93,11.25,7.15,11,17,2,0,0,0,0
24.691,72.82,29,,,14.61,9.92,11.51,7.9,10,16,2,1,0,0,0
24.725,52.46,30,,,14.39,9.91,12.03,8.5,10,17,2,1,0,0,0
24.758,51.59,30,,,14.26,9.91,12.72,8.99,10,17,2,1,0,0,0
24.791,47.78,27,,,14.17,9.91,12.12,8.75,9,15,2,1,0,0,0
24.825,46.73,29,,,14.11,9.9,11.03,8.38,10,16,2,1,0,0,0
24.858,49.76,29,,,14.42,10.01,10.67,8.49,10,16,3,0,0,0,0
24.892,45.41,26,,,14.27,9.72,10.08,8.46,9,14,2,1,0,0,0
24.925,45.67,26,,,14.18,9.54,10.05,8.3,8,15,2,1,0,0,0
24.958,47.91,27,,,14.47,9.53,9.69,7.32,8,17,1,1,0,0,0
24.992,50.97,29,,,15.35,9.73,9.8,6.79,8,19,1,1,0,0,0
25.025,49.3,29,,,15.58,9.75,9.87,7.21,8,18,2,1,0,0,0
25.058,47.82,26,,,15.03,9.56,10.22,7.48,8,15,2,1,0,0,0
25.092,49.66,28,,,15.02,9.54,10.14,7.66,8,17,3,0,0,0,0
25.125,49.58,29,,,15.36,9.88,10.09,7.78,9,17,2,1,0,0,0
25.158,47.71,26,,,14.88,9.6,10.06,7.86,8,14,3,0,0,1,0
25.192,47.21,24,,,13.88,9.25,10.04,7.91,8,13,3,0,0,0,0
25.225,46.63,26,,,13.92,9.23,10.03,7.94,8,15,3,0,0,0,0
25.259,48.12,27,,,13.95,9.22,10.37,8.07,8,16,3,0,0,0,0
25.292,46.45,25,,,13.62,9.11,10.24,8.04,8,14,3,0,0,0,0
25.325,45.98,24,,,13.01,8.92,9.8,7.92,8,13,3,0,0,0,0
25.359,46.37,27,,,13.32,9.17,9.52,7.84,9,15,3,0,0,0,0
25.392,46.1,24,,,13.21,9.32,9.34,7.79,9,12,3,0,0,0,0
25.425,43.98,26,,,13.49,9.53,9.22,7.76,9,14,3,0,0,0,0
25.459,162.24,25,,,13.32,9.31,9.14,7.74,8,14,3,0,0,0,0
25.492,84.92,27,,,13.55,9.51,9.44,8.08,10,14,3,0,0,0,0
25.526,82.03,26,,,13.71,9.65,9.29,7.94,9,14,3,0,0,0,0
25.559,92.07,29,,,14.51,9.95,9.54,7.96,9,17,3,0,0,0,0
25.592,58.34,29,,,15.03,10.14,9.7,7.98,9,17,3,0,0,0,0
25.626,49.0,30,,,15.72,10.37,9.8,7.98,9,18,3,0,0,0,0
25.659,47.89,26,,,15.47,10.07,9.17,7.78,8,15,3,0,0,0,0
25.692,43.74,25,,,14.95,9.76,9.11,7.75,8,14,3,0,0,0,0
25.726,40.9,26,,,15.32,9.78,8.72,7.87,9,14,3,0,0,0,0
25.759,42.97,29,,,15.56,9.78,9.52,8.27,9,17,3,0,0,0,0
25.792,44.59,26,,,15.01,9.58,9.69,8.42,9,14,3,0,0,0,0
25.826,44.3,24,,,14.31,9.34,9.45,8.41,9,12,3,0,0,0,0
25.859,41.1,25,,,14.2,9.54,9.29,8.41,10,12,3,0,0,0,0
25.893,42.36,23,,,14.13,9.66,8.49,7.95,9,11,3,0,0,0,0
25.926,45.63,24,,,14.08,9.5,8.32,8.0,9,12,3,0,0,0,0
25.959,43.19,26,,,14.41,9.75,8.56,8.14,10,13,3,0,0,0,0
25.993,52.88,26,,,14.61,9.9,8.71,8.23,10,13,3,0,0,0,0
26.026,68.84,25,,,14.4,9.9,8.81,8.29,10,12,3,0,0,0,0
26.059,50.61,27,,,14.61,10.01,9.23,8.43,10,14,3,0,0,0,0
26.093,43.29,22,,,14.05,9.37,8.1,7.86,8,11,3,0,0,0,0
26.126,41.11,23,,,14.03,9.07,7.36,7.74,9,11,3,0,0,0,0
26.159,45.3,24,,,13.32,8.66,7.24,7.76,10,11,3,0,0,0,0
26.193,49.71,22,,,12.86,8.39,7.15,7.77,9,10,3,0,0,0,0
26.226,43.93,23,,,12.56,8.22,7.1,7.78,10,10,3,0,0,0,0
26.26,42.48,26,,,12.71,7.44,7.41,7.89,10,14,2,0,0,0,0
26.293,50.5,24,,,12.46,6.8,7.62,8.21,10,11,2,0,0,1,0
26.326,53.53,22,,,12.3,7.18,7.75,8.42,9,10,3,0,0,0,0
26.36,55.56,27,,,12.9,7.61,8.54,8.76,10,13,3,0,0,1,0
26.393,47.85,28,,,13.28,8.17,9.05,8.74,10,15,3,0,0,0,0
26.426,51.44,23,,,12.48,8.21,8.68,8.52,10,10,3,0,0,0,0
26.46,45.98,25,,,12.66,8.45,8.79,8.48,10,12,3,0,0,0,0
26.493,45.49,25,,,12.43,8.5,8.87,8.45,10,12,3,0,0,0,0
26.527,43.25,23,,,11.23,7.98,9.26,8.54,9,11,3,0,0,0,0
26.56,53.48,26,,,10.76,7.73,9.87,8.94,10,13,3,0,0,0,0
26.593,45.59,26,,,10.85,7.69,9.92,9.1,10,13,3,0,0,0,0
26.627,44.35,24,,,10.55,7.55,9.95,8.96,9,12,3,0,0,0,0
26.66,43.64,23,,,10.71,7.57,9.61,8.52,8,12,3,0,0,0,0
26.693,46.92,24,,,11.16,7.68,9.4,8.23,8,13,3,0,0,0,0
26.727,65.47,23,,,11.1,7.65,9.61,8.15,8,12,3,0,0,0,0
26.76,80.22,24,,,11.42,7.74,10.1,8.45,8,13,3,0,0,0,0
26.793,88.47,26,,,11.27,7.69,10.76,8.99,9,14,3,0,0,0,0
26.827,82.48,25,,,10.83,7.55,11.55,9.2,8,14,3,0,0,0,0
26.86,82.07,25,,,10.89,7.57,11.35,9.13,9,13,3,0,0,0,0
26.894,84.3,24,,,10.58,7.48,11.58,9.19,9,12,3,0,0,0,0
26.927,88.75,24,,,10.37,7.41,11.73,9.23,9,12,3,0,0,0,0
26.96,85.39,28,,,10.94,7.58,12.52,9.71,10,15,3,0,0,0,0
26.994,51.37,28,,,11.31,7.69,13.39,10.13,9,16,3,0,0,0,0
27.027,48.38,27,,,10.85,7.56,14.3,10.5,9,15,3,0,0,0,0
27.06,48.25,25,,,10.9,7.57,13.85,10.43,9,13,3,0,0,0,0
27.094,47.48,27,,,11.64,7.79,13.55,10.39,9,15,3,0,0,0,0
27.127,44.92,29,,,12.11,7.93,14.06,10.57,9,17,3,0,0,0,0
27.16,86.47,28,,,12.07,7.92,13.69,10.47,9,16,3,0,0,0,0
27.194,190.07,29,,,12.05,7.91,13.8,10.52,9,17,3,0,0,0,0
27.227,93.21,28,,,12.73,8.12,13.17,10.34,9,16,3,0,0,0,0
27.261,102.34,28,,,12.48,8.04,13.46,10.43,9,16,3,0,0,0,0
27.294,98.54,28,,,13.01,8.2,12.95,10.28,10,15,3,0,0,0,0
27.327,132.95,27,,,13.01,8.45,12.27,10.08,11,13,3,0,0,0,0
27.361,104.72,30,,,13.7,8.82,12.52,10.15,11,16,3,0,0,0,0
27.394,96.56,27,,,13.46,8.6,12.34,10.1,10,14,3,0,0,0,0
27.427,88.28,25,,,12.95,8.36,11.87,9.96,10,12,3,0,0,0,0
27.461,85.65,28,,,13.32,8.65,11.92,9.97,11,14,3,0,0,0,0
27.494,89.35,31,,,14.26,9.05,11.95,9.98,12,16,3,0,0,0,0
27.527,83.72,28,,,13.82,9.0,11.96,9.99,12,13,3,0,0,0,0
27.561,92.76,26,,,13.18,8.61,11.63,9.64,10,13,3,0,0,0,0
27.594,84.96,29,,,13.82,8.92,11.41,9.42,11,15,3,0,0,0,0
27.628,85.35,28,,,13.88,9.02,10.56,9.06,13,12,3,0,0,0,0
27.661,86.2,31,,,14.62,9.29,10.37,8.94,13,15,3,0,0,0,0
27.694,85.26,29,,,14.75,9.37,10.24,8.85,12,14,3,0,0,0,0
27.728,86.28,27,,,14.49,9.06,9.81,8.69,11,13,3,0,0,0,0
27.761,84.95,28,,,14.67,8.97,9.52,8.59,11,14,3,0,0,0,0
27.794,85.71,29,,,15.13,9.26,9.34,8.52,12,14,3,0,0,0,0
27.828,86.08,28,,,15.44,9.2,9.22,8.48,10,15,3,0,0,0,0
27.861,84.21,28,,,15.28,9.31,9.14,8.45,11,14,3,0,0,0,0
27.895,84.66,26,,,14.48,8.92,8.74,8.33,11,12,3,0,0,0,0
27.928,84.42,28,,,14.32,8.77,8.83,8.35,11,14,3,0,0,0,0
27.961,84.87,28,,,14.2,8.68,8.89,8.37,11,14,3,0,0,0,0
27.995,81.62,27,,,13.78,8.51,8.93,8.38,11,13,3,0,0,0,0
28.028,87.31,32,,,13.51,8.16,10.35,8.81,11,18,3,0,0,0,0
28.061,85.38,30,,,13.68,8.03,10.93,9.22,10,17,3,0,0,0,0
28.095,86.29,31,,,13.79,7.95,11.65,9.6,10,18,3,0,0,0,0
28.128,89.21,30,,,13.87,7.9,11.78,9.74,10,17,3,0,0,0,0
28.161,84.94,29,,,13.56,7.76,11.85,9.83,10,16,3,0,0,0,0
28.195,87.31,33,,,14.07,7.88,11.91,9.89,11,19,3,0,0,0,0
28.228,90.8,35,,,14.39,7.96,12.99,10.24,11,21,3,0,0,0,0
28.262,91.1,36,,,14.96,8.11,13.34,10.37,11,22,3,0,0,0,0
28.295,85.81,32,,,14.97,8.11,13.22,10.34,11,18,3,0,0,0,0
28.328,87.08,32,,,14.63,8.0,13.49,10.43,11,18,3,0,0,0,0
28.362,86.2,31,,,14.41,7.93,13.32,10.39,11,17,3,0,0,0,0
28.395,85.43,31,,,14.27,7.88,13.21,10.36,11,17,3,0,0,0,0
28.428,87.34,33,,,14.17,7.85,13.49,10.44,11,19,3,0,0,0,0
28.462,85.63,30,,,13.76,7.73,13.32,10.39,11,16,3,0,0,0,0
28.495,82.12,31,,,13.15,7.54,13.56,10.46,12,16,3,0,0,0,0
28.529,85.95,33,,,13.09,7.53,14.06,10.62,12,18,3,0,0,0,0
28.562,87.09,32,,,13.41,7.62,13.69,10.51,12,17,3,0,0,0,0
28.595,85.85,31,,,12.92,7.23,13.45,10.43,11,17,3,0,0,0,0
28.629,85.62,31,,,12.95,7.32,12.94,10.28,12,16,3,0,0,0,0
28.662,82.96,30,,,12.62,7.28,12.61,10.18,12,15,3,0,0,0,0
28.695,85.39,30,,,12.4,7.01,12.75,10.22,10,17,3,0,0,0,0
28.729,95.71,30,,,12.61,6.94,12.14,10.04,11,16,3,0,0,0,0
28.762,89.62,28,,,12.4,6.78,11.39,9.57,10,15,3,0,0,0,0
28.795,88.06,32,,,12.96,6.89,11.25,9.37,11,18,3,0,0,0,0
28.829,88.87,33,,,13.32,6.97,11.51,9.59,12,18,3,0,0,0,0
28.862,93.06,31,,,12.16,6.59,12.03,9.84,12,16,3,0,0,0,0
28.896,103.47,32,,,11.75,6.46,12.37,9.76,11,18,3,0,0,0,0
28.929,120.34,32,,,11.49,6.37,12.59,9.95,12,17,3,0,0,0,0
28.962,100.04,32,,,11.67,6.41,13.08,10.42,11,18,3,0,0,0,0
28.996,117.24,28,,,11.08,6.23,13.06,10.62,11,14,3,0,0,0,0
29.029,105.27,30,,,11.4,6.33,13.04,10.75,11,16,3,0,0,0,0
29.062,94.19,29,,,11.61,6.39,12.67,10.49,10,16,3,0,0,0,0
29.096,98.65,31,,,12.1,6.53,13.14,10.53,10,18,3,0,0,0,0
29.129,98.27,29,,,12.06,6.52,12.74,10.34,10,16,3,0,0,0,0
29.162,122.29,30,,,12.39,6.62,12.48,10.22,10,17,3,0,0,0,0
29.196,91.91,25,,,11.55,6.12,11.61,9.94,9,13,3,0,0,0,0
29.229,86.25,29,,,11.01,6.04,11.75,9.96,11,15,3,0,0,0,0
29.263,85.83,28,,,11.01,6.1,11.14,9.52,10,15,3,0,0,0,0
29.296,95.12,30,,,11.7,6.34,11.09,9.34,9,18,3,0,0,0,0
29.329,103.92,33,,,12.51,6.61,11.41,9.32,10,20,3,0,0,0,0
29.363,91.8,35,,,13.03,6.78,12.31,9.77,11,21,3,0,0,0,0
29.396,90.38,31,,,13.02,6.79,12.2,9.61,10,18,3,0,0,0,0
29.429,82.87,27,,,12.66,6.69,11.78,9.39,8,16,3,0,0,0,0
29.463,82.35,27,,,11.38,6.31,12.21,9.47,8,16,3,0,0,0,0
29.496,87.75,29,,,11.25,6.27,12.14,9.41,8,18,3,0,0,0,0
29.53,87.11,30,,,11.51,6.35,12.09,9.37,9,18,3,0,0,0,0
29.563,87.29,31,,,12.03,6.75,12.41,9.7,9,19,3,0,0,0,0
29.596,84.91,31,,,12.37,7.01,12.61,9.91,10,18,3,0,0,0,0
29.63,85.33,30,,,12.24,7.08,12.75,10.04,10,17,3,0,0,0,0
29.663,87.02,31,,,12.86,7.33,12.84,10.13,10,18,3,0,0,0,0
29.696,95.26,30,,,13.26,7.5,12.54,10.09,10,17,3,0,0,0,0
29.73,94.7,28,,,12.82,7.39,12.35,10.06,10,15,3,0,0,0,0
29.763,87.42,27,,,12.18,7.22,12.23,10.04,10,14,3,0,0,0,0
29.796,86.32,31,,,12.47,7.32,11.8,9.67,11,17,3,0,0,0,0
29.83,91.7,34,,,13.0,7.49,11.87,9.79,12,19,3,0,0,0,0
29.863,88.78,33,,,13.0,7.49,11.92,9.62,11,19,3,0,0,0,0
29.897,85.54,31,,,13.35,7.6,11.59,9.4,10,18,3,0,0,0,0
29.93,83.0,28,,,13.23,7.56,10.69,9.05,10,15,3,0,0,0,0
29.963,86.02,27,,,12.8,7.44,10.1,8.82,10,14,3,0,0,0,0
29.997,83.91,28,,,12.87,7.46,9.71,8.92,10,15,3,0,0,0,0
30.03,84.19,26,,,12.56,7.12,9.46,8.49,6,17,3,0,0,0,0
30.063,84.84,27,,,12.72,7.26,9.3,8.22,7,17,3,0,0,0,0
30.097,84.38,28,,,12.47,6.99,9.55,8.39,8,17,3,0,0,0,0
30.13,82.69,27,,,12.65,7.17,9.35,8.39,9,15,3,0,0,0,0
30.163,83.25,25,,,12.77,7.28,8.88,8.04,8,14,3,0,0,0,0
30.197,90.69,27,,,12.85,7.36,8.57,7.82,9,15,3,0,0,0,0
30.23,84.56,28,,,12.9,7.41,9.07,7.88,9,16,3,0,0,0,0
30.264,83.34,29,,,12.94,7.44,9.4,8.17,10,16,3,0,0,0,0
30.297,83.8,28,,,12.96,7.46,9.61,8.35,10,15,3,0,0,0,0
30.33,85.0,31,,,13.32,7.58,9.75,8.48,10,18,3,0,0,0,0
30.364,84.5,31,,,13.56,7.66,9.83,8.55,10,18,3,0,0,0,0
30.397,102.41,30,,,13.71,7.71,9.89,8.61,10,17,3,0,0,0,0
30.43,88.08,27,,,14.16,7.84,9.23,8.18,8,16,3,0,0,0,0
30.464,85.42,28,,,14.46,7.93,9.15,8.01,8,17,3,0,0,0,0
30.497,89.24,30,,,14.65,7.99,9.45,8.25,9,18,3,0,0,0,0
30.53,88.21,33,,,14.77,8.03,9.99,8.52,11,19,3,0,0,0,0
30.564,84.15,30,,,14.85,8.05,9.99,8.58,10,17,3,0,0,0,0
30.597,82.67,27,,,13.85,7.76,10.0,8.62,10,14,3,0,0,0,0
30.631,86.47,32,,,14.6,7.98,10.7,8.86,9,20,3,0,0,0,0
30.664,85.68,32,,,14.74,8.02,11.15,9.01,10,19,3,0,0,0,0
30.697,88.02,25,,,13.43,7.63,10.4,8.8,9,13,3,0,0,0,0
30.731,81.29,27,,,12.93,7.48,9.91,8.66,9,15,3,0,0,0,0
30.764,91.26,26,,,12.26,7.28,9.59,8.57,9,14,3,0,0,0,0
30.797,83.01,26,,,11.82,7.14,9.38,8.51,9,14,3,0,0,0,0
30.831,83.95,29,,,12.23,7.27,9.25,8.47,9,17,3,0,0,0,0
30.864,82.03,28,,,12.5,7.35,9.51,8.55,9,16,3,0,0,0,0
30.898,82.81,26,,,12.32,7.3,9.68,8.6,8,15,3,0,0,0,0
30.931,83.14,27,,,12.21,7.26,9.79,8.64,8,16,3,0,0,0,0
30.964,81.48,26,,,12.14,7.24,9.52,8.31,8,15,3,0,0,0,0
30.998,83.54,28,,,12.79,7.44,9.69,8.2,7,18,3,0,0,0,0
31.031,83.77,27,,,12.86,7.46,9.8,8.13,7,17,3,0,0,0,0
31.064,83.46,28,,,13.26,7.58,9.52,7.98,8,17,3,0,0,0,0
31.098,84.38,30,,,13.17,7.55,10.04,8.09,8,19,3,0,0,0,0
31.131,85.55,29,,,13.11,7.78,10.37,8.16,8,18,3,0,0,0,0
31.164,82.76,28,,,13.42,7.79,9.89,8.0,8,17,3,0,0,0,0
31.198,82.95,29,,,13.62,7.79,10.28,8.35,9,17,3,0,0,0,0
31.231,83.91,30,,,14.11,8.14,10.88,8.44,8,19,3,0,0,0,0
31.265,85.91,29,,,14.42,8.37,10.57,8.28,8,18,3,0,0,0,0
31.298,84.73,29,,,14.62,8.52,10.72,8.29,7,19,3,0,0,0,0
31.331,84.88,30,,,14.75,8.62,11.17,8.4,7,20,3,0,0,0,0
31.365,87.17,30,,,14.84,8.68,11.46,8.47,7,20,3,0,0,0,0
31.398,86.26,28,,,14.55,8.62,10.95,8.3,8,17,3,0,0,0,0
31.431,84.63,29,,,14.71,8.68,10.62,8.2,8,18,3,0,0,0,0
31.465,82.87,28,,,14.81,8.72,10.4,8.13,7,18,3,0,0,0,0
31.498,81.93,27,,,14.53,8.65,9.91,7.98,8,16,3,0,0,0,0
31.532,81.96,27,,,14.69,8.7,9.59,7.88,7,17,3,0,0,0,0
31.565,81.28,27,,,14.45,8.63,9.73,7.92,7,17,3,0,0,0,0
31.598,86.54,26,,,14.29,8.58,9.48,7.84,7,16,3,0,0,0,0
31.632,89.6,28,,,14.19,8.55,10.01,8.0,7,18,3,0,0,0,0
31.665,84.94,27,,,14.47,8.64,10.01,8.0,7,17,3,0,0,0,0
31.698,82.29,26,,,14.66,8.7,9.65,7.9,7,16,3,0,0,0,0
31.732,83.44,28,,,14.78,8.73,10.13,8.04,7,18,3,0,0,0,0
31.765,81.63,28,,,14.51,8.65,10.08,8.02,9,16,3,0,0,0,0
31.798,83.44,27,,,14.33,8.6,9.7,7.91,9,15,3,0,0,0,0
31.832,84.74,29,,,14.21,8.56,9.81,7.94,9,17,3,0,0,0,0
31.865,82.82,29,,,13.79,8.44,10.22,8.07,9,17,3,0,0,0,0
31.899,81.18,28,,,13.86,8.46,10.15,8.04,9,16,3,0,0,0,0
31.932,80.48,27,,,14.26,8.58,9.74,7.92,8,16,3,0,0,0,0
31.965,82.54,29,,,14.52,8.66,9.48,7.85,10,16,3,0,0,0,0
31.999,80.62,26,,,13.99,8.5,8.96,7.69,10,13,3,0,0,0,0
32.032,80.12,26,,,13.99,8.5,8.63,7.59,9,14,3,0,0,0,0
32.065,83.03,30,,,15.04,8.81,8.76,7.63,9,18,3,0,0,0,0
32.099,83.56,28,,,15.38,8.91,8.49,7.55,9,16,3,0,0,0,0
32.132,84.34,29,,,15.6,8.98,8.67,7.6,9,17,3,0,0,0,0
32.165,82.83,29,,,15.74,9.02,8.44,7.53,9,17,3,0,0,0,0
32.199,82.33,28,,,15.48,8.94,8.28,7.24,8,17,3,0,0,0,0
32.232,83.12,28,,,15.66,9.0,7.83,6.95,9,16,3,0,0,0,0
32.266,88.63,29,,,15.78,9.03,7.89,6.86,9,17,3,0,0,0,0
32.299,82.69,28,,,15.51,8.95,7.93,6.8,9,16,3,0,0,0,0
32.332,81.44,27,,,14.98,8.79,7.95,6.77,8,16,3,0,0,0,0
32.366,82.72,28,,,14.64,8.69,7.62,6.64,10,15,3,0,0,0,0
32.399,84.76,28,,,14.41,8.62,7.4,6.56,10,15,3,0,0,0,0
32.432,83.8,26,,,14.27,8.58,7.26,6.5,8,15,3,0,0,0,0
32.466,85.15,30,,,14.52,8.66,7.52,6.57,10,17,3,0,0,0,0
32.499,86.31,27,,,14.34,8.6,6.99,6.41,10,14,3,0,0,0,0
32.532,85.21,28,,,14.22,8.57,6.99,6.4,10,15,3,0,0,0,0
32.566,84.52,27,,,14.49,8.65,6.65,6.3,9,15,3,0,0,0,0
32.599,83.31,27,,,14.67,8.7,6.42,6.23,9,15,3,0,0,0,0
32.633,85.15,27,,,14.79,8.98,6.62,6.29,9,15,3,0,0,0,0
32.666,88.52,26,,,14.86,9.16,6.4,6.22,10,13,3,0,0,0,0
32.699,87.05,26,,,14.56,9.18,6.26,6.18,10,13,3,0,0,0,0
32.733,98.32,27,,,14.36,9.18,6.17,6.15,10,14,3,0,0,0,0
32.766,86.69,28,,,14.59,9.29,6.46,6.24,10,15,3,0,0,0,0
32.799,85.62,27,,,15.08,9.47,6.3,6.19,9,15,3,0,0,0,0
32.833,83.84,25,,,14.7,9.38,6.19,6.16,9,13,3,0,0,0,0
32.866,89.98,28,,,14.81,9.42,6.48,6.24,10,15,3,0,0,0,0
32.9,89.66,29,,,15.57,9.66,6.66,6.3,9,17,3,0,0,0,0
32.933,90.07,28,,,16.07,9.81,6.78,6.33,9,16,3,0,0,0,0
32.966,84.14,28,,,16.4,9.91,6.86,6.36,9,16,2,1,0,0,0
33.0,90.07,29,,,15.91,9.77,6.91,6.37,10,16,2,1,0,0,0
33.033,86.89,26,,,15.24,9.57,6.94,6.38,9,14,2,1,0,0,0
33.066,85.79,28,,,15.16,9.55,6.61,6.28,10,15,2,1,0,0,0
33.1,86.26,29,,,15.1,9.53,7.1,6.43,10,16,3,0,0,0,0
33.133,87.11,30,,,15.42,9.87,7.41,6.52,10,17,3,0,0,0,0
33.166,84.34,28,,,15.62,10.09,7.62,6.59,9,16,3,0,0,0,0
33.2,89.58,28,,,15.75,10.23,7.4,6.52,10,15,3,0,0,0,0
33.233,110.28,27,,,15.84,10.33,6.91,6.37,9,15,3,0,0,0,0
33.267,92.96,26,,,15.9,10.39,6.59,6.28,9,14,3,0,0,0,0
33.3,91.6,28,,,15.89,10.33,6.39,6.22,10,15,3,0,0,0,0
33.333,104.49,28,,,15.93,10.39,6.6,6.28,10,15,3,0,0,0,0
33.367,88.32,28,,,16.3,10.53,6.04,6.11,11,14,3,0,0,0,0
33.4,97.94,29,,,16.2,10.52,6.38,6.21,11,15,3,0,0,0,0
33.433,89.11,26,,,16.13,10.51,6.24,6.17,10,13,3,0,0,0,0
33.467,80.78,25,,,15.73,10.4,6.16,6.15,10,12,3,0,0,0,0
33.5,119.71,24,,,15.48,10.33,6.1,6.13,9,12,3,0,0,0,0
33.534,120.26,25,,,15.66,10.39,6.07,6.12,9,13,3,0,0,0,0
33.567,104.74,27,,,15.78,10.43,6.39,6.22,10,14,3,0,0,0,0
33.6,88.47,26,,,15.51,10.35,6.96,6.39,9,14,2,1,0,0,0
33.634,86.1,25,,,15.68,10.4,6.62,6.29,9,13,3,0,0,0,0
33.667,86.19,26,,,15.44,10.33,7.1,6.43,9,14,2,1,0,0,0
33.7,94.32,26,,,15.29,10.29,7.07,6.42,10,13,2,1,0,0,0
33.734,81.77,25,,,15.19,9.49,7.04,6.41,9,14,2,0,0,0,0
33.767,83.93,25,,,15.47,9.84,6.68,6.3,9,13,3,0,0,0,0
33.8,86.56,23,,,15.31,9.97,6.09,6.13,9,11,3,0,0,0,0
33.834,84.61,26,,,15.9,10.26,6.06,6.12,9,14,3,0,0,0,0
33.867,85.35,25,,,15.58,10.24,6.39,6.22,10,12,3,0,0,0,0
33.901,88.41,27,,,15.73,10.33,6.95,6.39,10,14,3,0,0,0,0
33.934,85.23,27,,,16.14,10.41,7.32,6.5,9,15,3,0,0,0,0
33.967,86.81,26,,,16.09,9.67,7.56,6.57,9,15,2,0,0,0,0
34.001,88.3,28,,,16.41,10.07,8.06,6.72,9,16,3,0,0,0,0
34.034,86.86,27,,,16.62,10.32,8.04,6.71,9,15,3,0,0,0,0
34.067,87.4,29,,,17.1,10.6,8.03,6.71,10,16,3,0,0,0,0
34.101,83.9,28,,,17.77,10.88,7.67,6.6,9,16,3,0,0,0,0
34.134,94.32,26,,,17.85,10.96,7.08,6.43,9,14,3,0,0,0,0
34.167,85.19,27,,,17.9,11.01,6.7,6.31,9,15,3,0,0,0,0
34.201,86.33,27,,,17.94,11.04,6.46,6.24,9,15,3,0,0,0,0
34.234,85.11,27,,,17.96,11.06,5.95,6.08,9,14,3,1,0,0,0
34.268,80.27,29,,,18.32,11.18,6.32,6.19,9,17,3,0,0,0,0
34.301,92.22,29,,,18.56,11.26,6.56,6.02,8,18,3,0,0,0,0
34.334,82.98,28,,,18.36,11.2,6.71,5.91,8,17,3,0,0,0,0
34.368,81.65,30,,,18.59,11.27,6.81,6.08,9,17,2,2,0,0,0
34.401,83.68,28,,,18.73,11.32,6.18,5.74,8,16,3,1,0,0,0
34.434,81.26,29,,,18.83,11.35,6.12,5.62,8,17,3,1,0,0,0
34.468,82.1,28,,,18.89,11.36,5.73,5.44,8,16,3,1,0,0,0
34.501,81.99,28,,,18.93,11.38,5.82,5.67,9,16,3,0,0,0,0
34.535,76.64,25,,,18.56,10.41,5.18,5.37,8,15,2,0,0,0,0
34.568,80.22,27,,,18.71,10.76,5.12,5.27,8,16,3,0,0,0,0
34.601,71.69,26,,,19.16,11.09,4.73,5.11,8,15,3,0,0,0,0
34.635,70.4,25,,,18.76,11.09,4.47,5.0,8,14,3,0,0,0,0
34.668,72.49,26,,,18.84,11.2,4.31,4.93,8,15,3,0,0,0,0
34.701,76.6,26,,,18.9,11.27,4.55,4.99,8,15,3,0,0,0,0
34.735,78.54,27,,,18.93,11.32,5.06,5.13,8,16,3,0,0,0,0
34.768,80.54,27,,,18.96,11.34,5.39,5.23,8,16,3,0,0,0,0
34.801,81.53,27,,,18.62,11.26,5.6,5.29,8,16,3,0,0,0,0
34.835,82.81,26,,,17.7,10.99,5.39,5.22,8,15,3,0,0,0,0
34.868,82.48,26,,,17.11,10.82,5.6,5.28,8,15,3,0,0,0,0
34.902,77.07,26,,,17.42,10.92,5.04,4.87,8,15,3,0,0,0,0
34.935,81.14,25,,,17.27,10.88,4.68,4.6,8,14,3,0,0,0,0
34.968,76.72,26,,,17.18,10.85,4.79,4.53,8,15,3,0,0,0,0
35.002,83.15,27,,,16.77,10.73,4.86,4.48,8,16,3,0,0,0,0
35.035,71.41,22,,,15.8,10.44,4.21,4.25,9,10,3,0,0,0,0
35.068,70.64,24,,,15.17,10.25,4.14,4.19,9,12,3,0,0,0,0
35.102,68.8,23,,,15.11,10.23,4.09,4.41,8,12,3,0,0,0,0
35.135,82.79,26,,,15.07,10.22,5.11,4.86,9,14,3,0,0,0,0
35.168,77.48,23,,,15.05,9.44,4.37,4.49,9,12,2,0,0,0,0
35.202,73.22,24,,,15.03,8.94,4.24,4.35,9,13,2,0,0,0,0
35.235,78.18,25,,,15.02,9.38,4.51,4.61,10,12,3,0,0,0,0
35.269,77.76,25,,,15.01,9.67,4.68,4.78,10,12,3,0,0,0,0
35.302,74.95,23,,,15.01,9.85,4.09,4.44,9,11,3,0,0,0,0
35.335,69.86,24,,,15.36,10.32,4.06,4.32,9,12,3,0,0,0,0
35.369,68.17,22,,,15.23,9.76,3.69,4.14,9,11,2,0,0,0,0
35.402,78.99,23,,,15.15,10.16,3.8,4.13,9,11,3,0,0,0,0
35.435,79.55,22,,,14.75,10.31,3.87,4.36,10,9,3,0,0,0,0
35.469,81.11,21,,,14.49,10.41,3.56,4.16,9,9,3,0,0,0,0
35.502,86.63,23,,,14.67,10.58,3.72,4.39,10,10,3,0,0,0,0
35.535,82.04,22,,,14.78,10.69,3.82,4.29,9,10,3,0,0,0,0
35.569,82.78,23,,,14.51,10.66,4.58,4.68,10,10,3,0,0,0,0
35.602,79.76,22,,,14.68,10.74,4.38,4.47,9,10,3,0,0,0,0
35.636,77.64,20,,,14.44,9.92,3.9,4.24,9,9,2,0,0,0,0
35.669,74.63,22,,,14.99,10.37,3.58,4.09,9,10,3,0,0,0,0
35.702,74.23,20,,,14.64,10.45,3.38,3.99,9,8,2,1,0,0,0
35.736,80.77,19,,,14.07,10.4,3.25,3.92,9,7,3,0,0,0,0
35.769,78.02,22,,,14.39,10.57,3.51,3.98,9,10,3,0,0,0,0
35.802,86.69,18,,,13.56,9.6,3.33,3.92,9,7,2,0,0,0,0
35.836,86.4,20,,,13.36,9.85,3.57,3.98,9,8,3,0,0,0,0
35.869,78.74,20,,,13.19,9.13,3.72,4.02,9,9,2,0,0,0,0
35.903,84.59,20,,,13.13,8.77,3.82,4.05,9,9,2,0,0,0,0
35.936,74.05,20,,,13.08,8.54,3.88,4.07,9,9,2,0,0,0,0
35.969,82.09,21,,,13.4,8.49,3.92,4.08,9,10,2,0,0,0,0
36.003,76.21,23,,,13.96,9.33,4.3,4.19,9,11,2,1,0,0,0
36.036,80.99,20,,,13.63,8.9,4.19,4.4,10,8,2,0,0,0,0
36.069,80.05,19,,,13.72,8.89,3.78,4.19,9,8,2,0,0,0,0
36.103,80.34,21,,,14.17,9.84,3.85,4.41,10,8,3,0,0,0,0
36.136,90.35,21,,,14.11,9.58,4.26,4.65,10,9,2,0,0,0,0
36.169,85.05,23,,,14.38,10.18,4.87,4.91,10,10,3,0,0,0,0
36.203,80.69,20,,,14.25,10.05,4.91,4.98,10,8,2,0,0,0,0
36.236,90.0,21,,,14.16,9.96,5.29,5.13,10,9,2,0,0,0,0
36.27,80.35,22,,,14.1,9.91,5.89,5.33,10,10,2,0,0,0,0
36.303,89.36,20,,,13.72,9.52,5.93,5.11,8,10,2,0,0,0,0
36.336,83.51,20,,,13.82,9.62,5.6,4.86,9,9,2,0,0,0,0
36.37,84.23,21,,,13.88,10.45,5.74,4.8,9,9,3,0,0,0,0
36.403,86.6,20,,,13.92,10.99,5.48,4.66,9,8,3,0,0,0,0
36.436,88.73,20,,,13.6,11.24,5.66,4.68,9,8,3,0,0,0,0
36.47,91.67,19,,,13.39,10.63,5.43,4.58,9,8,2,0,0,0,0
36.503,92.51,20,,,13.6,11.11,5.28,4.52,9,8,2,1,0,0,0
36.537,92.98,23,,,14.09,11.53,5.53,4.58,9,11,2,1,0,0,0
36.57,84.77,22,,,14.06,11.69,5.7,4.62,9,10,2,1,0,0,0
36.603,82.15,24,,,14.39,11.91,6.15,4.75,9,12,2,1,0,0,0
36.637,80.0,22,,,14.25,11.94,6.1,4.74,9,10,2,1,0,0,0
36.67,83.93,22,,,14.48,11.2,5.71,4.62,9,11,2,0,0,0,0
36.703,83.49,24,,,14.66,11.59,6.16,5.24,11,10,3,0,0,0,0
36.737,83.71,23,,,14.78,11.84,6.11,5.3,10,10,3,0,0,0,0
36.77,79.22,23,,,14.86,12.0,6.07,5.33,10,10,3,0,0,0,0
36.803,90.96,21,,,14.91,12.1,5.7,5.25,10,8,2,1,0,0,0
36.837,81.52,22,,,14.24,10.95,5.8,5.06,9,11,2,0,0,0,0
36.87,88.23,24,,,14.16,11.07,6.22,5.28,10,11,3,0,0,0,0
36.904,86.52,23,,,13.75,11.05,6.49,5.43,10,10,3,0,0,0,0
36.937,90.74,24,,,13.84,11.14,6.67,5.52,10,11,3,0,0,0,0
36.97,84.46,24,,,13.54,11.09,7.14,5.69,10,11,3,0,0,0,0
37.004,90.97,26,,,13.67,11.08,7.79,5.9,10,13,3,0,0,0,0
37.037,102.33,25,,,13.44,11.05,8.21,6.04,10,12,3,0,0,0,0
37.07,83.3,22,,,13.28,11.03,7.44,5.57,9,10,3,0,0,0,0
37.104,96.71,22,,,13.18,11.02,7.28,5.62,10,9,3,0,0,0,0
37.137,89.1,24,,,13.12,11.01,7.89,6.1,11,10,3,0,0,0,0
37.17,89.78,24,,,13.43,11.11,7.93,6.07,10,11,3,0,0,0,0
37.204,90.85,23,,,13.28,11.07,8.3,6.39,10,10,3,0,0,0,0
37.237,76.57,24,,,13.53,11.15,8.55,6.61,10,11,3,0,0,0,0
37.271,90.01,23,,,13.34,11.1,8.7,6.74,10,10,3,0,0,0,0
37.304,81.89,22,,,13.22,11.06,8.11,5.61,9,10,3,0,0,0,0
37.337,82.48,18,,,12.1,10.48,7.37,4.77,8,7,3,0,0,0,0
37.371,95.37,20,,,11.71,10.98,7.59,4.43,8,9,3,0,0,0,0
37.404,98.37,21,,,12.16,11.51,7.38,4.1,8,10,3,0,0,0,0
37.437,89.89,20,,,12.46,11.86,6.9,3.79,8,9,3,0,0,0,0
37.471,96.31,20,,,12.65,12.08,6.58,3.58,8,9,3,0,0,0,0
37.504,86.04,19,,,12.42,12.12,6.33,3.33,8,8,3,0,0,0,0
37.538,87.85,18,,,12.62,12.5,5.52,3.07,9,6,3,0,0,0,0
37.571,83.36,20,,,12.76,12.75,5.68,3.12,9,8,3,0,0,0,0
37.604,83.2,20,,,13.19,13.01,5.45,3.04,9,8,3,0,0,0,0
37.638,82.68,17,,,12.42,12.87,5.29,2.99,9,5,3,0,0,0,0
37.671,90.17,18,,,11.93,12.77,5.54,3.06,9,6,3,0,0,0,0
37.704,87.81,21,,,12.3,12.92,6.05,3.22,9,9,3,0,0,0,0
37.738,86.71,20,,,12.55,13.02,6.03,3.21,9,8,3,0,0,0,0
37.771,94.99,21,,,12.7,13.08,6.37,3.31,9,9,3,0,0,0,0
37.804,83.37,20,,,12.81,12.35,6.24,3.27,9,9,2,0,0,0,0
37.838,89.62,21,,,13.23,12.75,6.16,3.25,9,9,3,0,0,0,0
37.871,80.51,22,,,13.5,13.02,6.45,3.34,9,10,3,0,0,0,0
37.905,92.08,23,,,13.67,13.19,6.99,3.5,9,11,3,0,0,0,0
37.938,81.42,20,,,13.44,12.95,6.65,3.39,8,9,3,0,0,0,0
37.971,77.54,16,,,12.93,12.68,5.37,3.01,8,5,3,0,0,0,0
38.005,79.01,17,,,12.61,12.51,4.89,2.87,8,6,3,0,0,0,0
38.038,84.5,19,,,12.39,11.63,4.93,2.88,8,8,3,0,0,0,0
38.071,91.94,21,,,12.61,11.41,5.3,2.99,9,9,3,0,0,0,0
38.105,84.27,22,,,12.74,11.79,5.55,3.06,8,9,5,0,0,0,0
38.138,88.78,20,,,12.83,11.52,5.01,2.9,9,7,4,0,0,0,0
38.171,79.87,18,,,12.19,10.88,5.0,2.9,8,7,3,0,0,0,0
38.205,87.86,20,,,12.12,10.57,5.35,3.01,8,9,3,0,0,0,0
38.238,81.74,20,,,12.08,10.62,5.58,3.07,9,8,3,0,0,0,0
38.272,77.17,19,,,12.05,10.4,5.38,3.01,8,8,3,0,0,0,0
38.305,81.14,20,,,12.38,10.61,5.59,3.08,9,9,2,0,0,0,0
38.338,84.59,18,,,11.9,10.29,5.74,3.12,8,8,2,0,0,0,0
38.372,93.01,18,,,11.58,10.08,5.48,3.04,8,8,2,0,0,0,0
38.405,91.11,18,,,11.03,9.85,5.66,3.1,8,8,2,0,0,0,0
38.438,86.73,18,,,11.02,10.04,5.08,2.92,9,6,3,0,0,0,0
38.472,84.37,19,,,11.01,10.17,5.05,2.92,9,7,3,0,0,0,0
38.505,87.84,20,,,11.01,10.25,5.03,2.91,9,7,4,0,0,0,0
38.538,84.06,20,,,11.01,10.06,5.02,2.91,8,8,4,0,0,0,0
38.572,78.56,20,,,11.0,10.18,5.01,2.9,9,7,4,0,0,0,0
38.605,80.17,19,,,10.65,9.9,5.01,2.9,8,7,4,0,0,0,0
38.639,77.4,19,,,10.42,9.73,5.01,2.9,8,7,4,0,0,0,0
38.672,81.09,21,,,10.63,9.72,5.35,3.25,9,8,4,0,0,0,0
38.705,73.12,17,,,10.06,9.5,5.23,3.13,8,6,3,0,0,0,0
38.739,93.15,21,,,10.74,9.68,4.8,2.94,8,9,4,0,0,0,0
38.772,86.69,20,,,10.83,9.68,4.52,2.82,8,8,4,0,0,0,0
38.805,76.29,19,,,10.54,9.58,4.69,2.85,8,7,4,0,0,0,0
38.839,86.52,20,,,11.05,10.5,4.8,2.87,8,8,3,1,0,0,0
38.872,77.67,20,,,11.38,11.1,4.87,2.88,8,8,3,1,0,0,0
38.906,87.39,19,,,11.25,10.61,4.91,2.89,8,8,3,0,0,0,0
38.939,77.34,19,,,11.16,10.29,4.94,2.89,8,8,3,0,0,0,0
38.972,79.79,20,,,11.46,10.96,4.61,2.79,8,7,4,1,0,0,0
39.006,80.79,19,,,11.3,11.29,4.75,2.83,8,6,4,1,0,0,0
39.039,79.21,18,,,11.19,11.5,4.49,2.75,8,5,4,1,0,0,0
39.072,85.22,20,,,11.47,11.75,4.67,2.8,8,7,4,1,0,0,0
39.106,80.06,20,,,11.31,11.8,4.78,2.84,8,7,4,1,0,0,0
39.139,87.22,21,,,11.55,11.94,5.21,2.96,8,8,4,1,0,0,0
39.172,81.44,19,,,11.36,11.93,5.14,2.94,8,6,4,1,0,0,0
39.206,78.86,22,,,12.28,11.46,5.09,2.93,8,10,4,0,0,0,0
39.239,86.68,22,,,12.53,11.83,5.06,2.92,8,9,4,1,0,0,0
39.273,79.75,20,,,12.35,11.43,4.69,2.81,9,7,4,0,0,0,0
39.306,88.92,21,,,11.88,10.83,4.45,2.73,9,7,5,0,0,0,0
39.339,92.35,22,,,11.92,10.54,4.29,2.69,9,8,5,0,0,0,0
39.373,88.01,21,,,11.6,10.24,4.19,2.66,8,7,5,1,0,0,0
39.406,89.78,21,,,11.39,10.05,4.47,2.74,9,7,5,0,0,0,0
39.439,87.9,22,,,11.6,10.03,4.66,2.8,9,8,5,0,0,0,0
39.473,86.26,20,,,11.0,9.72,4.78,2.83,8,6,5,1,0,0,0
39.506,88.85,21,,,10.65,9.61,5.21,2.96,9,7,5,0,0,0,0
39.54,82.65,23,,,11.12,9.75,5.48,3.05,8,9,5,1,0,0,0
39.573,82.75,21,,,11.08,9.73,5.66,3.1,9,8,4,0,0,0,0
39.606,83.94,23,,,11.05,9.72,6.48,3.34,9,10,4,0,0,0,0
39.64,84.76,23,,,11.03,9.71,6.66,3.4,9,9,5,0,0,0,0
39.673,83.85,24,,,11.37,9.81,6.78,3.43,9,11,4,0,0,0,0
39.706,91.85,25,,,11.24,9.77,7.21,3.56,9,11,5,0,0,0,0
39.74,86.79,26,,,11.51,9.85,7.48,3.65,9,12,5,0,0,0,0
39.773,75.03,22,,,10.98,9.69,6.97,3.49,9,8,5,0,0,0,0
39.806,93.34,25,,,11.34,9.8,6.63,3.39,9,11,5,0,0,0,0
39.84,85.14,25,,,11.22,9.77,6.76,3.43,9,11,5,0,0,0,0
39.873,84.22,26,,,11.49,9.6,6.84,3.45,9,12,5,0,0,0,0
39.907,85.44,25,,,11.67,9.5,6.55,3.36,9,11,5,0,0,0,0
39.94,85.27,25,,,11.79,9.43,6.01,3.2,10,10,5,0,0,0,0
39.973,83.72,25,,,11.51,9.28,6.0,3.2,10,10,5,0,0,0,0
40.007,87.02,27,,,11.68,9.29,6.35,3.31,10,12,5,0,0,0,0
40.04,82.85,27,,,12.14,9.4,6.23,3.27,10,12,5,0,0,0,0
40.073,90.33,26,,,12.09,9.36,6.15,3.24,10,11,5,0,0,0,0
40.107,88.67,23,,,12.06,9.34,5.4,3.02,10,9,4,0,0,0,0
40.14,78.38,25,,,12.39,9.43,5.26,2.98,10,11,4,0,0,0,0
40.173,88.46,24,,,12.25,9.39,5.52,3.55,10,9,5,0,0,0,0
40.207,75.63,26,,,12.16,9.36,6.74,4.23,10,12,4,0,0,0,0
40.24,75.24,27,,,12.46,9.44,7.18,4.57,10,12,5,0,0,0,0
40.274,87.33,25,,,12.65,9.5,6.77,4.58,10,10,5,0,0,0,0
40.307,85.94,26,,,13.12,9.64,6.5,4.59,10,11,5,0,0,0,0
40.34,94.78,28,,,13.43,9.73,7.02,4.8,10,13,4,1,0,0,0
40.374,90.73,27,,,13.28,8.91,7.02,4.84,11,12,4,0,0,0,0
40.407,84.18,27,,,13.18,9.15,6.66,4.75,11,11,5,0,0,0,0
40.44,92.32,29,,,13.82,10.29,6.78,4.8,11,13,5,0,0,0,0
40.474,86.79,28,,,13.88,10.92,6.86,4.84,11,12,5,0,0,0,0
40.507,85.09,28,,,13.88,10.46,6.91,4.86,11,13,4,0,0,0,0
40.541,114.01,26,,,13.92,10.27,6.59,4.77,11,11,4,0,0,0,0
40.574,127.08,25,,,13.6,10.03,6.38,4.71,11,11,3,0,0,0,0
40.607,117.36,24,,,13.39,9.88,6.25,4.67,10,10,4,0,0,0,0
40.641,84.4,24,,,13.6,9.89,6.16,4.65,9,12,3,0,0,0,0
40.674,88.57,25,,,13.74,9.89,6.11,4.63,10,12,3,0,0,0,0
40.707,84.33,26,,,14.18,10.0,6.07,4.62,10,13,3,0,0,0,0
40.741,90.45,27,,,14.82,10.17,6.04,4.61,10,14,3,0,0,0,0
40.774,83.02,26,,,15.23,10.29,6.03,4.61,10,13,3,0,0,0,0
40.807,90.18,27,,,15.5,10.36,6.02,4.61,10,14,3,0,0,0,0
40.841,88.82,31,,,16.73,10.73,6.01,4.6,10,17,3,1,0,0,0
40.874,83.6,27,,,16.82,10.75,6.01,4.6,10,14,3,0,0,0,0
40.908,89.19,28,,,16.53,10.66,6.01,4.6,10,14,3,1,0,0,0
40.941,87.96,28,,,16.35,10.61,6.0,4.6,10,14,3,1,0,0,0
40.974,81.7,25,,,15.18,10.25,6.0,4.6,10,11,3,1,0,0,0
41.008,84.83,25,,,14.76,10.13,6.0,4.6,10,12,3,0,0,0,0
41.041,75.5,25,,,14.5,10.05,6.0,4.6,10,12,3,0,0,0,0
41.074,86.7,25,,,14.67,10.1,6.0,4.6,10,12,3,0,0,0,0
41.108,76.86,26,,,14.79,10.14,6.0,4.6,10,13,3,0,0,0,0
41.141,79.5,25,,,14.51,10.05,6.0,4.6,10,12,3,0,0,0,0
41.174,78.07,25,,,15.03,10.21,5.65,4.5,10,12,3,0,0,0,0
41.208,80.23,27,,,16.07,10.52,5.42,4.43,10,14,3,0,0,0,0
41.241,84.05,28,,,16.4,10.62,5.97,4.59,10,15,3,0,0,0,0
41.275,75.83,26,,,15.91,10.47,6.33,4.7,10,13,3,0,0,0,0
41.308,73.95,26,,,15.94,10.48,6.22,4.67,10,13,3,0,0,0,0
41.341,77.87,25,,,15.61,10.38,6.14,4.64,9,13,3,0,0,0,0
41.375,82.08,25,,,15.4,10.32,6.09,4.63,9,13,3,0,0,0,0
41.408,79.44,25,,,15.26,10.28,6.06,4.62,10,12,3,0,0,0,0
41.441,85.73,25,,,15.17,10.25,6.04,4.61,10,12,3,0,0,0,0
41.475,87.45,23,,,14.76,10.13,6.03,4.61,9,11,3,0,0,0,0
41.508,84.78,23,,,14.49,10.05,6.02,4.6,9,11,3,0,0,0,0
41.541,89.46,27,,,15.37,10.31,6.01,4.6,10,14,3,0,0,0,0
41.575,89.84,26,,,15.59,10.38,6.01,4.6,10,13,3,0,0,0,0
41.608,88.01,23,,,14.68,9.86,6.0,4.6,10,10,3,0,0,0,0
41.642,90.79,26,,,15.14,9.84,6.0,4.6,10,13,3,0,0,0,0
41.675,94.63,28,,,15.79,9.93,6.0,4.6,10,15,3,0,0,0,0
41.708,97.45,29,,,16.57,10.09,6.0,4.6,10,16,3,0,0,0,0
41.742,107.81,28,,,16.72,10.1,6.35,4.71,10,15,3,0,0,0,0
41.775,95.45,24,,,15.77,9.78,6.58,5.02,10,11,3,0,0,0,0
41.808,88.33,27,,,15.85,9.79,6.73,5.22,10,13,3,1,0,0,0
41.842,90.48,28,,,16.25,9.9,6.82,5.35,10,14,3,1,0,0,0
41.875,92.06,28,,,16.16,9.86,6.88,5.44,10,14,3,1,0,0,0
41.909,91.41,26,,,15.41,9.63,7.62,5.71,10,14,2,0,0,0,0
41.942,89.58,28,,,15.61,9.94,7.76,5.77,11,14,2,1,0,0,0
41.975,89.63,24,,,15.05,9.92,7.49,5.71,11,11,2,0,0,0,0
42.009,85.64,22,,,14.33,9.56,7.32,5.67,10,10,2,0,0,0,0
42.042,86.11,25,,,14.22,9.44,7.56,5.75,10,13,2,0,0,0,0
42.075,89.04,25,,,14.14,9.6,8.06,5.91,11,12,2,0,0,0,0
42.109,83.25,24,,,13.74,9.35,8.39,6.01,10,12,2,0,0,0,0
42.142,85.54,22,,,12.43,8.88,8.6,6.08,10,9,3,0,0,0,0
42.175,92.26,21,,,11.58,8.57,8.39,6.54,9,8,3,1,0,0,0
42.209,84.67,21,,,11.73,8.58,7.56,6.63,9,8,3,1,0,0,0
42.242,88.0,20,,,10.77,7.5,7.36,6.27,10,7,3,0,0,0,0
42.276,87.45,21,,,10.85,7.01,6.88,5.93,10,8,3,0,0,0,0
42.309,90.91,24,,,11.6,6.9,6.92,5.81,10,11,3,0,0,0,0
42.342,90.75,25,,,12.44,6.94,6.95,6.26,9,12,3,1,0,0,0
42.376,85.82,22,,,11.94,6.64,6.62,6.45,9,9,3,1,0,0,0
42.409,84.0,23,,,11.61,6.45,7.1,6.78,9,10,3,1,0,0,0
42.442,90.8,23,,,11.35,6.21,7.42,6.47,10,10,3,0,0,0,0
42.476,90.76,24,,,11.93,6.38,7.27,6.17,10,11,3,0,0,0,0
42.509,94.29,24,,,12.3,6.49,7.18,5.97,10,11,3,0,0,0,0
42.543,83.6,22,,,11.85,6.35,7.11,5.84,10,9,3,0,0,0,0
42.576,82.74,24,,,11.9,6.37,7.77,5.97,10,12,2,0,0,0,0
42.609,85.15,25,,,12.63,6.59,7.85,6.47,9,13,2,1,0,0,0
42.643,90.47,27,,,13.46,6.84,7.55,6.44,9,14,3,1,0,0,0
42.676,84.82,24,,,13.65,6.9,7.01,6.32,8,12,3,1,0,0,0
42.709,85.25,24,,,13.77,6.93,6.66,6.25,9,12,2,1,0,0,0
42.743,110.66,25,,,14.2,7.06,6.08,6.09,8,13,3,1,0,0,0
42.776,112.27,22,,,14.13,7.04,5.35,5.88,8,10,3,1,0,0,0
42.809,87.47,22,,,14.09,7.03,4.88,5.75,8,10,3,1,0,0,0
42.843,84.77,24,,,14.41,7.12,4.92,5.77,8,12,3,1,0,0,0
42.876,87.02,23,,,14.61,7.18,4.6,5.67,8,11,3,1,0,0,0
42.91,85.55,24,,,14.75,7.22,4.74,5.72,8,12,3,1,0,0,0
42.943,90.07,24,,,15.19,7.36,4.48,5.12,9,12,3,0,0,0,0
42.976,83.88,21,,,14.42,7.13,4.31,4.73,9,9,3,0,0,0,0
43.01,87.82,25,,,14.62,7.19,4.55,4.58,9,13,3,0,0,0,0
43.043,82.71,23,,,14.41,7.12,4.36,4.37,9,11,3,0,0,0,0
43.076,81.91,23,,,13.91,6.97,4.58,4.87,8,11,3,1,0,0,0
43.11,85.55,25,,,14.29,7.09,4.73,5.2,8,13,3,1,0,0,0
43.143,91.11,25,,,14.19,7.06,5.17,5.51,8,13,3,1,0,0,0
43.176,86.14,24,,,14.47,7.14,4.76,5.51,8,12,3,1,0,0,0
43.21,87.79,25,,,14.31,7.09,4.85,5.09,9,13,3,0,0,0,0
43.243,90.16,25,,,14.55,7.17,4.9,4.81,9,13,3,0,0,0,0
43.277,93.61,26,,,15.06,7.32,4.93,5.16,8,14,3,1,0,0,0
43.31,92.53,25,,,15.39,7.42,4.96,5.38,8,13,3,1,0,0,0
43.343,92.1,26,,,15.25,7.38,5.32,5.63,8,14,3,1,0,0,0
43.377,89.51,25,,,15.51,7.45,4.86,5.06,9,13,3,0,0,0,0
43.41,91.35,26,,,15.68,7.51,5.26,4.9,9,15,2,0,0,0,0
43.443,88.81,23,,,16.14,7.64,4.82,5.11,8,13,1,1,0,0,0
43.477,84.39,22,,,15.04,7.07,4.53,5.25,8,11,2,1,0,0,0
43.51,93.26,23,,,14.33,6.69,4.35,5.34,8,11,2,2,0,0,0
43.544,88.24,23,,,13.51,6.35,4.92,5.6,8,11,2,2,0,0,0
43.577,90.12,27,,,13.33,6.23,5.65,5.88,9,14,2,2,0,0,0
43.61,140.1,26,,,13.57,6.25,6.12,6.31,9,14,1,2,0,0,0
43.644,129.87,27,,,13.37,6.16,6.78,6.69,9,15,1,2,0,0,0
43.677,125.26,25,,,12.54,5.65,6.51,6.73,10,12,1,2,0,0,0
43.71,100.28,23,,,12.0,5.32,6.68,6.86,9,12,1,1,0,0,0
43.744,104.26,25,,,11.65,5.1,6.79,6.94,10,13,1,1,0,0,0
43.777,96.99,24,,,11.42,4.96,6.86,7.0,10,12,1,1,0,0,0
43.81,88.59,24,,,10.92,4.76,6.91,7.03,11,11,1,1,0,0,0
43.844,93.52,21,,,10.25,4.53,6.24,6.08,9,10,1,1,0,0,0
43.877,90.84,24,,,10.51,4.59,6.16,5.8,10,12,1,1,0,0,0
43.911,93.28,23,,,10.33,4.52,6.1,5.63,10,11,1,1,0,0,0
43.944,90.47,25,,,10.92,4.69,6.42,6.39,11,11,1,2,0,0,0
43.977,91.55,25,,,10.95,4.69,6.62,6.88,11,10,2,2,0,0,0
44.011,95.87,25,,,11.31,5.05,6.75,7.2,11,10,2,2,0,0,0
44.044,88.21,23,,,11.2,5.17,6.84,7.41,11,9,2,1,0,0,0
44.077,107.94,23,,,11.48,5.11,6.9,7.55,10,11,1,1,0,0,0
44.111,93.31,23,,,11.66,5.07,6.93,7.64,9,11,2,1,0,0,0
44.144,83.66,22,,,11.43,4.94,6.96,7.69,9,10,2,1,0,0,0
44.177,91.55,23,,,11.63,4.96,6.97,7.73,9,11,2,1,0,0,0
44.211,83.84,23,,,11.06,4.77,7.33,7.86,9,11,2,1,0,0,0
44.244,84.4,21,,,10.69,4.64,7.57,7.94,9,10,1,1,0,0,0
44.278,85.28,21,,,10.8,4.66,7.37,7.89,9,10,1,1,0,0,0
44.311,81.96,21,,,10.52,4.57,7.24,7.86,9,9,1,2,0,0,0
44.344,83.79,22,,,10.69,4.61,7.16,7.84,9,10,1,2,0,0,0
44.378,89.22,24,,,11.15,4.75,7.45,7.93,9,12,1,2,0,0,0
44.411,85.45,23,,,11.1,4.73,7.29,7.88,9,12,1,1,0,0,0
44.444,90.28,26,,,11.76,4.93,7.19,7.86,9,14,2,1,0,0,0
44.478,85.81,23,,,11.5,4.85,7.12,7.84,9,12,1,1,0,0,0
44.511,85.51,22,,,10.97,4.69,7.08,7.82,9,10,2,1,0,0,0
44.544,84.95,22,,,10.98,4.7,6.7,7.47,8,11,2,1,0,0,0
44.578,102.44,23,,,11.34,4.8,6.46,7.48,8,11,2,2,0,0,0
44.611,111.73,21,,,11.22,4.77,5.95,6.61,8,10,2,1,0,0,0
44.645,91.76,22,,,11.14,4.74,6.32,7.03,8,11,2,1,0,0,0
44.678,84.52,18,,,11.09,4.73,5.5,5.97,7,9,2,0,0,0,0
44.711,93.73,20,,,11.06,4.96,6.03,6.36,7,10,2,1,0,0,0
44.745,91.16,22,,,11.74,5.33,6.02,6.52,8,11,2,1,0,0,0
44.778,96.57,23,,,11.83,5.46,5.66,6.51,8,11,2,2,0,0,0
44.811,90.13,21,,,11.54,5.44,5.43,6.51,8,10,2,1,0,0,0
44.845,92.71,21,,,11.35,5.42,5.28,6.5,8,10,2,1,0,0,0
44.878,92.34,21,,,11.23,5.42,5.18,6.5,8,10,2,1,0,0,0
44.912,98.91,19,,,10.8,5.31,5.12,6.26,7,9,2,1,0,0,0
44.945,84.56,20,,,10.52,5.23,5.08,6.1,7,10,2,1,0,0,0
44.978,95.55,19,,,10.34,5.19,5.05,5.99,7,9,2,1,0,0,0
45.012,87.29,19,,,9.87,5.05,5.38,6.03,7,9,2,1,0,0,0
45.045,77.75,18,,,9.21,4.86,5.6,6.05,7,9,1,1,0,0,0
45.078,80.18,19,,,9.14,4.84,5.74,6.07,6,11,1,1,0,0,0
45.112,79.46,18,,,9.09,4.82,5.48,5.98,6,10,1,1,0,0,0
45.145,79.49,18,,,9.06,4.82,5.66,6.02,6,9,2,1,0,0,0
45.178,83.67,20,,,9.04,5.06,6.13,6.15,7,10,1,2,0,0,0
45.212,81.05,19,,,9.37,5.32,6.08,6.13,7,10,1,1,0,0,0
45.245,92.83,20,,,9.94,5.59,5.71,6.02,7,11,1,1,0,0,0
45.279,82.04,19,,,10.31,5.77,5.11,5.84,7,9,2,1,0,0,0
45.312,78.31,16,,,10.2,5.53,4.72,5.72,6,8,1,1,0,0,0
45.345,79.8,17,,,10.13,5.38,4.47,5.64,6,9,1,1,0,0,0
45.379,79.59,18,,,10.09,5.28,4.3,5.59,6,9,1,2,0,0,0
45.412,80.2,18,,,10.06,5.46,4.55,5.67,7,9,1,1,0,0,0
45.445,78.04,18,,,10.04,5.34,4.71,5.71,6,10,1,1,0,0,0
45.479,80.04,19,,,10.37,5.36,4.81,5.74,6,10,2,1,0,0,0
45.512,82.31,19,,,10.94,5.72,4.88,5.76,7,9,2,1,0,0,0
45.546,83.18,20,,,11.31,5.72,5.27,5.88,6,11,2,1,0,0,0
45.579,78.6,17,,,10.85,5.5,5.18,5.85,6,8,2,1,0,0,0
45.612,79.72,18,,,10.9,5.46,5.11,5.83,6,9,2,1,0,0,0
45.646,79.55,19,,,11.64,5.9,5.07,5.82,7,10,1,1,0,0,0
45.679,80.75,20,,,12.11,6.18,5.4,5.92,7,11,1,1,0,0,0
45.712,78.23,19,,,12.42,6.36,5.26,5.88,7,10,1,1,0,0,0
45.746,79.86,20,,,12.63,6.48,4.82,5.75,7,10,2,1,0,0,0
45.779,80.88,20,,,12.41,6.45,4.88,5.76,7,10,2,1,0,0,0
45.812,81.91,20,,,12.26,6.19,4.92,5.78,6,11,1,2,0,0,0
45.846,79.59,18,,,11.82,5.91,4.95,5.79,6,9,2,1,0,0,0
45.879,80.38,19,,,11.53,5.73,5.32,5.9,6,10,2,1,0,0,0
45.913,78.46,17,,,11.35,5.62,5.21,5.86,6,9,1,1,0,0,0
45.946,81.56,21,,,11.93,5.75,5.48,5.95,6,12,2,1,0,0,0
45.979,81.14,19,,,11.6,5.63,5.66,6.0,6,10,2,1,0,0,0
46.013,79.44,18,,,11.04,5.44,5.43,5.93,6,9,2,1,0,0,0
46.046,82.84,21,,,11.38,5.53,5.63,5.99,6,12,2,1,0,0,0
46.079,80.7,19,,,11.59,5.59,5.76,6.03,6,11,1,1,0,0,0
46.113,80.41,19,,,11.74,5.63,5.84,6.05,6,11,1,1,0,0,0
46.146,78.09,19,,,11.48,5.55,5.9,6.07,6,10,2,1,0,0,0
46.179,82.38,19,,,11.66,5.6,5.93,6.08,6,11,1,1,0,0,0
46.213,82.41,20,,,11.43,5.53,5.96,6.09,6,11,2,1,0,0,0
46.246,82.64,23,,,11.63,5.59,6.32,6.2,6,14,2,1,0,0,0
46.28,85.85,22,,,11.76,5.63,6.56,6.27,6,14,1,1,0,0,0
46.313,83.44,21,,,10.79,5.34,7.06,6.42,6,12,2,1,0,0,0
46.346,81.4,20,,,10.87,5.36,6.34,6.2,6,11,2,1,0,0,0
46.38,82.66,19,,,10.21,5.16,6.22,6.17,6,10,2,1,0,0,0
46.413,84.0,23,,,10.84,5.35,6.14,6.14,6,14,2,1,0,0,0
46.446,80.84,19,,,10.89,5.37,6.09,6.13,6,10,2,1,0,0,0
46.48,79.19,18,,,10.58,5.27,6.06,6.12,6,9,2,1,0,0,0
46.513,81.53,19,,,10.38,5.21,6.04,6.11,6,9,3,1,0,0,0
46.547,82.61,23,,,10.6,5.28,6.73,6.32,6,14,2,1,0,0,0
46.58,90.18,23,,,10.39,5.22,7.52,6.56,6,14,2,1,0,0,0
46.613,86.13,23,,,10.6,5.28,8.04,6.71,6,14,2,1,0,0,0
46.647,83.37,21,,,11.09,5.43,7.68,6.6,6,12,2,1,0,0,0
46.68,86.1,19,,,11.06,5.42,7.44,6.53,6,11,1,1,0,0,0
46.713,82.43,19,,,10.69,5.31,6.94,6.38,6,10,1,2,0,0,0
46.747,84.36,19,,,10.45,5.23,6.61,6.04,5,11,2,1,0,0,0
46.78,82.3,18,,,10.64,5.29,6.05,5.71,5,10,1,2,0,0,0
46.813,79.54,19,,,10.42,5.22,6.38,5.71,5,11,1,2,0,0,0
46.847,79.74,18,,,10.27,5.18,6.25,5.6,5,10,1,2,0,0,0
46.88,84.45,22,,,10.18,5.15,7.56,5.95,5,14,1,2,0,0,0
46.914,82.48,19,,,10.11,5.13,7.36,5.86,5,11,1,2,0,0,0
46.947,79.24,19,,,9.72,5.02,7.24,5.81,5,10,1,3,0,0,0
46.98,86.72,18,,,9.47,4.94,6.8,5.66,5,9,1,3,0,0,0
47.014,87.05,17,,,9.66,5.0,6.52,5.57,5,10,1,1,0,0,0
47.047,85.36,17,,,9.78,5.03,6.34,5.51,5,10,1,1,0,0,0
47.08,83.52,17,,,9.5,4.95,6.22,5.47,5,10,1,1,0,0,0
47.114,80.9,21,,,9.68,5.0,6.49,5.55,5,13,1,2,0,0,0
47.147,85.45,21,,,9.79,5.04,6.67,5.6,5,13,1,2,0,0,0
47.18,84.41,20,,,9.51,4.95,6.79,5.64,5,12,1,2,0,0,0
47.214,85.96,22,,,9.68,5.01,7.21,5.76,5,14,1,2,0,0,0
47.247,87.37,22,,,9.79,5.04,7.49,5.85,5,14,1,2,0,0,0
47.281,85.96,22,,,9.87,5.06,7.67,5.9,5,14,1,2,0,0,0
47.314,85.38,23,,,10.61,5.28,7.43,5.83,5,14,2,2,0,0,0
47.347,84.81,22,,,11.45,5.78,6.93,5.68,6,13,1,2,0,0,0
47.381,85.9,22,,,11.29,5.65,6.96,5.69,5,14,1,2,0,0,0
47.414,90.33,22,,,11.19,5.56,6.62,5.59,5,13,2,2,0,0,0
47.447,84.91,22,,,11.47,5.61,6.4,4.75,5,14,2,1,0,0,0
47.481,83.3,20,,,11.66,5.64,5.91,4.1,5,13,2,0,0,0,0
47.514,82.49,19,,,11.08,5.45,5.94,3.79,5,12,2,0,0,0,0
47.547,84.05,21,,,11.05,5.43,6.31,4.46,5,13,2,1,0,0,0
47.581,81.85,21,,,11.03,5.42,6.55,4.89,5,13,2,1,0,0,0
47.614,84.75,22,,,11.37,5.52,6.36,5.07,5,15,1,1,0,0,0
47.648,81.74,19,,,11.59,5.58,5.88,5.08,5,11,2,1,0,0,0
47.681,85.8,22,,,11.73,5.62,5.57,4.32,5,14,3,0,0,0,0
47.714,83.11,21,,,11.83,5.65,5.37,3.82,5,13,3,0,0,0,0
47.748,83.2,20,,,11.89,5.67,4.89,3.39,5,12,3,0,0,0,0
47.781,81.23,19,,,11.93,5.68,4.23,3.01,5,12,2,0,0,0,0
47.814,81.2,18,,,11.95,5.69,3.8,2.76,5,12,1,0,0,0,0
47.848,78.48,16,,,11.27,5.48,3.87,2.71,5,10,1,0,0,0,0
47.881,82.11,18,,,11.17,5.45,3.57,3.33,5,11,1,1,0,0,0
47.915,79.77,17,,,11.11,5.43,3.02,2.87,5,11,1,0,0,0,0
47.948,79.16,18,,,11.42,5.53,3.36,2.77,5,12,1,0,0,0,0
47.981,79.35,19,,,11.98,5.69,3.58,2.71,5,13,1,0,0,0,0
48.015,80.01,19,,,12.33,5.8,3.73,3.44,5,12,1,1,0,0,0
48.048,78.79,18,,,11.87,5.66,3.82,3.92,5,11,1,1,0,0,0
48.081,80.56,19,,,11.91,5.67,3.89,4.23,5,11,2,1,0,0,0
48.115,84.28,22,,,12.29,5.79,4.63,4.64,5,15,1,1,0,0,0
48.148,81.82,20,,,12.19,5.76,4.76,4.8,5,13,1,1,0,0,0
48.181,86.17,22,,,12.82,5.95,4.84,4.9,5,14,2,1,0,0,0
48.215,82.51,18,,,12.54,5.86,4.55,4.87,5,11,1,1,0,0,0
48.248,83.13,18,,,12.35,5.8,4.36,4.84,5,11,1,1,0,0,0
48.282,81.09,21,,,12.93,6.22,4.23,4.83,6,12,2,1,0,0,0
48.315,84.57,19,,,12.6,6.04,4.15,4.82,5,11,2,1,0,0,0
48.348,83.94,21,,,12.74,6.27,4.1,4.81,6,12,1,2,0,0,0
48.382,78.77,18,,,12.13,5.97,4.06,4.81,5,11,1,1,0,0,0
48.415,96.51,21,,,12.09,5.87,4.39,4.91,5,14,1,1,0,0,0
48.448,103.57,22,,,13.11,6.37,4.6,4.98,6,14,1,1,0,0,0
48.482,102.23,22,,,13.42,6.59,4.74,5.02,6,14,1,1,0,0,0
48.515,116.39,22,,,13.62,6.73,4.48,4.94,6,13,2,1,0,0,0
48.549,119.48,22,,,14.1,6.93,3.96,4.79,6,13,2,1,0,0,0
48.582,131.89,23,,,14.42,7.06,3.98,4.79,6,14,2,1,0,0,0
48.615,97.06,23,,,14.62,7.14,3.98,4.79,6,13,3,1,0,0,0
48.649,88.83,25,,,15.1,7.3,4.34,4.9,6,15,3,1,0,0,0
48.682,94.94,23,,,15.07,7.3,4.22,4.87,6,13,3,1,0,0,0
48.715,88.17,25,,,15.74,7.51,4.14,4.84,6,15,3,1,0,0,0
48.749,88.57,21,,,15.13,7.09,3.74,4.72,5,12,3,1,0,0,0
48.782,87.17,23,,,14.74,6.81,3.83,4.75,5,14,3,1,0,0,0
48.815,85.69,23,,,14.48,6.63,3.89,4.77,5,14,3,1,0,0,0
48.849,99.57,25,,,15.01,6.97,3.58,3.9,6,16,3,0,0,0,0
48.882,103.42,25,,,15.36,7.19,3.38,3.34,6,17,2,0,0,0,0
48.916,85.89,25,,,15.93,7.44,3.24,2.98,6,16,3,0,0,0,0
48.949,84.44,23,,,15.96,7.5,3.16,2.74,6,14,3,0,0,0,0
48.982,87.27,21,,,16.32,7.64,2.75,2.48,6,14,1,0,0,0,0
49.016,87.94,24,,,16.21,7.62,3.54,3.4,6,15,2,1,0,0,0
49.049,86.09,22,,,16.49,7.72,3.0,2.91,6,14,2,0,0,0,0
49.082,86.36,21,,,16.32,7.68,2.65,2.59,6,13,2,0,0,0,0
49.116,95.76,24,,,16.91,7.86,3.12,3.36,6,16,1,1,0,0,0
49.149,87.09,22,,,16.94,7.87,3.08,3.76,6,14,1,1,0,0,0
49.182,83.94,22,,,16.26,7.67,3.05,4.02,6,13,2,1,0,0,0
49.216,87.36,24,,,15.82,7.54,3.73,4.4,6,15,2,1,0,0,0
49.249,84.19,22,,,14.83,7.25,3.83,4.54,6,13,2,1,0,0,0
49.283,82.89,20,,,14.19,7.06,3.89,4.63,6,11,2,1,0,0,0
49.316,84.19,21,,,14.12,6.79,4.28,4.79,5,13,2,1,0,0,0
49.349,85.2,22,,,14.43,6.72,4.53,4.9,5,14,2,1,0,0,0
49.383,84.94,22,,,14.98,7.03,4.69,4.97,6,14,1,1,0,0,0
49.416,82.07,20,,,14.64,6.78,4.8,5.02,5,13,1,1,0,0,0
49.449,86.68,24,,,15.81,7.03,4.87,5.05,5,17,1,1,0,0,0
49.483,87.86,22,,,15.53,6.88,4.92,5.06,5,15,1,1,0,0,0
49.516,92.2,24,,,16.04,6.99,4.95,5.08,5,16,2,1,0,0,0
49.55,68.13,23,,,15.68,6.85,4.96,5.09,5,15,2,1,0,0,0
49.583,47.26,22,,,15.44,6.77,4.98,5.09,5,14,2,1,0,0,0
49.616,49.32,25,,,15.99,6.92,4.99,5.09,5,17,2,1,0,0,0
49.65,48.31,26,,,16.34,7.02,4.99,5.1,5,18,2,1,0,0,0
49.683,46.85,22,,,15.52,6.77,4.99,5.1,5,15,1,1,0,0,0
49.716,46.1,23,,,14.99,6.6,5.0,5.1,5,15,2,1,0,0,0
49.75,46.0,22,,,14.64,6.5,5.0,5.1,5,14,2,1,0,0,0
49.783,43.27,20,,,14.07,6.57,5.0,5.1,6,12,1,1,0,0,0
49.816,49.91,21,,,13.69,6.37,5.0,5.1,5,13,2,1,0,0,0
49.85,70.21,22,,,13.8,6.34,5.35,5.2,5,15,1,1,0,0,0
49.883,50.53,23,,,14.22,6.43,5.23,5.17,5,15,2,1,0,0,0
49.917,46.48,22,,,14.14,6.39,5.15,5.14,5,14,2,1,0,0,0
49.95,45.76,22,,,13.74,6.25,5.45,5.23,5,14,2,1,0,0,0
49.983,44.84,21,,,13.48,6.16,5.29,5.19,5,13,2,1,0,0,0
50.017,44.96,22,,,12.61,5.9,5.19,5.16,5,13,3,1,0,0,0
50.05,42.74,22,,,11.7,5.86,5.82,5.35,6,12,3,1,0,0,0
50.083,45.08,22,,,11.1,5.84,6.23,5.47,6,13,2,1,0,0,0
50.117,51.14,27,,,12.12,6.25,6.15,5.45,6,18,2,1,0,0,0
50.15,52.55,27,,,12.78,6.27,6.45,5.53,5,20,1,1,0,0,0
50.183,49.22,24,,,12.85,6.17,6.29,5.49,5,16,2,1,0,0,0
50.217,45.64,23,,,12.91,6.11,6.19,5.46,5,16,1,1,0,0,0
50.25,43.4,22,,,12.59,5.97,5.77,5.33,5,15,1,1,0,0,0
50.284,46.71,24,,,13.78,6.54,5.15,5.15,6,16,1,1,0,0,0
50.317,67.32,26,,,14.56,6.91,4.75,5.02,6,18,1,1,0,0,0
50.35,86.81,25,,,14.71,6.8,4.84,5.05,5,18,1,1,0,0,0
50.384,83.73,27,,,15.16,6.84,5.94,5.38,5,19,2,1,0,0,0
50.417,86.77,26,,,15.11,6.75,6.66,5.6,5,18,2,1,0,0,0
50.45,88.98,24,,,14.72,6.59,7.13,5.74,5,16,2,1,0,0,0
50.484,80.99,25,,,14.82,6.6,7.44,5.83,5,18,1,1,0,0,0
50.517,71.54,26,,,13.83,6.28,7.98,5.99,5,18,2,1,0,0,0
50.55,51.92,26,,,13.54,6.18,8.34,6.1,5,18,2,1,0,0,0
50.584,49.61,23,,,12.65,5.91,8.22,5.3,5,16,2,0,0,0,0
50.617,47.29,25,,,12.07,5.73,8.49,5.65,5,17,2,1,0,0,0
50.651,47.99,26,,,12.05,5.72,8.67,5.88,5,18,2,1,0,0,0
50.684,45.62,23,,,12.03,5.71,8.44,5.92,5,15,2,1,0,0,0
50.717,45.04,25,,,12.02,5.71,8.63,6.05,5,17,2,1,0,0,0
50.751,44.54,22,,,11.31,5.5,8.41,6.03,5,14,2,1,0,0,0
50.784,46.0,25,,,11.2,5.46,8.97,6.23,5,17,2,1,0,0,0
50.817,45.83,22,,,10.78,5.34,8.98,6.26,5,14,2,1,0,0,0
50.851,40.85,23,,,10.51,5.25,9.34,6.38,5,15,2,1,0,0,0
50.884,51.47,24,,,10.68,5.3,9.57,6.45,5,16,2,1,0,0,0
50.918,54.32,24,,,11.14,5.69,9.37,6.4,6,15,2,1,0,0,0
50.951,55.72,25,,,11.79,6.04,9.24,6.37,6,16,2,1,0,0,0
50.984,45.12,24,,,12.22,6.27,9.16,6.34,6,15,2,1,0,0,0
51.018,47.08,26,,,12.49,6.42,9.1,6.33,6,17,2,1,0,0,0
51.051,45.32,25,,,12.67,6.52,9.07,6.32,6,16,2,1,0,0,0
51.084,44.95,25,,,12.78,6.58,9.04,6.31,6,16,2,1,0,0,0
51.118,45.48,26,,,13.21,6.73,9.03,6.31,6,17,2,1,0,0,0
51.151,46.23,26,,,13.14,6.47,9.02,6.3,5,18,2,1,0,0,0
51.184,45.64,25,,,13.09,6.55,9.01,6.3,6,16,2,1,0,0,0
51.218,43.3,25,,,13.06,6.36,9.01,6.3,5,17,2,1,0,0,0
51.251,44.28,22,,,11.99,5.92,9.0,6.3,5,14,2,1,0,0,0
51.285,44.6,23,,,11.64,5.98,9.0,6.3,6,14,2,1,0,0,0
51.318,43.65,23,,,11.77,6.13,9.0,6.3,6,14,2,1,0,0,0
51.351,41.32,22,,,11.15,6.01,9.0,6.3,6,14,1,1,0,0,0
51.385,45.45,23,,,10.75,5.69,9.0,6.3,5,15,2,1,0,0,0
51.418,46.65,23,,,10.84,5.84,8.65,6.2,6,15,1,1,0,0,0
51.451,44.48,18,,,9.14,4.91,8.42,6.13,4,12,1,1,0,0,0
51.485,44.3,19,,,8.39,4.66,8.27,6.08,5,12,1,1,0,0,0
51.518,45.24,21,,,8.26,4.85,8.18,6.05,6,13,1,1,0,0,0
51.552,45.05,22,,,8.17,4.73,8.47,6.14,5,15,1,1,0,0,0
51.585,44.55,21,,,7.41,4.44,8.65,6.2,5,13,2,1,0,0,0
51.618,44.05,23,,,7.62,4.46,8.77,6.23,5,15,2,1,0,0,0
51.652,44.75,22,,,8.1,4.58,8.85,6.26,5,14,2,1,0,0,0
51.685,44.34,22,,,8.41,4.66,9.25,6.38,5,14,2,1,0,0,0
51.718,46.26,23,,,8.62,4.71,9.52,6.45,5,15,2,1,0,0,0
51.752,43.73,23,,,8.4,4.63,10.39,6.72,5,15,2,1,0,0,0
51.785,43.46,22,,,8.61,4.94,9.9,6.57,6,13,2,1,0,0,0
51.818,46.77,25,,,9.45,5.34,10.29,6.69,6,16,2,1,0,0,0
51.852,44.94,22,,,9.29,5.15,10.19,6.66,5,14,2,1,0,0,0
51.885,44.61,22,,,9.19,5.03,10.12,6.64,5,14,2,1,0,0,0
51.919,44.14,23,,,9.12,4.95,10.43,6.73,5,15,2,1,0,0,0
51.952,47.01,23,,,9.43,5.25,10.63,6.79,6,15,1,1,0,0,0
51.985,44.62,22,,,9.28,5.09,10.76,6.83,5,15,1,1,0,0,0
52.019,44.78,22,,,9.53,5.34,10.49,6.75,6,14,1,1,0,0,0
52.052,44.24,21,,,9.35,5.4,10.32,6.7,6,13,1,1,0,0,0
52.085,45.09,23,,,9.22,5.43,10.91,6.87,6,15,1,1,0,0,0
52.119,47.29,25,,,9.85,5.67,10.94,6.88,6,16,2,1,0,0,0
52.152,48.39,25,,,9.9,5.71,11.31,6.99,7,16,1,1,0,0,0
52.185,48.07,26,,,9.93,5.74,11.55,7.07,7,17,1,1,0,0,0
52.219,49.09,25,,,9.96,5.76,11.36,7.01,7,16,1,1,0,0,0
52.252,47.73,27,,,9.97,5.53,11.93,7.18,6,18,2,1,0,0,0
52.286,49.18,26,,,9.98,5.63,11.96,7.19,7,17,1,1,0,0,0
52.319,46.92,27,,,10.34,5.79,11.62,7.09,7,17,2,1,0,0,0
52.352,46.68,25,,,9.52,5.09,11.4,6.78,5,17,2,1,0,0,0
52.386,50.3,27,,,9.34,4.99,10.91,6.47,6,18,2,1,0,0,0
52.419,48.53,26,,,9.22,4.68,10.59,6.27,5,18,2,1,0,0,0
52.452,48.56,25,,,9.49,4.58,10.04,6.04,5,17,2,1,0,0,0
52.486,49.34,25,,,9.67,4.76,9.67,5.88,6,16,2,1,0,0,0
52.519,45.8,23,,,9.09,4.67,9.79,6.13,6,14,2,1,0,0,0
52.553,47.55,25,,,10.46,5.38,9.16,6.09,7,15,2,1,0,0,0
52.586,44.04,19,,,9.25,4.97,9.11,6.16,6,11,1,1,0,0,0
52.619,47.13,24,,,9.51,5.01,9.42,6.32,6,16,1,1,0,0,0
52.653,44.04,25,,,9.33,4.94,9.97,6.52,6,17,1,1,0,0,0
52.686,78.25,22,,,8.87,4.79,10.33,6.65,6,14,1,1,0,0,0
52.719,80.96,20,,,8.56,4.69,10.22,6.63,6,12,1,1,0,0,0
52.753,85.58,23,,,9.07,4.83,10.14,6.62,6,15,1,1,0,0,0
52.786,71.77,22,,,9.39,5.17,10.09,6.61,6,14,1,1,0,0,0
52.819,49.13,24,,,9.61,5.15,10.41,6.71,7,15,1,1,0,0,0
52.853,46.86,23,,,9.74,5.13,10.27,6.67,7,14,1,1,0,0,0
52.886,47.22,24,,,9.83,5.12,10.17,6.65,7,15,1,1,0,0,0
52.92,43.95,25,,,10.24,5.22,9.41,6.42,7,16,1,1,0,0,0
52.953,47.64,25,,,10.16,5.42,9.62,6.48,7,16,1,1,0,0,0
52.986,44.91,23,,,9.75,5.45,9.75,6.52,7,14,1,1,0,0,0
53.02,44.63,23,,,9.49,5.47,9.14,6.34,7,14,1,1,0,0,0
53.053,43.1,20,,,8.97,5.13,8.74,6.22,6,12,1,1,0,0,0
53.086,46.32,22,,,8.98,5.01,8.48,6.14,6,14,1,1,0,0,0
53.12,43.58,20,,,8.64,4.83,8.31,6.09,6,12,1,1,0,0,0
53.153,47.02,24,,,9.46,5.28,8.55,6.17,7,15,1,1,0,0,0
53.186,47.93,25,,,10.35,5.43,8.71,6.21,6,17,1,1,0,0,0
53.22,48.47,26,,,11.28,5.87,9.16,6.35,7,17,1,1,0,0,0
53.253,48.37,24,,,11.18,5.95,9.1,6.33,7,15,1,1,0,0,0
53.287,48.62,25,,,10.77,5.65,9.42,6.43,6,17,1,1,0,0,0
53.32,49.61,25,,,10.5,5.46,9.97,6.59,6,17,1,1,0,0,0
53.353,85.29,26,,,10.32,5.33,10.68,6.8,6,18,1,1,0,0,0
53.387,87.26,29,,,11.26,5.81,11.14,6.94,7,20,1,1,0,0,0
53.42,90.68,27,,,11.52,6.02,11.09,6.93,7,18,1,1,0,0,0
53.453,70.92,24,,,10.99,5.7,10.71,6.81,5,17,1,1,0,0,0
53.487,51.79,26,,,10.99,5.84,10.81,6.84,7,17,1,1,0,0,0
53.52,50.99,26,,,11.34,5.79,10.53,6.76,6,18,1,1,0,0,0
53.553,46.27,23,,,10.52,5.44,10.34,6.7,6,15,1,1,0,0,0
53.587,48.61,24,,,9.64,5.36,10.57,6.77,6,15,2,1,0,0,0
53.62,51.53,26,,,9.77,5.51,11.07,6.92,6,18,1,1,0,0,0
53.654,46.89,23,,,9.5,5.51,10.7,6.81,6,15,1,1,0,0,0
53.687,51.97,25,,,8.97,5.16,10.8,6.84,5,17,2,1,0,0,0
53.72,47.47,23,,,8.63,4.93,10.52,6.76,5,16,1,1,0,0,0
53.754,48.44,24,,,8.41,4.78,10.69,6.81,5,17,1,1,0,0,0
53.787,46.82,26,,,9.32,4.99,10.45,6.73,5,19,1,1,0,0,0
53.82,51.64,29,,,9.91,5.38,10.99,6.9,6,21,1,1,0,0,0
53.854,55.76,30,,,9.94,5.28,12.39,7.32,5,23,1,1,0,0,0
53.887,61.52,29,,,10.31,5.32,13.66,7.7,5,22,1,1,0,0,0
53.921,51.23,29,,,10.55,5.6,14.13,7.84,6,21,1,1,0,0,0
53.954,44.36,28,,,10.36,5.42,14.43,7.93,5,21,1,1,0,0,0
53.987,45.71,29,,,10.58,5.41,14.63,7.99,5,22,1,1,0,0,0
54.021,50.42,26,,,10.38,5.3,14.41,7.92,5,19,1,1,0,0,0
54.054,47.57,27,,,9.9,5.13,14.97,8.09,5,20,1,1,0,0,0
54.087,50.01,24,,,9.58,5.26,13.93,7.78,6,16,1,1,0,0,0
54.121,49.32,27,,,10.08,5.55,13.95,7.79,6,19,1,1,0,0,0
54.154,49.04,26,,,10.4,5.74,13.97,7.79,6,18,1,1,0,0,0
54.187,50.53,28,,,10.96,5.97,13.98,7.79,6,20,1,1,0,0,0
54.221,49.25,26,,,10.62,5.67,14.34,7.9,5,19,1,1,0,0,0
54.254,48.89,27,,,10.76,5.57,14.57,7.97,5,20,1,1,0,0,0
54.288,49.19,28,,,11.19,5.86,14.72,8.02,6,20,1,1,0,0,0
54.321,49.39,26,,,10.77,5.6,14.82,8.05,5,19,1,1,0,0,0
54.354,47.57,27,,,10.85,5.77,14.88,8.06,6,19,1,1,0,0,0
54.388,48.32,26,,,10.9,5.89,14.57,7.97,6,18,1,1,0,0,0
54.421,50.61,28,,,11.29,6.07,14.37,7.91,6,20,1,1,0,0,0
54.454,49.98,28,,,11.54,6.18,14.24,7.87,6,20,1,1,0,0,0
54.488,48.72,29,,,11.7,6.26,14.16,7.85,6,21,1,1,0,0,0
54.521,49.16,26,,,11.45,6.2,14.1,7.83,6,18,1,1,0,0,0
54.555,50.1,27,,,12.0,6.38,13.37,7.61,6,19,1,1,0,0,0
54.588,53.48,27,,,12.7,6.6,12.89,7.47,6,19,1,1,0,0,0
54.621,49.31,26,,,12.8,6.63,12.58,7.37,6,18,1,1,0,0,0
54.655,45.47,24,,,12.52,6.55,12.03,7.21,6,16,1,1,0,0,0
54.688,48.76,26,,,12.34,6.5,12.37,7.31,6,18,1,1,0,0,0
54.721,43.96,26,,,12.22,6.46,12.59,7.38,6,18,1,1,0,0,0
54.755,63.18,27,,,12.49,6.55,12.73,7.42,6,19,1,1,0,0,0
54.788,53.62,25,,,12.32,6.5,12.48,7.34,6,17,1,1,0,0,0
54.821,47.55,22,,,11.86,6.36,11.61,7.08,6,14,1,1,0,0,0
54.855,50.54,27,,,11.91,6.37,12.1,7.23,6,19,1,1,0,0,0
54.888,49.95,28,,,11.59,6.28,13.11,7.53,6,20,1,1,0,0,0
54.922,44.25,22,,,11.03,6.11,12.02,7.21,6,14,1,1,0,0,0
54.955,47.72,24,,,11.02,6.11,11.67,7.1,6,16,1,1,0,0,0
54.988,46.48,26,,,11.36,6.21,11.78,7.13,6,18,1,1,0,0,0
55.022,46.0,24,,,11.24,6.17,11.51,7.05,6,16,1,1,0,0,0
55.055,47.32,24,,,10.8,6.04,10.98,6.89,6,16,1,1,0,0,0
55.088,43.55,21,,,9.82,5.75,10.64,6.79,6,13,1,1,0,0,0
55.122,43.87,23,,,9.53,5.66,10.76,6.83,6,15,1,1,0,0,0
55.155,43.76,23,,,9.35,5.6,10.85,6.85,6,15,1,1,0,0,0
55.188,73.93,26,,,10.28,5.88,10.9,6.87,6,18,1,1,0,0,0
55.222,80.78,25,,,10.18,5.85,11.29,6.99,6,17,1,1,0,0,0
55.255,78.59,22,,,10.12,5.83,11.19,6.96,6,14,1,1,0,0,0
55.289,64.25,26,,,10.43,6.17,11.12,6.94,7,17,1,1,0,0,0
55.322,46.29,22,,,10.28,6.29,10.73,6.82,7,13,1,1,0,0,0
55.355,46.01,25,,,10.88,6.57,10.47,6.74,7,16,1,1,0,0,0
55.389,47.64,25,,,11.62,6.86,10.31,6.69,7,16,1,1,0,0,0
55.422,64.44,23,,,11.4,6.84,10.2,6.66,7,14,1,1,0,0,0
55.455,79.47,23,,,11.26,6.83,10.13,6.64,7,14,1,1,0,0,0
55.489,77.22,24,,,10.47,6.61,10.43,6.73,7,15,1,1,0,0,0
55.522,82.51,28,,,10.66,6.67,10.98,6.89,7,19,1,1,0,0,0
55.556,56.73,27,,,10.78,6.72,10.99,6.9,7,18,1,1,0,0,0
55.589,53.97,28,,,11.2,6.85,10.99,6.9,7,19,1,1,0,0,0
55.622,62.23,24,,,10.08,6.27,11.7,7.11,6,16,1,1,0,0,0
55.656,60.44,22,,,10.05,6.11,10.75,6.83,6,14,1,1,0,0,0
55.689,48.01,23,,,10.39,6.11,10.84,6.85,6,15,1,1,0,0,0
55.722,45.28,21,,,9.55,5.79,10.9,6.87,6,13,1,1,0,0,0
55.756,45.57,23,,,9.71,5.79,10.23,6.67,6,15,1,1,0,0,0
55.789,44.91,22,,,9.11,5.59,10.85,6.86,6,14,1,1,0,0,0
55.822,50.01,27,,,9.77,6.01,11.95,7.19,7,18,1,1,0,0,0
55.856,48.23,27,,,10.55,6.39,12.32,7.3,7,18,1,1,0,0,0
55.889,46.19,24,,,10.01,6.32,12.21,7.26,7,15,1,1,0,0,0
55.923,47.05,26,,,9.66,6.28,12.83,7.45,7,17,1,1,0,0,0
55.956,44.33,22,,,8.38,5.94,12.54,7.36,7,13,1,1,0,0,0
55.989,45.64,22,,,8.24,5.68,12.35,7.31,6,14,1,1,0,0,0
56.023,49.22,26,,,8.16,5.76,12.93,7.48,7,17,1,1,0,0,0
56.056,47.49,25,,,8.45,5.91,12.6,7.38,7,16,1,1,0,0,0
56.089,44.26,22,,,8.29,5.91,12.04,7.21,7,13,1,1,0,0,0
56.123,46.3,25,,,8.89,6.11,12.03,7.21,7,16,1,1,0,0,0
56.156,49.05,27,,,9.63,6.35,13.07,7.52,7,18,1,1,0,0,0
56.189,46.97,26,,,9.76,6.41,13.39,7.62,7,17,1,1,0,0,0
56.223,49.67,27,,,9.84,6.44,13.96,7.79,7,18,1,1,0,0,0
56.256,48.25,24,,,9.55,6.36,13.62,7.69,7,15,1,1,0,0,0
56.29,49.39,26,,,9.36,6.3,13.4,7.62,7,17,1,1,0,0,0
56.323,47.58,23,,,9.23,6.02,12.91,7.47,6,15,1,1,0,0,0
56.356,43.56,19,,,8.45,5.63,12.24,7.27,6,11,1,1,0,0,0
56.39,46.42,23,,,8.64,5.58,12.51,7.35,6,15,1,1,0,0,0
56.423,46.62,23,,,8.42,5.45,12.68,7.4,6,15,1,1,0,0,0
56.456,45.54,24,,,8.62,5.47,12.79,7.44,6,16,1,1,0,0,0
56.49,48.08,25,,,8.75,5.48,13.21,7.56,6,17,1,1,0,0,0
56.523,49.73,28,,,9.89,6.05,13.49,7.65,7,19,1,1,0,0,0
56.556,47.75,27,,,10.28,6.31,13.67,7.7,7,18,1,1,0,0,0
56.59,59.65,29,,,10.88,6.59,14.13,7.84,7,20,1,1,0,0,0
56.623,68.91,21,,,10.57,6.56,12.69,7.41,7,12,1,1,0,0,0
56.657,69.73,18,,,9.32,5.73,11.75,7.12,5,11,1,1,0,0,0
56.69,81.75,25,,,9.56,6.0,12.54,7.36,7,16,1,1,0,0,0
56.723,75.65,25,,,10.76,6.49,12.0,7.2,7,16,1,1,0,0,0
56.757,52.5,26,,,10.85,6.35,12.0,7.2,6,18,1,1,0,0,0
56.79,45.78,24,,,10.55,5.91,12.0,7.2,5,17,1,1,0,0,0
56.823,45.16,25,,,10.71,6.22,12.0,7.2,7,16,1,1,0,0,0
56.857,45.0,25,,,10.46,6.08,12.35,7.3,6,17,1,1,0,0,0
56.89,45.89,24,,,10.65,6.08,12.23,7.27,6,16,1,1,0,0,0
56.924,45.63,25,,,10.77,5.84,12.15,7.24,5,18,1,1,0,0,0
56.957,43.53,21,,,10.15,5.72,11.4,7.02,6,13,1,1,0,0,0
56.99,43.68,23,,,10.1,5.75,11.61,7.08,6,15,1,1,0,0,0
57.024,46.19,23,,,10.06,6.01,11.74,7.12,7,14,1,1,0,0,0
57.057,44.87,21,,,9.69,6.08,11.13,6.94,7,12,1,1,0,0,0
57.09,44.14,24,,,9.8,5.98,11.09,6.93,6,16,1,1,0,0,0
57.124,54.95,21,,,9.17,5.71,10.36,6.71,6,13,1,1,0,0,0
57.157,75.12,24,,,9.46,5.74,10.23,6.67,6,16,1,1,0,0,0
57.19,82.64,23,,,10.0,6.11,10.15,6.65,7,14,1,1,0,0,0
57.224,58.65,20,,,9.65,5.9,9.75,6.52,6,12,1,1,0,0,0
57.257,46.65,21,,,9.42,5.76,9.84,6.55,6,13,1,1,0,0,0
57.291,42.69,20,,,9.27,5.91,9.54,6.46,7,11,1,1,0,0,0
57.324,43.51,20,,,8.83,5.66,9.7,6.51,6,12,1,1,0,0,0
57.357,41.43,20,,,8.89,5.85,9.46,6.44,7,11,1,1,0,0,0
57.391,42.38,22,,,8.93,5.73,9.65,6.49,6,13,2,1,0,0,0
57.424,45.15,22,,,9.3,5.75,9.77,6.53,6,14,1,1,0,0,0
57.457,43.55,21,,,8.85,5.56,9.5,6.45,6,12,2,1,0,0,0
57.491,44.39,23,,,9.6,5.75,9.33,6.4,6,15,1,1,0,0,0
57.524,45.52,21,,,9.04,5.31,9.91,6.57,5,14,1,1,0,0,0
57.558,45.24,23,,,9.03,5.38,10.29,6.69,6,15,1,1,0,0,0
57.591,45.49,24,,,9.37,5.28,10.19,6.66,5,16,2,1,0,0,0
57.624,47.02,23,,,9.24,5.11,10.47,6.74,5,16,1,1,0,0,0
57.658,44.32,22,,,9.51,5.11,9.96,6.59,5,15,1,1,0,0,0
57.691,43.71,23,,,9.68,5.35,9.62,6.49,6,15,1,1,0,0,0
57.724,71.35,21,,,9.79,5.51,8.7,6.21,6,13,1,1,0,0,0
57.758,65.96,19,,,9.51,5.26,8.46,6.14,5,12,1,1,0,0,0
57.791,51.92,21,,,9.33,5.1,7.95,5.98,5,14,1,1,0,0,0
57.824,45.96,23,,,9.22,4.99,9.02,6.3,5,15,2,1,0,0,0
57.858,45.11,22,,,9.49,5.03,8.66,6.2,5,14,2,1,0,0,0
57.891,43.2,22,,,9.32,4.95,8.43,6.13,5,14,2,1,0,0,0
57.925,42.63,19,,,8.86,4.55,8.28,6.08,4,12,2,1,0,0,0
57.958,45.11,24,,,9.26,4.99,8.53,6.16,6,15,2,1,0,0,0
57.991,43.72,21,,,8.82,4.57,9.05,6.31,4,14,2,1,0,0,0
58.025,49.87,23,,,8.53,4.3,9.73,6.52,4,16,2,1,0,0,0
58.058,82.75,22,,,8.35,4.13,9.82,6.55,4,15,2,1,0,0,0
58.091,85.71,22,,,7.87,3.91,9.89,6.57,4,15,2,1,0,0,0
58.125,82.99,23,,,8.62,4.32,9.93,6.58,5,16,1,1,0,0,0
58.158,85.87,20,,,8.05,4.28,9.6,6.48,5,13,1,1,0,0,0
58.191,54.27,19,,,8.03,4.36,8.69,6.21,5,11,2,1,0,0,0
58.225,44.49,20,,,7.67,4.06,8.8,6.24,4,13,2,1,0,0,0
58.258,40.13,19,,,7.44,4.11,8.52,6.16,5,11,2,1,0,0,0
58.292,49.27,22,,,7.98,4.1,9.04,6.31,4,15,2,1,0,0,0
58.325,42.32,20,,,8.34,4.1,9.02,6.31,4,14,1,1,0,0,0
58.358,52.21,18,,,7.87,3.89,9.02,6.3,4,12,1,1,0,0,0
58.392,78.44,18,,,7.57,3.75,9.01,6.3,4,12,1,1,0,0,0
58.425,81.05,20,,,7.72,3.77,9.36,6.41,4,14,1,1,0,0,0
58.458,80.75,18,,,7.82,3.78,8.88,6.26,4,12,1,1,0,0,0
58.492,81.79,19,,,7.53,3.68,9.27,6.38,4,13,1,1,0,0,0
58.525,80.32,20,,,7.7,3.72,9.53,6.46,4,14,1,1,0,0,0
58.559,79.47,20,,,7.8,3.75,9.69,6.51,4,14,1,1,0,0,0
58.592,81.4,20,,,8.22,3.87,9.45,6.44,4,14,1,1,0,0,0
58.625,85.2,20,,,8.84,4.06,8.59,6.18,4,14,1,1,0,0,0
58.659,55.79,22,,,8.9,4.07,9.09,6.33,4,16,1,1,0,0,0
58.692,45.0,20,,,9.28,4.43,8.71,6.21,5,13,1,1,0,0,0
58.725,44.61,20,,,9.18,4.56,8.46,6.14,5,13,1,1,0,0,0
58.759,45.75,21,,,9.12,4.4,8.65,6.19,4,15,1,1,0,0,0
58.792,44.88,21,,,9.43,4.4,8.42,6.13,4,14,2,1,0,0,0
58.825,42.27,16,,,8.58,4.08,7.92,5.98,4,10,1,1,0,0,0
58.859,43.36,19,,,8.03,3.88,8.65,6.2,4,13,1,1,0,0,0
58.892,44.88,19,,,8.02,3.85,8.77,6.23,4,13,1,1,0,0,0
58.926,40.2,17,,,7.31,3.62,8.5,6.15,4,11,1,1,0,0,0
58.959,62.17,19,,,7.55,3.69,8.33,6.1,4,13,1,1,0,0,0
58.992,60.16,19,,,7.36,3.62,8.56,6.17,4,13,1,1,0,0,0
59.026,79.88,19,,,7.58,3.68,8.37,6.11,4,13,1,1,0,0,0
59.059,72.41,20,,,7.73,3.72,8.59,6.18,4,14,1,1,0,0,0
59.092,80.9,20,,,7.82,3.75,8.73,6.22,4,14,1,1,0,0,0
59.126,55.4,21,,,8.24,3.87,8.83,6.25,4,15,1,1,0,0,0
59.159,45.51,20,,,8.5,3.95,8.89,6.27,4,14,1,1,0,0,0
59.192,44.47,21,,,8.68,4.0,8.93,6.28,4,15,1,1,0,0,0
59.226,46.69,23,,,8.79,4.04,8.95,6.29,4,16,2,1,0,0,0
59.259,46.12,22,,,8.51,3.95,8.97,6.29,4,15,2,1,0,0,0
59.293,47.33,24,,,9.03,4.36,9.68,6.5,5,16,2,1,0,0,0
59.326,41.56,20,,,8.67,4.16,9.44,6.43,4,13,2,1,0,0,0
59.359,43.94,24,,,8.44,4.03,10.69,6.81,4,17,2,1,0,0,0
59.393,42.79,22,,,8.63,4.3,10.8,6.84,5,15,1,1,0,0,0
59.426,44.66,22,,,8.76,4.48,10.52,6.76,5,15,1,1,0,0,0
59.459,42.92,18,,,7.45,3.92,10.34,6.7,4,12,1,1,0,0,0
59.493,44.28,21,,,7.99,4.23,10.22,6.67,5,14,1,1,0,0,0
59.526,44.18,21,,,8.34,4.19,10.14,6.64,4,15,1,1,0,0,0
59.559,43.28,20,,,8.57,4.4,9.74,6.52,5,13,1,1,0,0,0
59.593,43.88,20,,,8.37,4.44,9.83,6.55,5,13,1,1,0,0,0
59.626,42.89,20,,,8.94,4.67,8.84,6.25,5,13,1,1,0,0,0
59.66,42.61,20,,,8.61,4.61,8.55,6.16,5,13,1,1,0,0,0
59.693,42.47,19,,,8.4,4.57,8.36,6.11,5,12,1,1,0,0,0
59.726,45.37,22,,,8.26,4.55,9.28,6.38,5,15,1,1,0,0,0
59.76,46.84,25,,,8.87,4.74,9.88,6.56,5,18,1,1,0,0,0
59.793,45.54,21,,,9.26,4.87,9.22,6.37,5,14,1,1,0,0,0
59.826,45.96,24,,,9.17,4.84,9.85,6.55,5,17,1,1,0,0,0
59.86,44.53,20,,,8.76,4.72,9.9,6.57,5,13,1,1,0,0,0
59.893,44.33,20,,,9.2,4.85,9.23,6.37,5,13,1,1,0,0,0
59.927,41.0,16,,,8.08,4.52,8.45,6.14,5,9,1,1,0,0,0
59.96,39.52,16,,,7.35,4.06,7.94,5.98,4,9,2,1,0,0,0
