t_s,infer_ms,n_boxes,phase,stage,n_N,pcu_N,n_E,pcu_E,det_car,det_motorcycle,det_bus,det_truck,det_ambulance,det_bicycle,det_autorickshaw
0.0,1734.77,9,E,GREEN,0.35,0.1,2.1,2.38,5,3,0,1,0,0,0
0.033,37.94,9,E,GREEN,0.58,0.17,3.46,3.93,5,3,0,1,0,0,0
0.067,43.34,9,E,GREEN,0.73,0.22,4.35,4.93,5,3,0,1,0,0,0
0.1,42.05,9,E,GREEN,1.17,0.6,4.58,5.24,5,3,0,1,0,0,0
0.133,40.87,8,E,GREEN,1.46,0.84,4.38,5.33,5,2,0,1,0,0,0
0.167,43.17,8,E,GREEN,1.3,0.65,4.59,5.74,5,2,0,1,0,0,0
0.2,43.89,10,E,GREEN,1.54,0.88,4.74,5.48,7,2,0,1,0,0,0
0.233,35.14,8,E,GREEN,1.35,0.68,4.83,5.84,5,2,0,1,0,0,0
0.267,35.14,9,E,GREEN,1.58,0.89,4.54,5.19,6,2,0,1,0,0,0
0.3,43.43,9,E,GREEN,1.38,0.69,5.05,5.76,4,4,0,1,0,0,0
0.333,36.17,10,E,GREEN,1.25,0.55,5.38,6.12,5,4,0,1,0,0,0
0.367,41.45,9,E,GREEN,1.51,0.81,5.25,6.25,6,2,0,1,0,0,0
0.4,36.12,10,E,GREEN,1.68,0.98,5.16,5.82,7,2,0,1,0,0,0
0.433,40.72,10,E,GREEN,1.44,0.74,5.46,5.88,7,2,0,1,0,0,0
0.467,41.04,10,E,GREEN,1.29,0.59,5.65,5.92,7,2,0,1,0,0,0
0.5,41.96,11,E,GREEN,1.54,0.84,5.77,5.95,8,2,0,1,0,0,0
0.533,42.36,10,E,GREEN,1.7,1.0,5.45,5.6,7,2,0,1,0,0,0
0.567,38.59,8,E,GREEN,1.8,1.1,4.59,4.69,5,2,0,1,0,0,0
0.6,34.21,10,E,GREEN,1.87,1.17,4.69,4.69,7,2,0,1,0,0,0
0.633,39.95,9,E,GREEN,1.92,1.22,4.45,4.21,5,3,0,1,0,0,0
0.667,35.37,10,E,GREEN,1.95,1.25,4.64,4.24,6,3,0,1,0,0,0
0.7,42.66,13,E,GREEN,1.97,1.27,5.47,4.96,8,4,0,1,0,0,0
0.733,43.14,12,E,GREEN,1.98,1.28,5.65,5.32,8,3,0,1,0,0,0
0.767,46.12,13,E,GREEN,1.99,1.29,5.78,5.56,8,4,0,1,0,0,0
0.8,41.09,13,E,GREEN,1.99,1.29,5.85,5.71,8,4,0,1,0,0,0
0.833,40.11,11,E,GREEN,1.64,0.94,5.91,5.81,7,3,0,1,0,0,0
0.867,41.21,10,E,GREEN,2.12,1.17,5.24,5.18,6,3,0,1,0,0,0
0.9,42.94,10,E,GREEN,2.08,0.97,4.8,4.77,5,4,0,1,0,0,0
0.933,35.63,10,E,GREEN,2.05,0.84,4.84,4.84,6,3,0,1,0,0,0
0.967,42.66,11,E,GREEN,2.03,0.76,5.24,5.24,7,3,0,1,0,0,0
1.0,44.98,11,E,GREEN,2.37,0.81,5.16,5.16,6,4,0,1,0,0,0
1.033,43.13,11,E,GREEN,2.24,0.73,5.45,5.45,7,3,0,1,0,0,0
1.067,36.73,11,E,GREEN,2.16,0.69,5.29,5.29,6,4,0,1,0,0,0
1.1,41.97,11,E,GREEN,2.45,1.01,4.84,4.84,7,3,0,1,0,0,0
1.133,39.21,9,E,GREEN,2.29,0.86,4.55,4.55,5,3,0,1,0,0,0
1.167,35.8,10,E,GREEN,2.54,1.12,4.36,4.36,7,2,0,1,0,0,0
1.2,42.86,10,E,GREEN,2.35,0.94,4.23,4.23,6,3,0,1,0,0,0
1.233,40.05,12,E,GREEN,2.58,1.17,4.5,4.26,7,4,0,1,0,0,0
1.267,34.88,10,E,GREEN,2.73,1.32,4.33,4.17,7,2,0,1,0,0,0
1.3,39.15,7,E,GREEN,2.47,1.07,3.51,3.41,4,2,0,1,0,0,0
1.333,39.23,8,E,GREEN,2.66,1.25,2.98,2.92,5,2,0,1,0,0,0
1.367,36.27,9,E,GREEN,2.78,1.38,2.99,2.94,5,3,0,1,0,0,0
1.4,41.91,9,E,GREEN,2.85,1.45,2.95,2.95,5,3,0,1,0,0,0
1.433,33.45,8,E,GREEN,2.91,1.51,2.97,2.97,5,2,0,1,0,0,0
1.467,32.88,8,E,GREEN,2.94,1.54,2.98,2.98,5,2,0,1,0,0,0
1.5,43.34,9,E,GREEN,3.31,1.91,2.99,2.99,6,2,0,1,0,0,0
1.533,36.66,7,E,GREEN,2.85,1.7,2.64,2.64,4,2,0,1,0,0,0
1.567,36.11,8,E,GREEN,2.55,1.56,2.77,2.77,5,2,0,1,0,0,0
1.6,47.82,8,E,GREEN,2.36,1.47,2.85,2.85,5,2,0,1,0,0,0
1.633,38.51,6,E,GREEN,2.23,1.41,2.55,2.55,4,1,0,1,0,0,0
1.667,39.42,7,E,GREEN,2.5,1.72,2.36,2.36,5,1,0,1,0,0,0
1.7,36.85,8,E,GREEN,2.68,1.92,2.58,2.58,6,1,0,1,0,0,0
1.733,34.55,8,E,GREEN,2.79,2.06,2.73,2.73,6,1,0,1,0,0,0
1.767,34.06,8,E,GREEN,2.86,2.14,2.82,2.82,6,1,0,1,0,0,0
1.8,34.06,8,E,GREEN,2.91,2.2,2.54,2.54,6,1,0,1,0,0,0
1.833,34.68,9,E,GREEN,2.94,2.23,2.7,2.45,6,2,0,1,0,0,0
1.867,35.64,8,E,GREEN,2.96,2.26,2.45,2.29,6,1,0,1,0,0,0
1.9,39.9,8,E,GREEN,2.98,2.27,2.29,2.19,6,1,0,1,0,0,0
1.933,37.88,7,E,GREEN,2.98,2.28,1.84,1.77,5,1,0,1,0,0,0
1.967,33.95,8,E,GREEN,2.99,2.29,1.9,1.85,6,1,0,1,0,0,0
2.0,33.7,8,E,GREEN,2.99,2.29,1.89,1.89,6,1,0,1,0,0,0
2.033,32.81,7,E,GREEN,3.0,2.29,1.58,1.58,5,1,0,1,0,0,0
2.067,34.94,9,E,GREEN,3.0,2.3,2.08,2.08,7,1,0,1,0,0,0
2.1,34.34,9,E,GREEN,3.0,2.3,2.4,2.4,7,1,0,1,0,0,0
2.133,34.48,9,E,GREEN,3.0,2.3,2.61,2.61,7,1,0,1,0,0,0
2.167,34.39,8,E,GREEN,3.0,2.3,2.4,2.4,6,1,0,1,0,0,0
2.2,37.28,7,E,GREEN,3.0,2.3,1.91,1.91,5,1,0,1,0,0,0
2.233,37.0,8,E,GREEN,3.0,2.3,1.94,1.94,6,1,0,1,0,0,0
2.267,35.24,9,E,GREEN,3.0,2.3,1.96,1.96,6,2,0,1,0,0,0
2.3,40.29,8,E,GREEN,3.0,2.3,1.97,1.97,6,1,0,1,0,0,0
2.333,32.9,8,E,GREEN,3.0,2.3,1.98,1.98,6,1,0,1,0,0,0
2.367,42.32,10,E,GREEN,3.0,2.3,2.34,2.34,7,2,0,1,0,0,0
2.4,35.76,10,E,GREEN,3.35,2.4,2.57,2.57,7,2,0,1,0,0,0
2.433,34.29,9,E,GREEN,3.58,2.47,2.37,2.37,6,2,0,1,0,0,0
2.467,35.4,10,E,GREEN,3.73,2.52,2.24,2.24,6,3,0,1,0,0,0
2.5,36.14,10,E,GREEN,3.82,3.07,2.16,2.16,5,3,0,2,0,0,0
2.533,34.58,9,E,GREEN,3.88,2.91,1.75,1.75,6,2,0,1,0,0,0
2.567,33.15,8,E,GREEN,3.92,3.32,1.49,1.49,4,2,0,2,0,0,0
2.6,42.14,10,E,GREEN,4.3,3.18,1.67,1.67,6,3,0,1,0,0,0
2.633,35.39,10,E,GREEN,4.55,3.6,1.78,1.78,5,3,0,2,0,0,0
2.667,41.3,10,E,GREEN,4.7,3.36,1.86,1.86,6,3,0,1,0,0,0
2.7,32.9,9,E,GREEN,4.46,2.85,1.91,1.91,5,3,0,1,0,0,0
2.733,38.92,9,E,GREEN,4.3,2.52,1.94,1.94,5,3,0,1,0,0,0
2.767,34.16,9,E,GREEN,4.19,2.3,1.96,1.96,5,3,0,1,0,0,0
2.8,33.62,9,E,GREEN,4.13,2.16,1.97,1.97,5,3,0,1,0,0,0
2.833,33.69,8,E,GREEN,3.69,1.86,1.98,1.98,5,2,0,1,0,0,0
2.867,33.42,9,E,GREEN,3.45,2.29,2.34,2.09,4,3,0,2,0,0,0
2.9,32.0,8,E,GREEN,3.29,2.05,2.22,2.06,5,2,0,1,0,0,0
2.933,32.07,8,E,GREEN,3.19,2.42,2.14,2.04,4,2,0,2,0,0,0
2.967,31.79,8,E,GREEN,3.12,2.13,2.09,2.03,5,2,0,1,0,0,0
3.0,28.88,8,E,GREEN,3.08,1.95,2.06,2.02,5,2,0,1,0,0,0
3.033,31.87,8,E,GREEN,3.05,1.82,2.0,2.0,5,2,0,1,0,0,0
3.067,31.03,8,E,GREEN,3.03,1.75,2.0,2.0,5,2,0,1,0,0,0
3.1,31.63,8,E,GREEN,3.02,1.69,2.0,2.0,5,2,0,1,0,0,0
3.133,31.62,8,E,GREEN,2.98,1.57,2.0,2.0,5,2,0,1,0,0,0
3.167,30.84,7,E,GREEN,2.63,1.47,2.0,2.0,5,1,0,1,0,0,0
3.2,34.65,9,E,GREEN,2.76,1.52,2.0,2.0,5,3,0,1,0,0,0
3.233,31.69,7,E,GREEN,2.5,1.44,2.0,2.0,5,1,0,1,0,0,0
3.267,34.32,9,E,GREEN,2.67,1.5,2.35,2.1,5,3,0,1,0,0,0
3.3,37.85,8,E,GREEN,2.79,1.53,2.23,2.07,5,2,0,1,0,0,0
3.333,32.55,9,E,GREEN,2.86,1.56,2.15,2.04,5,3,0,1,0,0,0
3.367,35.73,9,E,GREEN,2.91,1.57,2.45,2.13,5,3,0,1,0,0,0
3.4,34.0,9,E,GREEN,3.29,1.69,2.29,2.09,5,3,0,1,0,0,0
3.433,33.66,9,E,GREEN,3.54,1.76,2.19,2.06,5,3,0,1,0,0,0
3.467,38.84,10,E,GREEN,3.7,1.81,2.47,2.14,5,4,0,1,0,0,0
3.5,41.8,8,E,GREEN,3.46,1.74,2.31,2.09,5,2,0,1,0,0,0
3.533,34.27,8,E,GREEN,3.3,1.69,2.2,2.06,5,2,0,1,0,0,0
3.567,34.84,9,E,GREEN,3.19,1.66,2.13,2.04,6,2,0,1,0,0,0
3.6,34.34,9,E,GREEN,3.13,1.64,2.08,2.03,5,3,0,1,0,0,0
3.633,35.55,10,E,GREEN,3.43,1.73,2.05,2.02,5,4,0,1,0,0,0
3.667,34.62,8,E,GREEN,2.93,1.58,2.0,2.0,5,2,0,1,0,0,0
3.7,34.42,10,E,GREEN,3.3,1.69,2.0,2.0,5,4,0,1,0,0,0
3.733,37.12,11,E,GREEN,3.55,1.76,2.0,2.0,5,5,0,1,0,0,0
3.767,36.01,11,E,GREEN,3.71,1.81,2.0,2.0,5,5,0,1,0,0,0
3.8,39.18,12,E,GREEN,4.16,1.95,2.0,2.0,5,6,0,1,0,0,0
3.833,38.15,10,E,GREEN,4.1,1.93,2.0,2.0,5,4,0,1,0,0,0
3.867,41.1,12,E,GREEN,4.07,1.92,2.35,2.35,6,5,0,1,0,0,0
3.9,44.23,12,E,GREEN,4.39,2.02,2.58,2.58,6,5,0,1,0,0,0
3.933,37.15,11,E,GREEN,4.61,2.08,2.38,2.38,5,5,0,1,0,0,0
3.967,42.05,12,E,GREEN,4.74,2.12,2.24,2.24,5,6,0,1,0,0,0
4.0,39.05,14,E,GREEN,5.18,2.26,2.51,2.51,6,7,0,1,0,0,0
4.033,44.52,12,E,GREEN,5.12,2.24,2.68,2.44,5,6,0,1,0,0,0
4.067,39.57,11,E,GREEN,5.08,2.22,2.79,2.39,4,6,0,1,0,0,0
4.1,50.32,12,E,GREEN,5.75,2.67,2.52,2.01,4,7,0,1,0,0,0
4.133,53.75,11,E,GREEN,5.84,2.86,2.33,1.76,4,6,0,1,0,0,0
4.167,40.87,11,E,GREEN,5.89,2.98,2.22,1.84,5,5,0,1,0,0,0
4.2,41.22,10,E,GREEN,5.93,3.05,1.79,1.55,4,5,0,1,0,0,0
4.233,35.1,10,E,GREEN,5.96,3.11,1.51,1.36,4,5,0,1,0,0,0
4.267,35.33,9,E,GREEN,5.62,3.03,1.33,1.23,4,4,0,1,0,0,0
4.3,37.65,10,E,GREEN,5.4,2.74,1.57,1.5,4,5,0,1,0,0,0
4.333,38.53,11,E,GREEN,5.61,2.9,1.72,1.68,5,5,0,1,0,0,0
4.367,38.65,11,E,GREEN,5.75,3.01,1.78,1.78,5,5,0,1,0,0,0
4.4,36.4,10,E,GREEN,5.49,2.72,1.86,1.86,4,5,0,1,0,0,0
4.433,35.65,11,E,GREEN,5.67,2.89,1.91,1.91,5,5,0,1,0,0,0
4.467,38.71,11,E,GREEN,5.78,3.0,1.94,1.94,5,5,0,1,0,0,0
4.5,37.54,11,E,GREEN,5.86,3.07,1.96,1.96,5,5,0,1,0,0,0
4.533,40.8,11,E,GREEN,5.91,3.12,1.97,1.97,5,5,0,1,0,0,0
4.567,34.28,10,E,GREEN,5.59,3.04,1.98,1.98,5,4,0,1,0,0,0
4.6,35.1,11,E,GREEN,5.73,3.1,1.99,1.99,5,5,0,1,0,0,0
4.633,35.91,11,E,GREEN,5.83,3.13,1.99,1.99,5,5,0,1,0,0,0
4.667,34.94,11,E,GREEN,5.54,2.81,2.0,2.0,4,6,0,1,0,0,0
4.7,34.53,10,E,GREEN,5.35,2.59,2.0,2.0,4,5,0,1,0,0,0
4.733,37.35,11,E,GREEN,5.58,2.56,2.0,1.75,3,7,0,1,0,0,0
4.767,44.73,13,E,GREEN,5.73,2.54,2.35,1.94,5,7,0,1,0,0,0
4.8,36.89,13,E,GREEN,5.82,2.53,2.58,2.07,4,8,0,1,0,0,0
4.833,41.62,11,E,GREEN,5.88,2.52,2.37,2.04,4,6,0,1,0,0,0
4.867,41.5,11,E,GREEN,5.92,2.51,2.24,2.03,4,6,0,1,0,0,0
4.9,39.63,14,E,GREEN,5.95,2.51,2.51,2.12,4,9,0,1,0,0,0
4.933,36.4,13,E,GREEN,6.32,3.38,2.33,2.08,3,7,0,3,0,0,0
4.967,32.86,9,E,GREEN,5.86,2.97,2.21,2.05,4,4,0,1,0,0,0
5.0,42.44,11,E,GREEN,6.26,2.91,1.79,1.68,3,7,0,1,0,0,0
5.033,44.28,14,E,YELLOW,6.87,2.98,1.86,1.55,3,10,0,1,0,0,0
5.067,42.92,14,E,YELLOW,7.26,3.02,1.91,1.46,3,10,0,1,0,0,0
5.1,36.76,13,E,YELLOW,7.48,2.95,1.94,1.41,3,9,0,1,0,0,0
5.133,42.32,12,E,YELLOW,7.66,3.0,1.61,1.02,2,9,0,1,0,0,0
5.167,38.11,13,E,YELLOW,8.13,3.14,1.4,0.77,2,10,0,1,0,0,0
5.2,42.48,12,E,YELLOW,8.08,3.13,1.26,0.6,2,9,0,1,0,0,0
5.233,39.75,12,E,YELLOW,8.06,3.12,1.17,0.5,2,9,0,1,0,0,0
5.267,45.44,12,E,YELLOW,8.04,3.11,1.11,0.43,2,9,0,1,0,0,0
5.3,43.1,12,E,YELLOW,8.02,3.11,1.07,0.38,2,9,0,1,0,0,0
5.333,44.39,12,E,YELLOW,8.02,3.35,1.05,0.35,3,8,0,1,0,0,0
5.367,44.09,12,E,YELLOW,8.01,3.51,0.99,0.3,3,8,0,1,0,0,0
5.4,42.03,11,E,YELLOW,7.66,3.26,1.0,0.3,2,8,0,1,0,0,0
5.433,36.38,11,E,YELLOW,7.43,3.1,1.0,0.3,2,8,0,1,0,0,0
5.467,36.66,11,E,YELLOW,7.28,2.99,1.0,0.3,2,8,0,1,0,0,0
5.5,35.16,10,E,YELLOW,7.18,2.93,0.65,0.19,2,7,0,1,0,0,0
5.533,35.67,11,E,YELLOW,7.47,2.99,0.42,0.13,2,8,0,1,0,0,0
5.567,36.04,10,E,YELLOW,7.3,2.92,0.62,0.19,2,8,0,0,0,0,0
5.6,37.3,11,E,YELLOW,7.2,2.88,1.11,0.33,2,9,0,0,0,0,0
5.633,33.87,9,E,YELLOW,7.13,2.85,0.72,0.22,2,7,0,0,0,0,0
5.667,39.32,9,E,YELLOW,7.08,2.83,0.47,0.14,1,8,0,0,0,0,0
5.7,33.42,10,E,YELLOW,7.05,2.82,0.65,0.2,1,9,0,0,0,0,0
5.733,36.25,10,E,YELLOW,7.39,3.16,0.77,0.23,2,8,0,0,0,0,0
5.767,34.67,11,E,YELLOW,7.95,3.49,0.85,0.26,2,9,0,0,0,0,0
5.8,36.61,11,E,YELLOW,8.32,3.7,0.9,0.27,2,9,0,0,0,0,0
5.833,35.78,9,E,YELLOW,8.21,3.49,0.59,0.18,1,8,0,0,0,0,0
5.867,34.0,8,E,YELLOW,7.78,3.25,0.38,0.11,1,7,0,0,0,0,0
5.9,32.89,9,E,YELLOW,7.86,3.2,0.25,0.07,1,8,0,0,0,0,0
5.933,34.6,9,E,YELLOW,7.56,3.06,0.51,0.15,1,8,0,0,0,0,0
5.967,34.15,8,E,YELLOW,7.01,2.86,0.68,0.2,1,7,0,0,0,0,0
6.0,36.59,9,E,YELLOW,7.01,2.84,0.79,0.24,1,8,0,0,0,0,0
6.033,36.34,9,E,YELLOW,7.01,2.83,0.87,0.26,1,8,0,0,0,0,0
6.067,33.26,8,E,YELLOW,6.65,2.71,0.91,0.27,1,7,0,0,0,0,0
6.1,34.08,9,E,YELLOW,6.77,2.74,0.94,0.28,1,8,0,0,0,0,0
6.133,33.69,9,E,YELLOW,6.85,2.76,0.96,0.29,1,8,0,0,0,0,0
6.167,34.56,9,E,YELLOW,6.9,2.78,0.98,0.29,1,8,0,0,0,0,0
6.2,36.03,10,E,YELLOW,7.29,2.89,0.98,0.3,1,9,0,0,0,0,0
6.233,36.34,9,E,YELLOW,7.19,2.86,0.99,0.3,1,8,0,0,0,0,0
6.267,36.77,9,E,YELLOW,7.12,2.84,0.99,0.3,1,8,0,0,0,0,0
6.3,32.38,7,E,YELLOW,6.38,2.61,1.0,0.3,1,6,0,0,0,0,0
6.333,33.43,8,E,YELLOW,6.25,2.57,1.0,0.3,1,7,0,0,0,0,0
6.367,31.99,7,E,YELLOW,5.46,2.09,1.35,0.65,1,6,0,0,0,0,0
6.4,33.8,9,E,YELLOW,5.65,1.99,1.58,0.88,1,8,0,0,0,0,0
6.433,33.6,9,E,YELLOW,5.77,1.92,1.72,1.03,1,8,0,0,0,0,0
6.467,32.06,10,E,YELLOW,6.2,1.99,1.82,1.12,1,9,0,0,0,0,0
6.5,34.94,9,E,YELLOW,6.48,2.03,1.53,0.83,0,9,0,0,0,0,0
6.533,36.4,8,E,YELLOW,6.31,1.95,1.35,0.65,0,8,0,0,0,0,0
6.567,36.21,9,E,YELLOW,6.15,1.85,1.58,0.88,1,8,0,0,0,0,0
6.6,34.32,8,E,YELLOW,6.1,1.83,1.37,0.92,1,7,0,0,0,0,0
6.633,32.8,9,E,YELLOW,6.07,1.82,1.59,1.05,1,8,0,0,0,0,0
6.667,32.82,9,E,YELLOW,6.04,1.81,1.74,1.14,1,8,0,0,0,0,0
6.7,33.38,10,E,YELLOW,6.38,2.16,1.83,1.2,2,8,0,0,0,0,0
6.733,32.29,9,E,YELLOW,6.25,2.28,1.89,1.23,2,7,0,0,0,0,0
6.767,34.0,11,E,YELLOW,6.16,2.36,2.63,1.71,3,8,0,0,0,0,0
6.8,37.11,12,E,YELLOW,6.1,2.41,3.46,2.13,3,9,0,0,0,0,0
6.833,36.51,12,E,YELLOW,6.07,2.44,4.0,2.4,3,9,0,0,0,0,0
6.867,36.94,13,E,YELLOW,6.39,2.57,4.35,2.57,3,10,0,0,0,0,0
6.9,39.06,10,E,YELLOW,6.26,2.54,4.23,2.58,3,7,0,0,0,0,0
6.933,34.82,10,E,YELLOW,6.17,2.53,4.15,2.59,3,7,0,0,0,0,0
6.967,33.87,10,E,YELLOW,6.11,2.52,4.1,2.59,3,7,0,0,0,0,0
7.0,33.51,11,E,YELLOW,6.42,2.86,4.06,2.6,4,7,0,0,0,0,0
7.033,32.83,8,E,YELLOW,5.92,2.63,3.69,2.49,3,5,0,0,0,0,0
7.067,34.73,11,E,YELLOW,6.3,2.93,3.8,2.53,4,7,0,0,0,0,0
7.1,33.54,11,E,YELLOW,6.55,3.13,3.87,2.55,4,7,0,0,0,0,0
7.133,41.48,10,E,YELLOW,6.35,3.16,3.91,2.57,4,6,0,0,0,0,0
7.167,40.09,10,E,YELLOW,6.23,3.17,3.94,2.58,4,6,0,0,0,0,0
7.2,38.55,9,E,YELLOW,6.15,3.18,3.61,2.48,4,5,0,0,0,0,0
7.233,38.53,7,E,YELLOW,5.4,2.73,3.4,2.42,3,4,0,0,0,0,0
7.267,36.76,7,E,YELLOW,4.91,2.44,3.26,2.38,3,4,0,0,0,0,0
7.3,39.95,8,E,YELLOW,4.94,2.36,3.17,2.35,3,5,0,0,0,0,0
7.333,32.8,9,E,YELLOW,5.31,2.41,3.11,2.33,3,6,0,0,0,0,0
7.367,39.18,10,E,YELLOW,5.55,2.44,3.07,2.32,4,6,0,0,0,0,0
7.4,34.0,10,E,YELLOW,5.71,2.46,3.05,2.31,4,6,0,0,0,0,0
7.433,34.65,11,E,YELLOW,6.16,2.82,3.03,2.31,5,6,0,0,0,0,0
7.467,34.08,9,E,YELLOW,6.1,2.71,2.67,2.2,4,5,0,0,0,0,0
7.5,35.69,10,E,YELLOW,6.07,2.64,2.79,2.24,4,6,0,0,0,0,0
7.533,34.83,10,E,YELLOW,6.04,2.59,2.86,2.26,4,6,0,0,0,0,0
7.567,33.92,9,E,YELLOW,5.68,2.45,2.91,2.27,4,5,0,0,0,0,0
7.6,34.01,8,E,YELLOW,5.09,2.26,2.94,2.28,4,4,0,0,0,0,0
7.633,32.02,8,E,YELLOW,4.71,2.13,2.96,2.29,4,4,0,0,0,0,0
7.667,32.57,7,E,YELLOW,4.11,1.95,2.98,2.29,4,3,0,0,0,0,0
7.7,31.78,8,E,YELLOW,4.07,1.93,2.98,2.3,4,4,0,0,0,0,0
7.733,32.91,8,E,YELLOW,4.05,1.92,2.99,2.3,4,4,0,0,0,0,0
7.767,34.78,8,E,YELLOW,4.03,1.91,2.64,2.19,4,4,0,0,0,0,0
7.8,34.15,9,E,YELLOW,4.37,2.01,2.77,2.23,4,5,0,0,0,0,0
7.833,39.98,9,E,YELLOW,4.59,2.08,2.85,2.25,4,5,0,0,0,0,0
7.867,39.54,9,E,YELLOW,4.73,2.12,2.9,2.27,4,5,0,0,0,0,0
7.9,32.86,9,E,YELLOW,4.83,2.15,2.59,2.18,4,5,0,0,0,0,0
7.933,41.35,9,E,YELLOW,4.89,2.17,2.38,2.11,4,5,0,0,0,0,0
7.967,39.47,9,E,YELLOW,4.93,2.18,2.25,2.07,4,5,0,0,0,0,0
8.0,39.96,8,E,YELLOW,4.6,2.08,2.16,2.05,4,4,0,0,0,0,0
8.033,36.33,11,E,YELLOW,5.09,2.47,2.45,1.89,4,7,0,0,0,0,0
8.067,34.29,11,E,ALLRED,5.41,2.73,2.65,2.03,5,6,0,0,0,0,0
8.1,35.39,11,E,ALLRED,5.27,2.79,3.12,2.23,5,6,0,0,0,0,0
8.133,32.68,9,E,ALLRED,5.17,2.58,2.73,1.91,3,6,0,0,0,0,0
8.167,32.32,7,E,ALLRED,4.41,1.99,2.47,1.69,2,5,0,0,0,0,0
8.2,37.68,8,E,ALLRED,4.62,2.31,2.31,1.8,4,4,0,0,0,0,0
8.233,32.5,9,E,ALLRED,4.75,2.52,2.2,1.87,5,4,0,0,0,0,0
8.267,35.2,11,E,ALLRED,4.84,2.65,2.83,2.13,5,6,0,0,0,0,0
8.3,34.72,11,E,ALLRED,4.9,2.74,3.24,2.29,5,6,0,0,0,0,0
8.333,35.2,11,E,ALLRED,4.93,2.79,3.51,2.4,5,6,0,0,0,0,0
8.367,35.12,10,E,ALLRED,4.96,2.83,3.33,2.36,5,5,0,0,0,0,0
8.4,41.74,11,E,ALLRED,4.97,2.86,3.56,2.45,5,6,0,0,0,0,0
8.433,36.0,12,E,ALLRED,5.33,2.98,3.72,2.5,5,7,0,0,0,0,0
8.467,35.08,10,E,ALLRED,5.57,3.05,3.12,2.33,5,5,0,0,0,0,0
8.5,35.74,11,E,ALLRED,5.72,3.11,3.08,2.32,5,6,0,0,0,0,0
8.533,32.9,8,E,ALLRED,5.47,3.03,2.7,2.21,5,3,0,0,0,0,0
8.567,31.48,9,E,ALLRED,5.65,3.09,2.45,2.13,5,4,0,0,0,0,0
8.6,31.52,8,E,ALLRED,5.42,3.02,2.3,2.09,5,3,0,0,0,0,0
8.633,30.1,5,E,ALLRED,4.93,2.88,1.84,1.71,3,2,0,0,0,0,0
8.667,30.56,7,E,ALLRED,4.6,2.78,1.9,1.81,5,2,0,0,0,0,0
8.7,32.14,7,E,ALLRED,4.74,2.82,1.93,1.88,4,3,0,0,0,0,0
8.733,31.85,8,E,ALLRED,4.83,2.85,1.96,1.92,4,4,0,0,0,0,0
8.767,32.33,7,E,ALLRED,4.54,2.76,1.94,1.94,4,3,0,0,0,0,0
8.8,32.66,8,E,ALLRED,4.35,2.71,1.96,1.96,5,3,0,0,0,0,0
8.833,31.22,7,E,ALLRED,4.23,2.67,1.97,1.97,4,3,0,0,0,0,0
8.867,30.8,7,E,ALLRED,3.8,2.54,1.98,1.98,5,2,0,0,0,0,0
8.9,36.38,5,E,ALLRED,3.52,2.46,1.64,1.64,3,2,0,0,0,0,0
8.933,37.55,5,E,ALLRED,3.34,2.4,1.77,1.77,4,1,0,0,0,0,0
8.967,31.51,5,E,ALLRED,3.22,2.37,1.5,1.5,3,2,0,0,0,0,0
9.0,38.25,5,E,ALLRED,3.14,2.34,1.32,1.32,3,2,0,0,0,0,0
9.033,39.77,7,E,ALLRED,3.09,2.33,1.56,1.56,5,2,0,0,0,0,0
9.067,39.64,5,E,ALLRED,2.71,1.97,1.36,1.36,3,2,0,0,0,0,0
9.1,33.81,7,N,GREEN,2.81,2.08,1.59,1.59,5,2,0,0,0,0,0
9.133,40.32,6,N,GREEN,2.53,1.81,1.73,1.49,3,3,0,0,0,0,0
9.167,43.47,7,N,GREEN,2.34,1.63,2.18,1.77,4,3,0,0,0,0,0
9.2,33.27,5,N,GREEN,2.22,1.76,1.76,1.5,4,1,0,0,0,0,0
9.233,31.86,4,N,GREEN,1.79,1.49,1.5,1.33,3,1,0,0,0,0,0
9.267,38.68,5,N,GREEN,1.52,1.32,1.67,1.32,3,2,0,0,0,0,0
9.3,43.14,6,N,GREEN,1.34,1.21,2.14,1.66,4,2,0,0,0,0,0
9.333,35.75,7,N,GREEN,1.57,1.49,2.44,1.88,5,2,0,0,0,0,0
9.367,44.03,5,N,GREEN,1.37,1.32,2.29,1.92,4,1,0,0,0,0,0
9.4,47.03,5,N,GREEN,1.19,1.19,2.19,1.95,4,1,0,0,0,0,0
9.433,54.54,5,N,GREEN,1.47,1.47,1.77,1.62,4,1,0,0,0,0,0
9.467,53.21,5,N,GREEN,1.66,1.66,1.5,1.4,4,1,0,0,0,0,0
9.5,58.47,6,N,GREEN,2.13,1.88,1.33,1.26,4,2,0,0,0,0,0
9.533,40.77,3,N,GREEN,2.08,1.68,0.86,0.82,1,2,0,0,0,0,0
9.567,47.8,3,N,GREEN,2.05,1.55,0.52,0.52,1,2,0,0,0,0,0
9.6,48.19,2,N,GREEN,1.69,1.36,0.34,0.34,1,1,0,0,0,0,0
9.633,47.32,3,N,GREEN,1.8,1.34,0.22,0.22,1,2,0,0,0,0,0
9.667,43.81,3,N,GREEN,1.87,1.32,0.14,0.14,1,2,0,0,0,0,0
9.7,49.53,2,N,GREEN,1.56,1.21,0.09,0.09,1,1,0,0,0,0,0
9.733,47.52,2,N,GREEN,1.37,1.14,0.06,0.06,1,1,0,0,0,0,0
9.767,43.31,2,N,GREEN,1.24,1.09,0,0,1,1,0,0,0,0,0
9.8,34.77,2,N,GREEN,1.15,1.06,0,0,1,1,0,0,0,0,0
9.833,35.46,2,N,GREEN,1.1,1.04,0,0,1,1,0,0,0,0,0
9.867,32.42,2,N,GREEN,1.07,1.02,0,0,1,1,0,0,0,0,0
9.9,34.83,3,N,GREEN,1.0,1.0,0.35,0.1,1,2,0,0,0,0,0
9.933,34.38,2,N,GREEN,1.0,1.0,0.23,0.07,1,1,0,0,0,0,0
9.967,41.78,4,N,GREEN,1.7,1.46,0.15,0.04,2,2,0,0,0,0,0
10.0,37.32,3,N,GREEN,1.81,1.65,0.1,0.03,2,1,0,0,0,0,0
10.033,37.98,3,N,GREEN,1.87,1.77,0.06,0.02,2,1,0,0,0,0,0
10.067,30.35,3,N,GREEN,1.92,1.85,0,0,2,1,0,0,0,0,0
10.1,28.99,3,N,GREEN,1.95,1.9,0,0,2,1,0,0,0,0,0
10.133,30.15,3,N,GREEN,1.92,1.92,0,0,2,1,0,0,0,0,0
10.167,30.72,2,N,GREEN,1.6,1.6,0,0,1,1,0,0,0,0,0
10.2,31.47,4,N,GREEN,2.09,1.85,0,0,2,2,0,0,0,0,0
10.233,38.55,4,N,GREEN,2.41,2.0,0,0,2,2,0,0,0,0,0
10.267,31.71,3,N,GREEN,2.27,2.0,0,0,2,1,0,0,0,0,0
10.3,35.61,4,N,GREEN,2.52,2.11,0,0,2,2,0,0,0,0,0
10.333,37.07,4,N,GREEN,2.34,2.07,0,0,3,1,0,0,0,0,0
10.367,41.92,6,N,GREEN,2.57,2.15,0.35,0.1,3,3,0,0,0,0,0
10.4,44.47,7,N,GREEN,2.72,2.2,0.58,0.17,3,4,0,0,0,0,0
10.433,42.14,6,N,GREEN,2.82,2.24,1.08,0.32,2,4,0,0,0,0,0
10.467,34.91,6,N,GREEN,2.18,1.8,1.75,0.52,2,4,0,0,0,0,0
10.5,32.75,6,N,GREEN,1.77,1.52,2.19,0.66,2,4,0,0,0,0,0
10.533,31.3,5,N,GREEN,1.5,1.34,2.12,0.64,2,3,0,0,0,0,0
10.567,32.5,5,N,GREEN,1.32,1.22,2.43,0.73,1,4,0,0,0,0,0
10.6,33.97,7,N,GREEN,1.56,1.25,2.98,0.89,1,6,0,0,0,0,0
10.633,34.6,7,N,GREEN,1.36,1.16,3.34,1.0,2,5,0,0,0,0,0
10.667,43.21,7,N,GREEN,1.24,1.1,3.57,1.07,2,5,0,0,0,0,0
10.7,39.74,10,N,GREEN,1.85,1.52,3.72,1.12,3,7,0,0,0,0,0
10.733,37.48,8,N,GREEN,1.91,1.45,3.82,1.15,2,6,0,0,0,0,0
10.767,35.71,8,N,GREEN,1.94,1.39,3.88,1.16,2,6,0,0,0,0,0
10.8,36.91,6,N,GREEN,1.96,1.36,3.22,0.97,1,5,0,0,0,0,0
10.833,36.86,6,N,GREEN,1.97,1.34,2.79,0.84,1,5,0,0,0,0,0
10.867,33.13,4,N,GREEN,1.63,1.22,2.52,0.76,1,3,0,0,0,0,0
10.9,33.46,4,N,GREEN,1.41,1.14,1.99,0.6,1,3,0,0,0,0,0
10.933,37.23,5,N,GREEN,1.27,1.09,1.99,0.6,1,4,0,0,0,0,0
10.967,38.6,8,N,GREEN,1.17,1.06,2.34,0.7,1,7,0,0,0,0,0
11.0,38.24,7,N,GREEN,1.11,1.04,2.57,0.77,1,6,0,0,0,0,0
11.033,35.94,5,N,GREEN,1.07,1.03,2.02,0.61,1,4,0,0,0,0,0
11.067,38.58,8,N,GREEN,1.0,1.0,2.36,0.71,1,7,0,0,0,0,0
11.1,35.8,7,N,GREEN,1.0,1.0,2.59,0.78,1,6,0,0,0,0,0
11.133,36.75,7,N,GREEN,1.0,1.0,2.73,0.82,1,6,0,0,0,0,0
11.167,34.73,6,N,GREEN,1.0,1.0,2.48,0.74,1,5,0,0,0,0,0
11.2,33.76,6,N,GREEN,1.35,1.11,1.96,0.59,1,5,0,0,0,0,0
11.233,40.43,5,N,GREEN,1.58,1.17,1.62,0.49,1,4,0,0,0,0,0
11.267,46.0,6,N,GREEN,1.38,1.11,1.41,0.42,1,5,0,0,0,0,0
11.3,45.55,5,N,GREEN,1.24,1.07,1.26,0.38,1,4,0,0,0,0,0
11.333,48.1,5,N,GREEN,1.16,1.05,1.17,0.35,1,4,0,0,0,0,0
11.367,64.16,8,N,GREEN,1.1,1.03,2.16,0.89,2,6,0,0,0,0,0
11.4,52.2,7,N,GREEN,1.07,1.02,2.1,1.04,2,5,0,0,0,0,0
11.433,42.58,8,N,GREEN,1.0,1.0,2.42,1.23,2,6,0,0,0,0,0
11.467,38.84,8,N,GREEN,1.0,1.0,2.62,1.36,2,6,0,0,0,0,0
11.5,37.47,7,N,GREEN,1.0,1.0,2.4,1.34,2,5,0,0,0,0,0
11.533,36.44,7,N,GREEN,1.0,1.0,2.26,1.33,2,5,0,0,0,0,0
11.567,35.66,7,N,GREEN,1.0,1.0,2.17,1.32,2,5,0,0,0,0,0
11.6,37.68,8,N,GREEN,1.0,1.0,2.11,1.31,3,5,0,0,0,0,0
11.633,37.24,9,N,GREEN,1.0,1.0,2.42,1.41,3,6,0,0,0,0,0
11.667,37.17,8,N,GREEN,1.0,1.0,2.62,1.48,3,5,0,0,0,0,0
11.7,36.15,7,N,GREEN,1.0,1.0,2.41,1.42,3,4,0,0,0,0,0
11.733,36.2,8,N,GREEN,1.0,1.0,2.26,1.38,3,5,0,0,0,0,0
11.767,36.79,7,N,GREEN,1.0,1.0,2.17,1.35,2,5,0,0,0,0,0
11.8,36.74,7,N,GREEN,1.0,1.0,2.11,1.33,3,4,0,0,0,0,0
11.833,37.23,7,N,GREEN,1.0,1.0,2.42,1.43,2,5,0,0,0,0,0
11.867,36.17,9,N,GREEN,1.0,1.0,1.92,1.28,3,6,0,0,0,0,0
11.9,34.79,7,N,GREEN,1.0,1.0,1.95,1.28,2,5,0,0,0,0,0
11.933,35.79,7,N,GREEN,1.35,1.11,1.62,1.19,2,5,0,0,0,0,0
11.967,37.92,9,N,GREEN,1.58,1.17,2.1,1.58,3,6,0,0,0,0,0
12.0,34.39,7,N,GREEN,1.73,1.22,1.72,1.37,2,5,0,0,0,0,0
12.033,35.32,9,N,GREEN,1.82,1.25,2.17,1.7,3,6,0,0,0,0,0
12.067,34.73,10,N,GREEN,1.88,1.27,2.81,2.01,3,7,0,0,0,0,0
12.1,32.51,9,N,GREEN,1.92,1.28,2.87,1.87,2,7,0,0,0,0,0
12.133,34.39,9,N,GREEN,1.95,1.29,2.57,1.67,2,7,0,0,0,0,0
12.167,34.21,10,N,GREEN,1.97,1.29,2.72,1.65,2,8,0,0,0,0,0
12.2,36.32,11,N,GREEN,1.98,1.29,2.82,1.63,3,8,0,0,0,0,0
12.233,33.28,9,N,GREEN,1.99,1.3,2.53,1.51,3,6,0,0,0,0,0
12.267,34.63,10,N,GREEN,1.99,1.3,2.7,1.54,2,8,0,0,0,0,0
12.3,37.5,10,N,GREEN,1.99,1.3,2.8,1.56,3,7,0,0,0,0,0
12.333,33.83,10,N,GREEN,2.0,1.3,2.87,1.58,3,7,0,0,0,0,0
12.367,34.59,8,N,GREEN,2.0,1.3,2.57,1.48,3,5,0,0,0,0,0
12.4,35.13,9,N,GREEN,2.0,1.3,2.72,1.52,3,6,0,0,0,0,0
12.433,36.22,8,N,GREEN,2.0,1.3,2.47,1.44,3,5,0,0,0,0,0
12.467,37.59,9,N,GREEN,2.0,1.3,2.65,1.5,3,6,0,0,0,0,0
12.5,34.95,9,N,GREEN,2.0,1.3,2.77,1.53,3,6,0,0,0,0,0
12.533,34.73,9,N,GREEN,2.0,1.3,2.85,1.56,3,6,0,0,0,0,0
12.567,35.5,9,N,GREEN,2.0,1.3,2.9,1.57,3,6,0,0,0,0,0
12.6,34.61,9,N,GREEN,2.0,1.3,2.94,1.58,3,6,0,0,0,0,0
12.633,34.35,9,N,GREEN,2.0,1.3,2.96,1.59,3,6,0,0,0,0,0
12.667,32.43,9,N,GREEN,2.0,1.3,2.97,1.59,3,6,0,0,0,0,0
12.7,34.28,9,N,GREEN,2.0,1.3,2.98,1.6,3,6,0,0,0,0,0
12.733,32.1,9,N,GREEN,2.0,1.3,2.64,1.49,3,6,0,0,0,0,0
12.767,32.7,9,N,GREEN,2.0,1.3,2.42,1.42,3,6,0,0,0,0,0
12.8,32.27,9,N,GREEN,2.0,1.3,2.27,1.38,3,6,0,0,0,0,0
12.833,33.01,9,N,GREEN,2.0,1.3,2.18,1.35,3,6,0,0,0,0,0
12.867,34.64,8,N,GREEN,2.0,1.3,1.76,0.98,2,6,0,0,0,0,0
12.9,33.83,7,N,GREEN,2.0,1.3,1.15,0.64,2,5,0,0,0,0,0
12.933,33.15,7,N,GREEN,2.0,1.3,0.75,0.42,2,5,0,0,0,0,0
12.967,33.76,8,N,GREEN,2.0,1.3,0.83,0.38,2,6,0,0,0,0,0
13.0,34.94,9,N,GREEN,2.0,1.3,1.24,0.45,2,7,0,0,0,0,0
13.033,34.7,9,N,GREEN,2.0,1.3,1.51,0.51,2,7,0,0,0,0,0
13.067,35.97,10,N,GREEN,2.0,1.3,2.03,0.89,3,7,0,0,0,0,0
13.1,33.52,10,N,GREEN,2.0,1.3,2.37,1.14,3,7,0,0,0,0,0
13.133,34.76,9,N,GREEN,2.0,1.3,2.24,1.19,3,6,0,0,0,0,0
13.167,33.89,8,N,GREEN,2.0,1.3,2.16,1.23,2,6,0,0,0,0,0
13.2,31.78,8,N,GREEN,2.0,1.3,2.45,1.36,2,6,0,0,0,0,0
13.233,31.52,8,N,GREEN,2.0,1.3,2.64,1.44,2,6,0,0,0,0,0
13.267,31.64,8,N,GREEN,2.0,1.3,2.77,1.5,2,6,0,0,0,0,0
13.3,33.07,9,N,GREEN,2.0,1.3,2.85,1.53,2,7,0,0,0,0,0
13.333,36.49,9,N,GREEN,2.0,1.3,2.9,1.56,2,7,0,0,0,0,0
13.367,33.39,9,N,GREEN,2.0,1.3,2.94,1.57,2,7,0,0,0,0,0
13.4,34.22,9,N,GREEN,2.0,1.3,2.96,1.58,2,7,0,0,0,0,0
13.433,32.96,9,N,GREEN,2.0,1.3,2.97,1.59,2,7,0,0,0,0,0
13.467,32.41,8,N,GREEN,2.0,1.3,2.63,1.24,1,7,0,0,0,0,0
13.5,31.73,8,N,GREEN,2.0,1.3,2.41,1.02,1,7,0,0,0,0,0
13.533,32.99,8,N,GREEN,2.0,1.3,2.27,0.87,1,7,0,0,0,0,0
13.567,32.19,7,N,GREEN,2.0,1.3,1.82,0.67,1,6,0,0,0,0,0
13.6,32.84,6,N,GREEN,2.0,1.3,1.19,0.44,1,5,0,0,0,0,0
13.633,31.31,4,N,GREEN,1.65,1.19,0.77,0.28,1,3,0,0,0,0,0
13.667,33.04,5,N,GREEN,1.77,1.48,0.45,0.14,2,3,0,0,0,0,0
13.7,31.43,6,N,GREEN,2.2,1.76,0.29,0.09,2,4,0,0,0,0,0
13.733,32.25,7,N,GREEN,2.48,1.95,0.54,0.16,2,5,0,0,0,0,0
13.767,30.07,7,N,GREEN,2.66,2.07,0.7,0.21,2,5,0,0,0,0,0
13.8,31.03,6,N,GREEN,2.78,2.15,0.46,0.14,2,4,0,0,0,0,0
13.833,32.31,7,N,GREEN,2.86,2.2,0.65,0.44,3,4,0,0,0,0,0
13.867,33.18,7,N,GREEN,3.26,2.34,0.42,0.29,2,5,0,0,0,0,0
13.9,35.59,8,N,GREEN,3.52,2.43,0.62,0.54,3,5,0,0,0,0,0
13.933,34.42,10,N,GREEN,4.04,2.6,0.76,0.7,3,7,0,0,0,0,0
13.967,32.29,7,N,GREEN,4.02,2.6,0.49,0.45,2,5,0,0,0,0,0
14.0,32.15,8,N,GREEN,4.02,2.6,0.28,0.28,3,5,0,0,0,0,0
14.033,31.95,7,N,GREEN,4.01,2.6,0.18,0.18,2,5,0,0,0,0,0
14.067,31.72,6,N,GREEN,3.66,2.49,0.12,0.12,2,4,0,0,0,0,0
14.1,33.4,7,N,GREEN,3.78,2.53,0.08,0.08,2,5,0,0,0,0,0
14.133,29.73,5,N,GREEN,3.5,2.45,0.05,0.05,2,3,0,0,0,0,0
14.167,34.24,6,N,GREEN,3.68,2.5,0,0,2,4,0,0,0,0,0
14.2,30.85,6,N,GREEN,3.79,2.54,0,0,2,4,0,0,0,0,0
14.233,31.83,6,N,GREEN,3.51,2.45,0.35,0.35,3,3,0,0,0,0,0
14.267,30.96,6,N,GREEN,3.33,2.4,0.58,0.58,3,3,0,0,0,0,0
14.3,30.83,6,N,GREEN,3.22,2.37,0.73,0.73,3,3,0,0,0,0,0
14.333,29.71,5,N,GREEN,3.14,2.34,0.82,0.82,3,2,0,0,0,0,0
14.367,31.74,7,N,GREEN,3.44,2.43,0.88,0.88,3,4,0,0,0,0,0
14.4,31.73,7,N,GREEN,3.29,2.39,1.27,1.03,3,4,0,0,0,0,0
14.433,31.06,5,N,GREEN,2.84,2.25,1.53,1.12,3,2,0,0,0,0,0
14.467,32.28,7,N,GREEN,2.89,2.27,2.04,1.29,3,4,0,0,0,0,0
14.5,32.34,7,N,GREEN,2.93,2.28,2.38,1.4,3,4,0,0,0,0,0
14.533,31.45,6,N,GREEN,2.96,2.29,2.25,1.36,3,3,0,0,0,0,0
14.567,38.21,6,N,GREEN,2.97,2.29,2.16,1.34,3,3,0,0,0,0,0
14.6,31.56,5,N,GREEN,2.98,2.29,1.75,1.22,3,2,0,0,0,0,0
14.633,32.78,6,N,GREEN,2.99,2.3,1.84,1.25,3,3,0,0,0,0,0
14.667,30.69,6,N,GREEN,2.99,2.3,1.9,1.27,3,3,0,0,0,0,0
14.7,31.63,6,N,GREEN,2.99,2.3,1.93,1.28,3,3,0,0,0,0,0
14.733,30.85,6,N,GREEN,3.0,2.3,1.96,1.29,3,3,0,0,0,0,0
14.767,31.01,5,N,GREEN,3.0,2.3,1.62,0.94,2,3,0,0,0,0,0
14.8,29.14,4,N,GREEN,3.0,2.3,1.05,0.61,2,2,0,0,0,0,0
14.833,29.85,5,N,GREEN,3.0,2.3,1.04,0.5,2,3,0,0,0,0,0
14.867,31.15,5,N,GREEN,3.0,2.3,1.02,0.43,2,3,0,0,0,0,0
14.9,30.26,4,N,GREEN,3.0,2.3,0.66,0.28,2,2,0,0,0,0,0
14.933,29.06,3,N,GREEN,2.65,2.19,0.43,0.18,2,1,0,0,0,0,0
14.967,30.03,4,N,GREEN,2.77,2.23,0.23,0.07,2,2,0,0,0,0,0
15.0,29.55,4,N,GREEN,2.5,2.15,0.5,0.4,3,1,0,0,0,0,0
15.033,30.15,4,N,GREEN,2.33,2.1,0.68,0.61,3,1,0,0,0,0,0
15.067,28.96,4,N,GREEN,2.21,2.06,0.79,0.74,4,0,0,0,0,0,0
15.1,33.33,3,N,GREEN,2.14,2.04,0.82,0.82,3,0,0,0,0,0,0
15.133,34.73,3,N,GREEN,2.09,2.03,0.88,0.88,3,0,0,0,0,0,0
15.167,27.51,3,N,GREEN,2.06,2.02,0.92,0.92,3,0,0,0,0,0,0
15.2,33.98,3,N,GREEN,2.0,2.0,0.95,0.95,3,0,0,0,0,0,0
15.233,27.59,3,N,GREEN,2.0,2.0,0.97,0.97,3,0,0,0,0,0,0
15.267,28.05,3,N,GREEN,2.0,2.0,0.98,0.98,3,0,0,0,0,0,0
15.3,33.24,3,N,GREEN,2.0,2.0,0.99,0.99,3,0,0,0,0,0,0
15.333,27.59,3,N,GREEN,2.0,2.0,0.99,0.99,3,0,0,0,0,0,0
15.367,33.58,3,N,GREEN,2.0,2.0,0.99,0.99,3,0,0,0,0,0,0
15.4,35.83,3,N,GREEN,2.0,2.0,1.0,1.0,3,0,0,0,0,0,0
15.433,28.15,3,N,GREEN,2.0,2.0,1.0,1.0,3,0,0,0,0,0,0
15.467,28.34,4,N,GREEN,2.0,2.0,1.35,1.1,3,1,0,0,0,0,0
15.5,27.7,3,N,GREEN,2.0,2.0,1.23,1.07,3,0,0,0,0,0,0
15.533,27.43,3,N,GREEN,2.0,2.0,1.15,1.04,3,0,0,0,0,0,0
15.567,34.45,3,N,GREEN,2.0,2.0,1.1,1.03,3,0,0,0,0,0,0
15.6,28.74,3,N,GREEN,2.0,2.0,1.06,1.02,3,0,0,0,0,0,0
15.633,28.4,3,N,GREEN,2.0,2.0,1.0,1.0,3,0,0,0,0,0,0
15.667,28.75,2,N,GREEN,2.0,2.0,0.65,0.65,2,0,0,0,0,0,0
15.7,28.65,3,N,GREEN,2.0,2.0,0.77,0.77,3,0,0,0,0,0,0
15.733,32.19,4,N,GREEN,2.0,2.0,0.85,0.85,4,0,0,0,0,0,0
15.767,43.43,5,N,GREEN,2.0,2.0,1.25,1.01,4,1,0,0,0,0,0
15.8,36.18,5,N,GREEN,2.0,2.0,1.52,1.11,4,1,0,0,0,0,0
15.833,33.68,4,N,GREEN,2.0,2.0,1.33,0.83,3,1,0,0,0,0,0
15.867,31.3,4,N,GREEN,2.0,2.0,1.22,0.64,3,1,0,0,0,0,0
15.9,28.49,3,N,GREEN,2.0,2.0,0.79,0.42,3,0,0,0,0,0,0
15.933,29.63,4,N,GREEN,2.0,2.0,0.86,0.62,4,0,0,0,0,0,0
15.967,30.16,4,N,GREEN,2.0,2.0,0.91,0.75,4,0,0,0,0,0,0
16.0,37.11,4,N,GREEN,2.0,2.0,0.94,0.84,4,0,0,0,0,0,0
16.033,31.03,4,N,GREEN,2.35,2.35,0.96,0.9,4,0,0,0,0,0,0
16.067,33.0,4,N,GREEN,2.58,2.58,0.98,0.93,4,0,0,0,0,0,0
16.1,30.67,4,N,GREEN,2.73,2.73,0.94,0.94,4,0,0,0,0,0,0
16.133,30.56,4,N,GREEN,2.82,2.82,0.96,0.96,4,0,0,0,0,0,0
16.167,31.35,5,N,GREEN,2.88,2.88,1.33,1.08,4,1,0,0,0,0,0
16.2,31.52,6,N,GREEN,2.92,2.92,1.91,1.26,4,2,0,0,0,0,0
16.233,32.19,6,N,GREEN,2.95,2.95,2.29,1.38,4,2,0,0,0,0,0
16.267,30.43,5,N,GREEN,3.32,3.07,1.84,1.25,4,1,0,0,0,0,0
16.3,30.03,5,N,GREEN,3.21,3.05,1.9,1.27,4,1,0,0,0,0,0
16.333,29.27,4,N,GREEN,3.13,3.03,1.58,1.17,4,0,0,0,0,0,0
16.367,31.66,4,N,GREEN,3.09,3.02,1.38,1.11,4,0,0,0,0,0,0
16.4,30.13,4,N,GREEN,3.06,3.01,1.25,1.07,4,0,0,0,0,0,0
16.433,28.74,3,N,GREEN,2.65,2.65,1.16,1.05,3,0,0,0,0,0,0
16.467,30.78,5,N,GREEN,2.77,2.77,1.45,1.14,4,1,0,0,0,0,0
16.5,29.94,4,N,GREEN,2.85,3.38,1.3,1.09,3,0,0,1,0,0,0
16.533,28.68,4,N,GREEN,2.9,3.77,1.19,1.06,3,0,0,1,0,0,0
16.567,28.71,4,N,GREEN,2.94,4.02,1.12,1.04,3,0,0,1,0,0,0
16.6,28.46,4,N,GREEN,2.96,4.19,1.08,1.02,3,0,0,1,0,0,0
16.633,28.81,4,N,GREEN,2.97,4.3,1.05,1.02,3,0,0,1,0,0,0
16.667,31.44,5,N,GREEN,2.98,4.37,1.38,1.12,3,1,0,1,0,0,0
16.7,29.81,4,N,GREEN,2.99,4.42,1.25,1.07,3,0,0,1,0,0,0
16.733,28.2,4,N,GREEN,2.99,4.44,1.16,1.05,3,0,0,1,0,0,0
16.767,28.21,4,N,GREEN,3.0,4.46,1.11,1.03,3,0,0,1,0,0,0
16.8,29.17,4,N,GREEN,3.0,4.48,1.07,1.02,3,0,0,1,0,0,0
16.833,27.88,4,N,GREEN,3.0,4.48,1.0,1.0,3,0,0,1,0,0,0
16.867,28.24,4,N,GREEN,3.0,4.49,1.0,1.0,3,0,0,1,0,0,0
16.9,29.24,4,N,GREEN,3.0,4.49,1.0,1.0,3,0,0,1,0,0,0
16.933,36.06,4,N,GREEN,3.0,4.5,1.0,1.0,3,0,0,1,0,0,0
16.967,29.03,4,N,GREEN,3.0,4.5,1.0,1.0,3,0,0,1,0,0,0
17.0,29.3,4,N,GREEN,3.0,4.5,1.0,1.0,3,0,0,1,0,0,0
17.033,29.06,4,N,GREEN,3.0,4.5,1.0,1.0,3,0,0,1,0,0,0
17.067,29.02,4,N,GREEN,3.0,4.5,1.0,1.0,3,0,0,1,0,0,0
17.1,29.6,4,N,GREEN,3.0,4.5,1.0,1.0,3,0,0,1,0,0,0
17.133,28.75,4,N,GREEN,3.0,4.5,1.0,1.0,3,0,0,1,0,0,0
17.167,28.35,4,N,GREEN,3.0,4.5,1.0,1.0,3,0,0,1,0,0,0
17.2,28.23,4,N,GREEN,3.0,4.5,1.0,1.0,3,0,0,1,0,0,0
17.233,29.34,4,N,GREEN,3.0,4.5,1.0,1.0,3,0,0,1,0,0,0
17.267,28.62,4,N,GREEN,3.0,4.5,1.0,1.0,3,0,0,1,0,0,0
17.3,28.9,4,N,GREEN,3.0,4.5,1.0,1.0,3,0,0,1,0,0,0
17.333,29.08,4,N,GREEN,3.0,4.5,1.0,1.0,3,0,0,1,0,0,0
17.367,31.21,6,N,GREEN,3.0,4.5,1.35,1.1,4,1,0,1,0,0,0
17.4,30.4,6,N,GREEN,3.0,4.5,1.58,1.17,4,1,0,1,0,0,0
17.433,31.17,7,N,GREEN,3.0,4.5,2.08,1.32,4,2,0,1,0,0,0
17.467,31.36,7,N,GREEN,3.0,4.5,2.4,1.42,4,2,0,1,0,0,0
17.5,30.48,6,N,GREEN,3.0,4.5,2.26,1.38,4,1,0,1,0,0,0
17.533,30.27,5,N,GREEN,3.0,4.5,1.82,1.25,4,0,0,1,0,0,0
17.567,30.27,6,N,GREEN,3.0,4.5,1.88,1.26,4,1,0,1,0,0,0
17.6,30.84,6,N,GREEN,3.0,4.5,1.92,1.28,4,1,0,1,0,0,0
17.633,30.57,6,N,GREEN,3.0,4.5,1.95,1.29,4,1,0,1,0,0,0
17.667,29.58,6,N,GREEN,3.0,4.5,1.97,1.29,4,1,0,1,0,0,0
17.7,31.83,6,N,GREEN,3.0,4.5,1.98,1.29,4,1,0,1,0,0,0
17.733,31.48,6,N,GREEN,3.0,4.5,1.99,1.54,5,0,0,1,0,0,0
17.767,30.85,6,N,GREEN,3.0,4.5,1.99,1.7,5,0,0,1,0,0,0
17.8,32.26,6,N,GREEN,3.0,4.5,1.99,1.81,5,0,0,1,0,0,0
17.833,31.35,6,N,GREEN,3.0,4.5,2.0,1.63,4,1,0,1,0,0,0
17.867,32.2,7,N,GREEN,3.0,4.5,2.35,1.62,4,2,0,1,0,0,0
17.9,30.92,6,N,GREEN,3.0,4.5,2.23,1.51,4,1,0,1,0,0,0
17.933,31.44,6,N,GREEN,3.0,4.5,2.15,1.43,4,1,0,1,0,0,0
17.967,32.23,7,N,GREEN,3.0,4.5,2.45,1.74,5,1,0,1,0,0,0
18.0,31.42,7,N,GREEN,3.0,4.5,2.64,1.93,5,1,0,1,0,0,0
18.033,32.52,7,N,GREEN,3.0,4.5,2.77,1.82,4,2,0,1,0,0,0
18.067,33.22,8,N,GREEN,3.0,4.5,3.2,2.09,5,2,0,1,0,0,0
18.1,33.06,8,N,GREEN,3.0,4.5,3.48,2.27,5,2,0,1,0,0,0
18.133,35.01,8,N,GREEN,3.0,4.5,3.66,2.39,5,2,0,1,0,0,0
18.167,35.87,8,N,GREEN,3.0,4.5,3.78,2.22,4,3,0,1,0,0,0
18.2,35.04,7,N,GREEN,3.0,4.5,3.51,2.0,4,2,0,1,0,0,0
18.233,32.54,8,N,GREEN,3.0,4.5,3.68,1.96,4,3,0,1,0,0,0
18.267,32.38,7,N,GREEN,3.0,4.5,3.44,1.84,4,2,0,1,0,0,0
18.3,30.45,7,N,GREEN,3.0,4.5,3.29,2.0,5,1,0,1,0,0,0
18.333,31.44,7,N,GREEN,3.0,4.5,3.19,2.1,5,1,0,1,0,0,0
18.367,36.53,6,N,GREEN,3.0,4.5,2.77,1.82,4,1,0,1,0,0,0
18.4,36.74,7,N,GREEN,3.0,4.5,2.85,1.99,5,1,0,1,0,0,0
18.433,35.03,7,N,GREEN,3.0,4.5,2.9,2.1,5,1,0,1,0,0,0
18.467,32.26,7,N,GREEN,3.0,4.5,2.94,2.17,5,1,0,1,0,0,0
18.5,35.45,7,N,GREEN,3.0,4.5,2.96,2.21,5,1,0,1,0,0,0
18.533,33.5,7,N,GREEN,3.0,4.5,2.97,2.24,5,1,0,1,0,0,0
18.567,33.96,7,N,GREEN,3.0,4.5,2.98,2.02,4,2,0,1,0,0,0
18.6,34.23,7,N,GREEN,3.0,4.5,2.99,2.12,5,1,0,1,0,0,0
18.633,34.08,7,N,GREEN,3.0,4.5,2.99,2.18,5,1,0,1,0,0,0
18.667,33.8,7,N,GREEN,3.0,4.5,3.0,1.98,4,2,0,1,0,0,0
18.7,33.35,6,N,GREEN,3.0,4.5,2.65,1.99,5,0,0,1,0,0,0
18.733,34.94,6,N,GREEN,3.0,4.5,2.42,1.99,5,0,0,1,0,0,0
18.767,34.23,6,N,GREEN,3.0,4.5,2.27,1.99,5,0,0,1,0,0,0
18.8,33.99,6,N,GREEN,3.0,4.5,2.18,2.0,5,0,0,1,0,0,0
18.833,34.66,6,N,GREEN,3.0,4.5,2.12,2.0,5,0,0,1,0,0,0
18.867,34.92,6,N,GREEN,3.0,4.5,2.08,2.0,5,0,0,1,0,0,0
18.9,35.35,6,N,GREEN,3.0,4.5,2.05,2.0,5,0,0,1,0,0,0
18.933,35.08,6,N,GREEN,3.0,4.5,1.99,1.99,5,0,0,1,0,0,0
18.967,36.77,6,N,GREEN,3.0,4.5,1.99,1.99,5,0,0,1,0,0,0
19.0,35.34,6,N,GREEN,3.0,4.5,1.99,1.99,5,0,0,1,0,0,0
19.033,35.46,6,N,GREEN,3.0,4.5,2.0,2.0,5,0,0,1,0,0,0
19.067,39.72,7,N,GREEN,3.35,4.6,2.0,1.75,4,2,0,1,0,0,0
19.1,36.89,7,N,GREEN,3.58,4.67,2.0,1.59,4,2,0,1,0,0,0
19.133,34.25,7,N,GREEN,3.73,4.72,2.0,1.74,5,1,0,1,0,0,0
19.167,32.55,7,N,GREEN,3.82,4.75,2.0,1.83,5,1,0,1,0,0,0
19.2,31.19,5,N,GREEN,3.53,4.66,1.65,1.54,4,0,0,1,0,0,0
19.233,31.68,6,N,GREEN,3.35,4.6,1.77,1.46,4,1,0,1,0,0,0
19.267,31.1,6,N,GREEN,3.23,4.57,1.85,1.4,4,1,0,1,0,0,0
19.3,32.46,6,N,GREEN,3.15,4.54,1.9,1.37,4,1,0,1,0,0,0
19.333,31.87,6,N,GREEN,3.1,4.53,1.94,1.59,5,0,0,1,0,0,0
19.367,33.82,8,N,GREEN,3.41,4.62,2.31,1.84,5,2,0,1,0,0,0
19.4,31.22,6,N,GREEN,3.27,4.58,2.2,1.89,5,0,0,1,0,0,0
19.433,29.96,5,N,GREEN,3.17,4.55,1.78,1.58,4,0,0,1,0,0,0
19.467,30.76,6,N,GREEN,3.11,4.53,1.86,1.73,5,0,0,1,0,0,0
19.5,29.32,6,N,GREEN,3.07,4.52,1.91,1.82,5,0,0,1,0,0,0
19.533,30.56,6,N,GREEN,3.0,4.5,1.94,1.88,5,0,0,1,0,0,0
19.567,31.73,6,N,GREEN,3.0,4.5,1.96,1.93,5,0,0,1,0,0,0
19.6,30.82,5,N,GREEN,3.0,4.5,1.59,1.59,4,0,0,1,0,0,0
19.633,31.82,5,N,GREEN,3.0,4.5,1.38,1.38,4,0,0,1,0,0,0
19.667,33.55,6,N,GREEN,3.35,4.61,1.25,1.25,4,1,0,1,0,0,0
19.7,32.84,5,N,GREEN,3.23,4.57,1.16,1.16,4,0,0,1,0,0,0
19.733,30.31,6,N,GREEN,3.15,4.54,1.46,1.46,5,0,0,1,0,0,0
19.767,31.35,6,N,GREEN,3.1,4.53,1.65,1.65,5,0,0,1,0,0,0
19.8,31.25,6,N,GREEN,3.06,4.52,1.77,1.52,4,1,0,1,0,0,0
19.833,31.67,6,N,GREEN,3.0,4.5,1.85,1.45,4,1,0,1,0,0,0
19.867,34.8,6,N,GREEN,3.0,4.5,1.9,1.4,4,1,0,1,0,0,0
19.9,30.68,6,N,GREEN,3.0,4.5,1.94,1.61,5,0,0,1,0,0,0
19.933,30.1,6,N,GREEN,3.0,4.5,1.96,1.5,4,1,0,1,0,0,0
19.967,29.4,6,N,GREEN,3.0,4.5,1.97,1.43,4,1,0,1,0,0,0
20.0,31.86,6,N,GREEN,3.0,4.5,1.98,1.38,4,1,0,1,0,0,0
20.033,34.53,9,N,GREEN,3.7,4.96,2.34,1.46,5,3,0,1,0,0,0
20.067,35.98,9,N,GREEN,4.16,5.25,2.57,1.51,5,3,0,1,0,0,0
20.1,33.81,8,N,GREEN,4.45,5.44,2.37,1.44,5,2,0,1,0,0,0
20.133,33.75,8,N,GREEN,4.64,5.57,2.24,1.39,5,2,0,1,0,0,0
20.167,33.73,8,N,GREEN,4.77,5.65,1.81,1.25,5,2,0,1,0,0,0
20.2,32.33,8,N,GREEN,4.85,5.7,1.52,1.16,5,2,0,1,0,0,0
20.233,33.33,8,N,GREEN,4.9,5.74,1.34,1.11,5,2,0,1,0,0,0
20.267,33.85,8,N,GREEN,4.94,5.76,1.22,1.07,5,2,0,1,0,0,0
20.3,31.31,7,N,GREEN,4.61,5.42,1.14,1.05,4,2,0,1,0,0,0
20.333,32.6,7,N,GREEN,4.4,5.2,1.09,1.03,4,2,0,1,0,0,0
20.367,33.31,7,N,GREEN,4.26,5.06,1.06,1.02,4,2,0,1,0,0,0
20.4,37.93,9,N,GREEN,4.52,5.32,1.0,1.0,5,3,0,1,0,0,0
20.433,39.95,8,N,GREEN,4.34,5.14,1.0,1.0,4,3,0,1,0,0,0
20.467,36.99,7,N,GREEN,4.22,5.02,1.0,1.0,4,2,0,1,0,0,0
20.5,38.16,6,N,GREEN,3.79,4.84,1.0,1.0,4,1,0,1,0,0,0
20.533,37.72,6,N,GREEN,3.51,4.72,1.0,1.0,4,1,0,1,0,0,0
20.567,36.49,6,N,GREEN,3.33,4.64,1.0,1.0,4,1,0,1,0,0,0
20.6,37.64,8,N,GREEN,3.92,5.05,1.0,1.0,5,2,0,1,0,0,0
20.633,38.4,6,N,GREEN,3.6,4.86,1.0,1.0,4,1,0,1,0,0,0
20.667,37.73,8,N,GREEN,4.09,5.19,1.35,1.35,6,1,0,1,0,0,0
20.7,42.26,9,N,GREEN,4.76,5.51,1.58,1.58,6,2,0,1,0,0,0
20.733,43.56,11,N,GREEN,5.19,5.71,2.08,1.83,6,4,0,1,0,0,0
20.767,42.83,10,N,GREEN,5.47,5.85,2.05,1.64,5,4,0,1,0,0,0
20.8,40.6,9,N,GREEN,5.66,5.94,2.03,1.52,5,3,0,1,0,0,0
20.833,41.71,9,N,GREEN,6.13,6.1,1.67,1.34,5,3,0,1,0,0,0
20.867,42.76,11,N,GREEN,6.43,6.2,1.79,1.33,5,5,0,1,0,0,0
20.9,35.54,9,N,GREEN,6.63,6.27,1.51,1.21,5,3,0,1,0,0,0
20.933,35.68,10,N,GREEN,6.76,6.32,1.33,1.14,5,4,0,1,0,0,0
20.967,34.26,8,N,GREEN,6.49,6.24,1.22,1.09,5,2,0,1,0,0,0
21.0,38.59,11,N,GREEN,6.67,6.3,1.14,1.06,6,4,0,1,0,0,0
21.033,38.56,15,N,GREEN,7.49,6.54,1.79,1.25,5,9,0,1,0,0,0
21.067,38.99,13,N,GREEN,7.32,6.25,2.21,1.37,4,8,0,1,0,0,0
21.1,38.39,13,N,GREEN,7.56,6.41,2.14,1.35,5,7,0,1,0,0,0
21.133,36.83,14,N,GREEN,7.36,6.4,2.79,1.54,5,8,0,1,0,0,0
21.167,33.6,12,N,GREEN,7.23,6.4,2.51,1.46,5,6,0,1,0,0,0
21.2,34.78,12,N,GREEN,6.8,6.3,2.68,1.51,5,6,0,1,0,0,0
21.233,33.97,11,N,GREEN,6.52,6.23,2.44,1.43,5,5,0,1,0,0,0
21.267,37.1,11,N,GREEN,6.34,6.18,2.29,1.39,5,5,0,1,0,0,0
21.3,40.91,13,N,GREEN,6.57,6.26,2.54,1.46,5,7,0,1,0,0,0
21.333,41.92,13,N,GREEN,6.72,6.31,2.7,1.51,5,7,0,1,0,0,0
21.367,53.97,13,N,GREEN,6.82,6.34,2.8,1.54,5,7,0,1,0,0,0
21.4,48.76,13,N,GREEN,6.88,6.36,2.52,1.46,5,7,0,1,0,0,0
21.433,46.28,13,N,GREEN,6.92,6.37,2.34,1.4,5,7,0,1,0,0,0
21.467,54.91,14,N,GREEN,7.3,6.49,2.22,1.37,5,8,0,1,0,0,0
21.5,47.02,14,N,GREEN,7.2,6.46,2.49,1.45,5,8,0,1,0,0,0
21.533,48.98,15,N,GREEN,7.13,6.44,3.02,1.85,6,8,0,1,0,0,0
21.567,47.48,13,N,GREEN,7.08,6.42,3.01,2.01,6,6,0,1,0,0,0
21.6,45.26,13,N,GREEN,7.4,6.52,3.01,2.11,6,6,0,1,0,0,0
21.633,40.68,12,N,GREEN,7.26,6.48,3.01,2.18,6,5,0,1,0,0,0
21.667,37.89,13,N,GREEN,7.17,6.45,3.0,2.22,6,6,0,1,0,0,0
21.7,37.53,13,N,GREEN,7.46,6.54,3.0,2.25,6,6,0,1,0,0,0
21.733,45.01,13,N,GREEN,7.3,6.49,3.0,2.27,6,6,0,1,0,0,0
21.767,43.82,13,N,GREEN,7.54,6.56,3.0,2.28,6,6,0,1,0,0,0
21.8,48.15,14,N,GREEN,8.05,6.72,3.0,2.29,6,7,0,1,0,0,0
21.833,45.78,12,N,GREEN,8.04,6.71,2.3,1.84,5,6,0,1,0,0,0
21.867,46.36,13,N,GREEN,8.02,6.71,2.2,1.89,6,6,0,1,0,0,0
21.9,48.64,15,N,GREEN,8.36,6.81,2.48,1.79,5,9,0,1,0,0,0
21.933,46.0,12,N,GREEN,7.89,6.67,2.66,1.72,5,6,0,1,0,0,0
21.967,47.45,12,N,GREEN,7.93,6.68,2.43,1.58,5,6,0,1,0,0,0
22.0,49.12,13,N,GREEN,7.95,6.69,2.63,1.58,5,7,0,1,0,0,0
22.033,63.21,11,N,GREEN,7.97,6.69,2.06,1.38,5,5,0,1,0,0,0
22.067,61.5,10,N,GREEN,7.63,6.59,2.04,1.35,5,4,0,1,0,0,0
22.1,59.14,12,N,GREEN,8.11,6.73,2.02,1.33,5,6,0,1,0,0,0
22.133,54.34,12,N,GREEN,8.77,6.93,1.67,1.22,5,6,0,1,0,0,0
22.167,57.4,13,N,GREEN,8.5,6.85,2.13,1.35,6,6,0,1,0,0,0
22.2,58.31,12,N,GREEN,8.33,6.8,2.44,1.44,5,6,0,1,0,0,0
22.233,83.66,11,N,GREEN,7.86,6.66,2.63,1.49,5,5,0,1,0,0,0
22.267,76.02,11,N,GREEN,7.56,6.57,2.76,1.53,5,5,0,1,0,0,0
22.3,74.88,12,N,GREEN,7.71,6.61,2.85,1.56,5,6,0,1,0,0,0
22.333,82.96,12,N,GREEN,7.46,6.54,2.9,1.82,6,5,0,1,0,0,0
22.367,87.56,11,N,GREEN,6.95,6.39,2.93,1.99,6,4,0,1,0,0,0
22.4,87.65,13,N,GREEN,6.97,6.39,3.31,2.2,6,6,0,1,0,0,0
22.433,84.62,14,N,GREEN,7.33,6.5,3.55,2.34,6,7,0,1,0,0,0
22.467,92.06,13,N,GREEN,7.21,6.46,3.71,2.43,6,6,0,1,0,0,0
22.5,86.19,12,N,GREEN,7.14,6.44,3.46,2.39,6,5,0,1,0,0,0
22.533,103.53,13,N,GREEN,7.09,6.43,3.65,2.46,6,6,0,1,0,0,0
22.567,125.02,13,N,GREEN,7.06,6.42,3.77,2.51,6,6,0,1,0,0,0
22.6,156.31,13,N,GREEN,7.04,6.41,3.85,2.54,6,6,0,1,0,0,0
22.633,208.52,13,N,GREEN,7.02,6.41,3.9,2.56,6,6,0,1,0,0,0
22.667,108.72,12,N,GREEN,7.02,6.4,3.59,2.47,6,5,0,1,0,0,0
22.7,308.48,13,N,GREEN,7.01,6.4,3.73,2.52,6,6,0,1,0,0,0
22.733,218.91,12,N,GREEN,7.01,6.4,3.48,2.44,6,5,0,1,0,0,0
22.767,156.53,11,N,GREEN,6.65,6.3,3.31,2.39,6,4,0,1,0,0,0
22.8,323.05,11,N,GREEN,6.43,6.23,3.2,2.36,6,4,0,1,0,0,0
22.833,131.91,11,N,GREEN,6.28,6.18,3.13,2.34,6,4,0,1,0,0,0
22.867,100.53,11,N,GREEN,6.18,6.15,3.08,2.33,6,4,0,1,0,0,0
22.9,100.24,11,N,GREEN,6.12,6.14,3.06,2.32,6,4,0,1,0,0,0
22.933,80.6,13,N,GREEN,6.43,6.23,3.39,2.42,6,6,0,1,0,0,0
22.967,79.98,13,N,GREEN,6.28,6.18,3.6,2.48,6,6,0,1,0,0,0
23.0,79.75,13,N,GREEN,6.53,6.26,3.39,2.42,6,6,0,1,0,0,0
23.033,80.94,14,N,GREEN,6.69,6.31,3.6,2.48,6,7,0,1,0,0,0
23.067,65.43,14,N,GREEN,6.45,6.24,3.74,2.52,6,7,0,1,0,0,0
23.1,54.94,14,N,GREEN,6.64,6.29,3.83,2.55,6,7,0,1,0,0,0
23.133,51.89,14,N,GREEN,6.77,6.33,3.89,2.57,6,7,0,1,0,0,0
23.167,54.16,14,N,GREEN,6.85,6.35,3.93,2.58,6,7,0,1,0,0,0
23.2,62.11,14,N,GREEN,6.55,6.27,3.95,2.59,6,7,0,1,0,0,0
23.233,115.74,15,N,GREEN,6.71,6.31,3.97,2.59,6,8,0,1,0,0,0
23.267,105.15,15,N,GREEN,6.81,6.34,3.98,2.59,6,8,0,1,0,0,0
23.3,71.29,14,N,GREEN,6.53,6.26,3.99,2.6,6,7,0,1,0,0,0
23.333,81.52,14,N,GREEN,6.34,6.2,3.99,2.6,6,7,0,1,0,0,0
23.367,59.77,15,N,GREEN,6.57,6.27,3.99,2.6,6,8,0,1,0,0,0
23.4,52.15,15,N,GREEN,6.72,6.32,4.0,2.6,6,8,0,1,0,0,0
23.433,70.44,14,N,GREEN,6.47,6.24,4.0,2.6,6,7,0,1,0,0,0
23.467,59.42,13,N,GREEN,6.31,6.19,4.0,2.6,5,7,0,1,0,0,0
23.5,59.78,15,N,GREEN,6.55,6.26,4.0,2.6,6,8,0,1,0,0,0
23.533,49.59,15,N,GREEN,6.71,6.31,4.0,2.6,6,8,0,1,0,0,0
23.567,43.75,14,N,GREEN,6.81,6.34,4.0,2.6,6,7,0,1,0,0,0
23.6,41.5,14,N,GREEN,7.23,6.47,3.65,2.49,6,7,0,1,0,0,0
23.633,73.52,15,N,GREEN,7.5,6.55,3.77,2.53,5,9,0,1,0,0,0
23.667,55.63,15,N,GREEN,7.67,6.6,3.85,2.56,5,9,0,1,0,0,0
23.7,64.63,16,N,GREEN,8.14,6.74,3.9,2.57,5,10,0,1,0,0,0
23.733,62.76,15,N,GREEN,8.09,6.73,3.94,2.58,5,9,0,1,0,0,0
23.767,49.82,14,N,GREEN,8.06,6.72,3.61,2.48,5,8,0,1,0,0,0
23.8,46.07,14,N,GREEN,8.04,6.71,3.75,2.52,5,8,0,1,0,0,0
23.833,42.08,13,N,GREEN,7.67,6.6,3.48,2.45,5,7,0,1,0,0,0
23.867,44.06,13,N,GREEN,7.44,6.53,3.32,2.39,5,7,0,1,0,0,0
23.9,42.64,13,N,GREEN,7.28,6.49,3.2,2.36,5,7,0,1,0,0,0
23.933,49.03,13,N,GREEN,7.19,6.46,3.13,2.34,5,7,0,1,0,0,0
23.967,47.59,13,N,GREEN,7.12,6.44,3.09,2.33,5,7,0,1,0,0,0
24.0,51.71,13,N,GREEN,7.08,6.42,3.06,2.32,5,7,0,1,0,0,0
24.033,48.97,13,N,GREEN,7.05,6.42,3.04,2.31,5,7,0,1,0,0,0
24.067,43.53,13,N,GREEN,7.03,6.41,3.02,2.31,5,7,0,1,0,0,0
24.1,41.08,13,N,GREEN,7.02,6.41,3.02,2.3,5,7,0,1,0,0,0
24.133,41.11,12,N,GREEN,7.01,6.4,3.01,2.3,5,6,0,1,0,0,0
24.167,39.48,11,N,GREEN,7.01,6.4,2.66,2.2,5,5,0,1,0,0,0
24.2,39.57,12,N,GREEN,7.01,6.4,2.78,2.23,5,6,0,1,0,0,0
24.233,38.25,12,N,GREEN,7.0,6.4,2.85,2.26,5,6,0,1,0,0,0
24.267,38.54,12,N,GREEN,6.65,6.3,2.91,2.27,5,6,0,1,0,0,0
24.3,38.15,12,N,GREEN,6.42,6.23,2.94,2.28,5,6,0,1,0,0,0
24.333,35.96,12,N,GREEN,6.28,6.18,2.96,2.29,5,6,0,1,0,0,0
24.367,34.92,12,N,GREEN,6.18,6.15,2.97,2.29,5,6,0,1,0,0,0
24.4,36.92,13,N,GREEN,6.12,6.13,3.33,2.4,5,7,0,1,0,0,0
24.433,35.4,13,N,GREEN,6.08,6.12,3.57,2.47,5,7,0,1,0,0,0
24.467,34.58,13,N,GREEN,6.05,6.11,3.72,2.52,5,7,0,1,0,0,0
24.5,36.18,13,N,GREEN,6.03,6.11,3.82,2.55,5,7,0,1,0,0,0
24.533,34.57,13,N,GREEN,6.02,6.11,3.88,2.56,5,7,0,1,0,0,0
24.567,31.92,12,N,GREEN,6.01,6.1,3.57,2.47,5,6,0,1,0,0,0
24.6,34.96,14,N,GREEN,6.36,6.21,3.72,2.52,5,8,0,1,0,0,0
24.633,36.1,13,N,GREEN,6.58,6.27,3.47,2.44,5,7,0,1,0,0,0
24.667,36.12,13,N,GREEN,6.73,6.32,3.31,2.39,5,7,0,1,0,0,0
24.7,36.54,13,N,GREEN,6.82,6.35,3.2,2.36,5,7,0,1,0,0,0
24.733,38.1,13,N,GREEN,6.89,6.37,3.13,2.34,5,7,0,1,0,0,0
24.767,35.45,13,N,GREEN,6.93,6.38,3.08,2.33,5,7,0,1,0,0,0
24.8,41.72,13,N,GREEN,6.6,6.28,3.05,2.32,5,7,0,1,0,0,0
24.833,87.67,14,N,GREEN,6.39,6.22,3.39,2.42,5,8,0,1,0,0,0
24.867,105.26,14,N,GREEN,6.25,6.18,3.6,2.48,5,8,0,1,0,0,0
24.9,46.39,14,N,GREEN,6.17,6.15,3.74,2.52,5,8,0,1,0,0,0
24.933,44.27,13,N,GREEN,6.11,6.13,3.48,2.44,5,7,0,1,0,0,0
24.967,38.9,14,N,GREEN,6.07,6.12,3.66,2.5,5,8,0,1,0,0,0
25.0,43.46,14,N,GREEN,6.05,6.11,3.78,2.53,5,8,0,1,0,0,0
25.033,38.31,14,N,GREEN,6.38,6.21,3.86,2.56,5,8,0,1,0,0,0
25.067,38.88,14,N,GREEN,6.6,6.28,3.91,2.57,5,8,0,1,0,0,0
25.1,37.43,13,N,GREEN,6.04,6.11,3.94,2.58,5,7,0,1,0,0,0
25.133,36.12,13,N,GREEN,5.67,6.0,3.96,2.59,5,7,0,1,0,0,0
25.167,36.0,13,N,GREEN,5.44,5.93,3.97,2.59,5,7,0,1,0,0,0
25.2,37.71,12,N,GREEN,5.29,5.89,3.63,2.49,5,6,0,1,0,0,0
25.233,43.4,14,N,GREEN,5.19,5.86,4.11,2.88,6,7,0,1,0,0,0
25.267,44.0,14,N,GREEN,5.12,5.84,4.42,3.13,6,7,0,1,0,0,0
25.3,42.57,14,N,GREEN,5.08,5.82,4.62,3.3,6,7,0,1,0,0,0
25.333,41.0,12,N,GREEN,5.05,5.82,4.06,2.95,5,6,0,1,0,0,0
25.367,39.22,11,N,GREEN,4.68,5.46,4.04,3.07,5,5,0,1,0,0,0
25.4,39.93,12,N,GREEN,4.44,5.23,4.37,3.26,5,6,0,1,0,0,0
25.433,37.1,11,N,GREEN,4.29,5.08,4.24,3.27,5,5,0,1,0,0,0
25.467,36.21,11,N,GREEN,4.19,4.98,4.16,3.28,5,5,0,1,0,0,0
25.5,34.74,11,N,GREEN,4.12,4.92,4.1,3.29,5,5,0,1,0,0,0
25.533,36.36,11,N,GREEN,4.43,4.98,3.72,3.19,5,5,0,1,0,0,0
25.567,34.27,12,N,GREEN,4.63,5.02,3.82,3.23,5,6,0,1,0,0,0
25.6,34.07,12,N,GREEN,4.76,5.05,3.88,3.25,5,6,0,1,0,0,0
25.633,33.53,12,N,GREEN,4.84,5.07,3.92,3.27,5,6,0,1,0,0,0
25.667,33.14,12,N,GREEN,4.9,5.08,3.95,3.28,5,6,0,1,0,0,0
25.7,34.8,12,N,GREEN,4.93,5.09,3.97,3.29,5,6,0,1,0,0,0
25.733,35.18,13,N,GREEN,5.31,5.2,3.98,3.29,5,7,0,1,0,0,0
25.767,39.18,15,N,GREEN,6.25,5.72,3.99,3.29,6,8,0,1,0,0,0
25.8,33.63,13,N,GREEN,6.51,5.96,3.64,2.95,5,7,0,1,0,0,0
25.833,37.06,14,N,GREEN,6.33,5.76,4.12,3.18,5,8,0,1,0,0,0
25.867,33.9,14,N,GREEN,6.22,5.88,4.08,3.22,6,7,0,1,0,0,0
25.9,34.14,13,N,GREEN,6.14,5.71,3.7,2.9,4,8,0,1,0,0,0
25.933,32.88,12,N,GREEN,6.09,5.6,3.45,2.93,5,6,0,1,0,0,0
25.967,35.47,12,N,GREEN,6.06,5.53,2.95,2.61,4,7,0,1,0,0,0
26.0,36.81,14,N,GREEN,6.74,5.94,2.61,2.39,5,8,0,1,0,0,0
26.033,36.57,13,N,GREEN,6.83,6.1,2.4,2.26,5,7,0,1,0,0,0
26.067,37.32,13,N,GREEN,6.54,6.1,2.61,2.52,6,6,0,1,0,0,0
26.1,36.1,15,N,GREEN,6.7,5.96,3.1,2.79,5,9,0,1,0,0,0
26.133,36.72,15,N,GREEN,6.81,6.11,3.41,2.97,6,8,0,1,0,0,0
26.167,39.26,13,N,GREEN,6.52,5.86,3.27,2.98,5,7,0,1,0,0,0
26.2,38.53,16,N,GREEN,6.69,5.81,3.52,3.09,5,10,0,1,0,0,0
26.233,37.6,17,N,GREEN,6.8,6.01,3.69,3.16,7,9,0,1,0,0,0
26.267,44.34,16,N,GREEN,6.87,6.15,3.45,3.11,7,8,0,1,0,0,0
26.3,43.26,17,N,GREEN,6.91,6.24,3.64,3.17,7,9,0,1,0,0,0
26.333,59.85,17,N,GREEN,6.94,6.29,3.77,3.22,7,9,0,1,0,0,0
26.367,48.15,17,N,GREEN,6.96,6.33,3.85,3.25,7,9,0,1,0,0,0
26.4,44.68,16,N,GREEN,6.98,6.36,3.55,3.16,7,8,0,1,0,0,0
26.433,40.54,15,N,GREEN,6.63,6.27,3.36,3.1,7,7,0,1,0,0,0
26.467,37.96,15,N,GREEN,6.41,6.21,3.23,3.07,7,7,0,1,0,0,0
26.5,36.02,15,N,GREEN,6.27,6.17,3.15,3.04,7,7,0,1,0,0,0
26.533,41.37,15,N,GREEN,6.17,6.15,3.1,3.03,7,7,0,1,0,0,0
26.567,42.19,16,N,GREEN,6.11,6.13,3.06,2.77,6,9,0,1,0,0,0
26.6,44.86,16,N,GREEN,6.07,6.12,3.04,2.61,6,9,0,1,0,0,0
26.633,40.59,15,N,GREEN,5.7,5.76,3.03,2.5,5,9,0,1,0,0,0
26.667,36.45,14,N,GREEN,5.45,5.53,2.67,2.33,5,8,0,1,0,0,0
26.7,36.62,16,N,GREEN,5.64,5.48,2.78,2.32,5,10,0,1,0,0,0
26.733,36.74,15,N,GREEN,5.77,5.46,2.51,2.21,5,9,0,1,0,0,0
26.767,37.32,15,N,GREEN,5.5,5.33,2.68,2.24,5,9,0,1,0,0,0
26.8,37.81,15,N,GREEN,5.32,5.25,2.79,2.26,5,9,0,1,0,0,0
26.833,59.97,15,N,GREEN,5.21,5.2,2.87,2.27,5,9,0,1,0,0,0
26.867,46.67,15,N,GREEN,5.14,5.16,2.91,2.28,5,9,0,1,0,0,0
26.9,42.2,15,N,GREEN,5.09,5.14,2.94,2.29,5,9,0,1,0,0,0
26.933,42.62,15,N,GREEN,5.06,5.13,2.96,2.29,5,9,0,1,0,0,0
26.967,40.52,15,N,GREEN,5.04,5.12,2.98,2.3,5,9,0,1,0,0,0
27.0,58.06,15,N,GREEN,5.02,5.11,2.98,2.3,5,9,0,1,0,0,0
27.033,46.95,16,N,GREEN,5.02,5.11,3.34,2.4,5,10,0,1,0,0,0
27.067,60.24,16,N,GREEN,5.01,5.1,3.57,2.47,5,10,0,1,0,0,0
27.1,56.77,15,N,GREEN,5.01,5.1,3.37,2.41,5,9,0,1,0,0,0
27.133,52.01,15,N,GREEN,5.0,5.1,3.24,2.37,5,9,0,1,0,0,0
27.167,48.29,15,N,GREEN,5.0,5.1,3.16,2.35,5,9,0,1,0,0,0
27.2,58.75,15,N,GREEN,5.0,5.1,3.1,2.33,5,9,0,1,0,0,0
27.233,45.26,15,N,GREEN,5.0,5.1,3.07,2.32,5,9,0,1,0,0,0
27.267,46.24,15,N,GREEN,5.0,5.1,3.04,2.31,5,9,0,1,0,0,0
27.3,43.2,15,N,GREEN,5.0,5.1,3.03,2.31,5,9,0,1,0,0,0
27.333,51.1,15,N,GREEN,5.0,5.1,3.02,2.31,5,9,0,1,0,0,0
27.367,50.74,15,N,GREEN,5.0,5.1,3.01,2.3,5,9,0,1,0,0,0
27.4,47.96,15,N,GREEN,5.0,5.1,3.01,2.3,5,9,0,1,0,0,0
27.433,40.18,15,N,GREEN,5.0,5.1,3.0,2.3,4,10,0,1,0,0,0
27.467,39.46,15,N,GREEN,5.0,5.1,3.0,2.3,4,10,0,1,0,0,0
27.5,48.26,15,N,GREEN,5.0,5.1,3.0,2.3,4,10,0,1,0,0,0
27.533,58.69,16,N,GREEN,5.35,5.21,3.0,2.3,4,11,0,1,0,0,0
27.567,46.81,16,N,GREEN,5.93,5.38,3.0,2.3,4,11,0,1,0,0,0
27.6,57.55,16,N,GREEN,6.3,5.49,3.0,2.3,4,11,0,1,0,0,0
27.633,59.89,16,N,GREEN,6.55,5.56,3.0,2.3,4,11,0,1,0,0,0
27.667,64.65,17,N,GREEN,6.71,5.61,3.35,2.41,4,12,0,1,0,0,0
27.7,62.39,16,N,GREEN,6.81,5.64,3.23,2.37,4,11,0,1,0,0,0
27.733,44.74,16,N,GREEN,6.88,5.66,3.15,2.34,4,11,0,1,0,0,0
27.767,45.12,17,N,GREEN,6.57,5.57,3.1,2.33,5,11,0,1,0,0,0
27.8,56.04,17,N,GREEN,6.72,5.62,3.06,2.32,5,11,0,1,0,0,0
27.833,63.23,17,N,GREEN,6.82,5.65,3.04,2.31,5,11,0,1,0,0,0
27.867,50.61,16,N,GREEN,6.88,5.66,3.03,2.31,5,10,0,1,0,0,0
27.9,54.64,18,N,GREEN,6.92,5.68,3.02,2.31,5,12,0,1,0,0,0
27.933,52.71,18,N,GREEN,6.95,5.69,3.01,2.3,5,12,0,1,0,0,0
27.967,52.36,17,N,GREEN,6.97,5.69,2.66,2.2,5,11,0,1,0,0,0
28.0,49.44,17,N,GREEN,6.98,5.69,2.43,2.13,5,11,0,1,0,0,0
28.033,46.63,16,N,GREEN,6.99,5.7,2.28,2.08,5,10,0,1,0,0,0
28.067,58.49,17,N,GREEN,6.99,5.7,2.18,2.05,5,11,0,1,0,0,0
28.1,52.85,15,N,GREEN,6.64,5.59,2.12,2.04,5,9,0,1,0,0,0
28.133,55.71,15,N,GREEN,6.42,5.53,2.43,2.13,5,9,0,1,0,0,0
28.167,79.59,14,N,GREEN,6.27,5.48,2.28,2.08,5,8,0,1,0,0,0
28.2,59.0,16,N,GREEN,6.53,5.56,2.18,2.05,6,9,0,1,0,0,0
28.233,43.54,16,N,GREEN,6.69,5.61,2.12,2.04,6,9,0,1,0,0,0
28.267,38.56,15,N,GREEN,6.8,5.64,2.08,2.02,5,9,0,1,0,0,0
28.3,38.73,16,N,GREEN,6.52,5.56,2.0,2.0,5,10,0,1,0,0,0
28.333,36.36,14,N,GREEN,6.34,5.5,2.0,2.0,5,8,0,1,0,0,0
28.367,36.66,14,N,GREEN,6.22,5.47,2.0,2.0,5,8,0,1,0,0,0
28.4,42.44,14,N,GREEN,6.14,5.44,2.0,2.0,5,8,0,1,0,0,0
28.433,40.97,14,N,GREEN,6.09,5.43,2.0,2.0,5,8,0,1,0,0,0
28.467,39.23,13,N,GREEN,5.71,5.31,2.0,2.0,5,7,0,1,0,0,0
28.5,41.05,13,N,GREEN,5.46,5.24,2.0,2.0,5,7,0,1,0,0,0
28.533,40.65,13,N,GREEN,5.3,5.19,2.0,2.0,5,7,0,1,0,0,0
28.567,47.51,12,N,GREEN,5.2,5.16,2.0,2.0,5,6,0,1,0,0,0
28.6,53.71,12,N,GREEN,4.78,5.03,2.0,2.0,5,6,0,1,0,0,0
28.633,52.17,12,N,GREEN,4.5,4.95,2.0,2.0,5,6,0,1,0,0,0
28.667,57.67,12,N,GREEN,4.33,4.9,2.0,2.0,5,6,0,1,0,0,0
28.7,61.32,12,N,GREEN,4.21,4.86,2.0,2.0,5,6,0,1,0,0,0
28.733,49.84,12,N,GREEN,4.14,4.84,2.0,2.0,5,6,0,1,0,0,0
28.767,58.39,13,N,GREEN,4.44,4.93,2.0,2.0,5,7,0,1,0,0,0
28.8,73.85,13,N,GREEN,4.64,4.99,2.0,2.0,5,7,0,1,0,0,0
28.833,66.8,13,N,GREEN,4.76,5.03,2.0,2.0,5,7,0,1,0,0,0
28.867,91.66,13,N,GREEN,4.85,5.05,2.0,2.0,5,7,0,1,0,0,0
28.9,112.33,12,N,GREEN,4.55,4.97,2.0,2.0,5,6,0,1,0,0,0
28.933,57.2,12,N,GREEN,4.36,4.91,2.0,2.0,5,6,0,1,0,0,0
28.967,64.13,12,N,GREEN,4.23,4.87,2.0,2.0,5,6,0,1,0,0,0
29.0,49.15,13,N,GREEN,4.5,4.95,2.0,2.0,5,7,0,1,0,0,0
29.033,57.56,13,N,GREEN,4.68,5.0,2.0,2.0,5,7,0,1,0,0,0
29.067,46.15,12,N,GREEN,4.44,4.93,2.0,2.0,5,6,0,1,0,0,0
29.1,49.02,12,N,GREEN,4.29,4.89,2.0,2.0,5,6,0,1,0,0,0
29.133,40.88,12,N,GREEN,4.19,4.86,2.0,2.0,5,6,0,1,0,0,0
29.167,41.91,12,N,GREEN,4.12,4.84,2.0,2.0,5,6,0,1,0,0,0
29.2,57.89,12,N,GREEN,4.08,4.82,2.0,2.0,5,6,0,1,0,0,0
29.233,39.56,12,N,GREEN,4.05,4.82,2.0,2.0,5,6,0,1,0,0,0
29.267,40.53,12,N,GREEN,4.03,4.81,2.0,2.0,5,6,0,1,0,0,0
29.3,40.83,14,N,GREEN,4.72,5.02,2.0,2.0,5,8,0,1,0,0,0
29.333,44.72,14,N,GREEN,5.17,5.15,2.0,2.0,5,8,0,1,0,0,0
29.367,55.87,13,N,GREEN,5.11,5.13,2.0,2.0,5,7,0,1,0,0,0
29.4,46.6,13,N,GREEN,5.07,5.12,2.0,2.0,5,7,0,1,0,0,0
29.433,50.11,13,N,GREEN,4.7,5.01,2.35,2.11,5,7,0,1,0,0,0
29.467,46.34,13,N,GREEN,4.45,4.94,2.58,2.17,5,7,0,1,0,0,0
29.5,43.7,13,N,GREEN,4.29,4.89,2.73,2.22,5,7,0,1,0,0,0
29.533,42.75,13,N,GREEN,4.19,4.86,2.82,2.25,5,7,0,1,0,0,0
29.567,52.43,13,N,GREEN,4.12,4.84,2.88,2.27,5,7,0,1,0,0,0
29.6,55.15,13,N,GREEN,4.08,4.82,2.92,2.28,5,7,0,1,0,0,0
29.633,46.11,14,N,GREEN,4.05,4.82,2.95,2.29,5,8,0,1,0,0,0
29.667,42.9,14,N,GREEN,4.03,4.81,2.97,2.29,5,8,0,1,0,0,0
29.7,41.86,13,N,GREEN,4.02,4.81,2.98,2.29,5,7,0,1,0,0,0
29.733,40.11,14,N,GREEN,4.36,4.91,2.99,2.3,5,8,0,1,0,0,0
29.767,37.98,14,N,GREEN,4.59,4.98,2.99,2.3,5,8,0,1,0,0,0
29.8,37.15,13,N,GREEN,4.38,4.91,2.99,2.3,5,7,0,1,0,0,0
29.833,100.66,13,N,GREEN,4.25,4.87,3.0,2.3,5,7,0,1,0,0,0
29.867,50.83,14,N,GREEN,4.16,4.85,3.0,2.3,5,8,0,1,0,0,0
29.9,43.39,15,N,GREEN,4.45,4.94,3.0,2.3,5,9,0,1,0,0,0
29.933,49.33,16,N,GREEN,5.0,5.1,3.0,2.3,5,10,0,1,0,0,0
29.967,48.12,17,N,GREEN,5.35,5.2,3.0,2.3,5,11,0,1,0,0,0
30.0,38.46,15,N,GREEN,5.23,5.17,3.0,2.3,5,9,0,1,0,0,0
30.033,60.7,16,N,GREEN,5.5,5.25,3.0,2.3,5,10,0,1,0,0,0
30.067,39.97,15,N,GREEN,5.32,5.2,3.0,2.3,5,9,0,1,0,0,0
30.1,52.38,16,N,GREEN,5.56,5.27,3.0,2.3,5,10,0,1,0,0,0
30.133,51.68,16,N,GREEN,6.06,5.42,3.0,2.3,5,10,0,1,0,0,0
30.167,40.37,15,N,GREEN,6.39,5.52,3.0,2.3,5,9,0,1,0,0,0
30.2,42.29,15,N,GREEN,6.6,5.58,3.0,2.3,5,9,0,1,0,0,0
30.233,42.74,15,N,GREEN,6.74,5.62,3.0,2.3,5,9,0,1,0,0,0
30.267,40.34,14,N,GREEN,6.48,5.54,3.0,2.3,5,8,0,1,0,0,0
30.3,39.81,14,N,GREEN,6.31,5.49,3.0,2.3,5,8,0,1,0,0,0
30.333,112.44,13,N,GREEN,5.85,5.36,3.0,2.3,6,6,0,1,0,0,0
30.367,91.42,14,N,GREEN,5.91,5.37,3.0,2.3,5,8,0,1,0,0,0
30.4,87.98,13,N,GREEN,5.94,5.38,3.0,2.3,5,7,0,1,0,0,0
30.433,72.5,13,N,GREEN,5.96,5.39,3.0,2.3,5,7,0,1,0,0,0
30.467,87.27,13,N,GREEN,6.32,5.5,3.0,2.3,4,8,0,1,0,0,0
30.5,57.2,13,N,GREEN,6.21,5.46,3.0,2.3,5,7,0,1,0,0,0
30.533,72.2,13,N,GREEN,6.14,5.44,3.0,2.3,5,7,0,1,0,0,0
30.567,48.53,13,N,GREEN,6.09,5.43,3.0,2.3,5,7,0,1,0,0,0
30.6,45.15,12,N,GREEN,6.06,5.42,3.0,2.3,4,7,0,1,0,0,0
30.633,41.93,12,N,GREEN,6.04,5.41,2.65,2.19,5,6,0,1,0,0,0
30.667,67.68,13,N,GREEN,6.02,5.41,2.77,2.23,5,7,0,1,0,0,0
30.7,48.75,11,N,GREEN,5.67,5.3,2.85,2.26,5,5,0,1,0,0,0
30.733,40.2,11,N,GREEN,5.43,5.23,2.9,2.27,5,5,0,1,0,0,0
30.767,49.58,11,N,GREEN,5.28,5.18,2.59,2.18,5,5,0,1,0,0,0
30.8,40.75,11,N,GREEN,5.18,5.15,2.38,2.11,5,5,0,1,0,0,0
30.833,41.23,11,N,GREEN,5.12,5.14,2.25,2.07,5,5,0,1,0,0,0
30.867,39.77,12,N,GREEN,5.08,5.12,2.51,2.15,5,6,0,1,0,0,0
30.9,39.88,12,N,GREEN,5.05,5.12,2.68,2.2,5,6,0,1,0,0,0
30.933,39.13,12,N,GREEN,5.03,5.11,2.79,2.24,5,6,0,1,0,0,0
30.967,43.01,12,N,GREEN,5.02,5.11,2.87,2.26,5,6,0,1,0,0,0
31.0,44.84,13,N,GREEN,5.36,5.21,2.91,2.27,5,7,0,1,0,0,0
31.033,42.59,13,N,GREEN,5.59,5.28,2.94,2.28,5,7,0,1,0,0,0
31.067,42.13,13,N,GREEN,5.73,5.32,2.96,2.29,5,7,0,1,0,0,0
31.1,40.39,13,N,GREEN,5.83,5.35,2.98,2.29,5,7,0,1,0,0,0
31.133,37.88,13,N,GREEN,5.89,5.37,2.98,2.3,5,7,0,1,0,0,0
31.167,37.8,13,N,GREEN,5.93,5.38,2.99,2.3,5,7,0,1,0,0,0
31.2,35.99,12,N,GREEN,5.95,5.39,2.99,2.3,4,7,0,1,0,0,0
31.233,36.56,12,N,GREEN,5.97,5.39,3.35,2.4,4,7,0,1,0,0,0
31.267,38.77,14,N,GREEN,5.98,5.39,3.57,2.47,5,8,0,1,0,0,0
31.3,38.1,14,N,GREEN,5.99,5.4,3.72,2.52,5,8,0,1,0,0,0
31.333,35.34,13,N,GREEN,5.99,5.4,3.82,2.55,5,7,0,1,0,0,0
31.367,42.29,13,N,GREEN,6.34,5.5,3.88,2.56,5,7,0,1,0,0,0
31.4,44.92,12,N,GREEN,5.87,5.36,4.27,2.68,5,6,0,1,0,0,0
31.433,62.74,13,N,GREEN,5.92,5.38,4.53,2.76,5,7,0,1,0,0,0
31.467,46.42,13,N,GREEN,5.95,5.38,4.69,2.81,5,7,0,1,0,0,0
31.5,45.01,12,N,GREEN,5.97,5.39,4.45,2.74,5,6,0,1,0,0,0
31.533,43.62,12,N,GREEN,5.63,5.29,4.64,2.79,5,6,0,1,0,0,0
31.567,41.43,12,N,GREEN,5.06,5.12,4.77,2.83,6,5,0,1,0,0,0
31.6,43.2,13,N,GREEN,4.69,5.01,4.85,2.85,6,6,0,1,0,0,0
31.633,41.49,13,N,GREEN,4.45,4.93,4.9,2.87,6,6,0,1,0,0,0
31.667,38.77,12,N,GREEN,4.29,4.89,4.59,2.78,6,5,0,1,0,0,0
31.7,38.11,13,N,GREEN,4.54,5.21,4.73,2.82,6,6,0,1,0,0,0
31.733,43.19,13,N,GREEN,5.05,5.52,4.48,2.74,6,6,0,1,0,0,0
31.767,45.54,14,N,GREEN,5.38,5.72,4.66,2.8,6,7,0,1,0,0,0
31.8,45.06,14,N,GREEN,5.6,5.85,4.78,2.83,6,7,0,1,0,0,0
31.833,39.98,14,N,GREEN,5.74,5.94,4.86,2.86,6,7,0,1,0,0,0
31.867,38.15,13,N,GREEN,5.83,6.0,4.56,2.77,6,6,0,1,0,0,0
31.9,37.09,13,N,GREEN,5.89,6.03,4.36,2.71,6,6,0,1,0,0,0
31.933,37.55,12,N,GREEN,5.93,6.06,4.24,2.67,5,6,0,1,0,0,0
31.967,37.25,12,N,GREEN,5.95,6.07,4.15,2.65,5,6,0,1,0,0,0
32.0,37.82,12,N,GREEN,5.97,6.08,4.1,2.63,5,6,0,1,0,0,0
32.033,39.2,13,N,GREEN,5.98,6.09,4.41,2.72,5,7,0,1,0,0,0
32.067,37.59,13,N,GREEN,6.34,6.2,4.62,2.79,5,7,0,1,0,0,0
32.1,38.33,11,N,GREEN,6.22,6.16,4.4,2.72,5,5,0,1,0,0,0
32.133,34.54,11,N,GREEN,6.14,6.14,4.26,2.68,5,5,0,1,0,0,0
32.167,34.75,11,N,GREEN,6.09,6.13,4.17,2.65,5,5,0,1,0,0,0
32.2,37.08,13,N,GREEN,6.41,6.22,4.11,2.63,5,7,0,1,0,0,0
32.233,34.31,13,N,GREEN,6.62,6.28,4.07,2.62,5,7,0,1,0,0,0
32.267,36.68,13,N,GREEN,6.4,6.22,4.05,2.61,6,6,0,1,0,0,0
32.3,35.57,13,N,GREEN,6.26,6.18,4.03,2.61,6,6,0,1,0,0,0
32.333,34.59,13,N,GREEN,6.17,6.15,4.02,2.61,6,6,0,1,0,0,0
32.367,36.16,15,N,GREEN,6.81,6.34,4.01,2.6,6,8,0,1,0,0,0
32.4,35.01,15,N,GREEN,6.88,6.36,4.36,2.71,6,8,0,1,0,0,0
32.433,33.53,13,N,GREEN,6.92,6.38,3.88,2.56,6,6,0,1,0,0,0
32.467,32.95,12,N,GREEN,6.6,6.28,3.57,2.47,6,5,0,1,0,0,0
32.5,32.72,12,N,GREEN,6.74,6.32,3.37,2.41,5,6,0,1,0,0,0
32.533,33.98,12,N,GREEN,6.83,6.35,3.24,2.37,5,6,0,1,0,0,0
32.567,38.78,14,N,GREEN,6.54,6.26,3.86,2.56,6,7,0,1,0,0,0
32.6,38.02,12,N,GREEN,6.7,6.31,3.56,2.47,5,6,0,1,0,0,0
32.633,38.03,12,N,GREEN,6.46,6.24,3.36,2.41,7,4,0,1,0,0,0
32.667,37.74,13,N,GREEN,6.65,6.29,3.24,2.37,6,6,0,1,0,0,0
32.7,38.58,11,N,GREEN,6.42,6.23,3.15,2.35,6,4,0,1,0,0,0
32.733,37.19,12,N,GREEN,6.27,6.18,3.45,2.43,6,5,0,1,0,0,0
32.767,40.81,12,N,GREEN,6.18,6.15,3.64,2.49,6,5,0,1,0,0,0
32.8,43.99,11,N,GREEN,6.47,6.24,3.07,2.32,6,4,0,1,0,0,0
32.833,44.28,11,N,GREEN,6.3,6.19,3.04,2.31,6,4,0,1,0,0,0
32.867,44.87,10,N,GREEN,6.2,6.16,2.68,2.2,6,3,0,1,0,0,0
32.9,45.14,12,N,GREEN,6.13,6.14,3.14,2.34,6,5,0,1,0,0,0
32.933,42.85,12,N,GREEN,6.08,6.12,3.44,2.43,6,5,0,1,0,0,0
32.967,40.13,9,N,GREEN,5.7,6.01,2.94,2.28,6,2,0,1,0,0,0
33.0,39.89,11,N,GREEN,5.46,5.94,3.31,2.39,6,4,0,1,0,0,0
33.033,47.98,11,N,GREEN,5.3,5.89,3.55,2.47,6,4,0,1,0,0,0
33.067,59.04,11,N,GREEN,5.19,5.86,3.71,2.51,6,4,0,1,0,0,0
33.1,45.43,10,N,GREEN,5.13,5.84,3.46,2.44,6,3,0,1,0,0,0
33.133,38.98,10,N,GREEN,5.08,5.82,3.3,2.39,6,3,0,1,0,0,0
33.167,41.25,11,N,GREEN,5.05,5.82,3.54,2.46,6,4,0,1,0,0,0
33.2,41.22,11,N,GREEN,5.03,5.81,3.7,2.51,6,4,0,1,0,0,0
33.233,43.63,12,N,GREEN,5.37,5.91,3.81,2.54,6,5,0,1,0,0,0
33.267,46.52,11,N,GREEN,5.59,5.98,3.52,2.46,6,4,0,1,0,0,0
33.3,43.65,11,N,GREEN,5.73,6.02,3.34,2.4,6,4,0,1,0,0,0
33.333,47.96,11,N,GREEN,5.83,5.8,3.22,2.37,5,5,0,1,0,0,0
33.367,42.03,9,N,GREEN,5.19,5.45,3.14,2.34,5,3,0,1,0,0,0
33.4,51.45,9,N,GREEN,4.77,5.22,3.09,2.33,5,3,0,1,0,0,0
33.433,44.97,10,N,GREEN,4.85,5.95,3.06,2.32,5,3,0,2,0,0,0
33.467,46.61,9,N,GREEN,4.55,5.55,3.04,2.31,5,3,0,1,0,0,0
33.5,37.49,8,N,GREEN,4.36,5.29,2.68,2.2,5,2,0,1,0,0,0
33.533,38.89,10,N,GREEN,4.58,5.47,2.79,2.24,6,3,0,1,0,0,0
33.567,42.91,11,N,GREEN,5.08,5.69,2.86,2.26,6,4,0,1,0,0,0
33.6,53.55,11,N,GREEN,5.4,5.83,2.91,2.27,6,4,0,1,0,0,0
33.633,49.69,11,N,GREEN,5.26,5.82,3.29,2.39,6,4,0,1,0,0,0
33.667,46.55,11,N,GREEN,5.52,5.92,3.19,2.36,6,4,0,1,0,0,0
33.7,41.23,12,N,GREEN,6.04,6.09,3.12,2.34,6,5,0,1,0,0,0
33.733,38.63,12,N,GREEN,5.67,5.99,3.43,2.43,6,5,0,1,0,0,0
33.767,36.21,11,N,GREEN,5.44,5.68,3.28,2.38,5,5,0,1,0,0,0
33.8,36.7,11,N,GREEN,5.29,5.47,3.53,2.46,5,5,0,1,0,0,0
33.833,37.0,12,N,GREEN,5.54,5.45,3.35,2.4,5,6,0,1,0,0,0
33.867,41.83,13,N,GREEN,6.05,5.78,3.22,2.37,6,6,0,1,0,0,0
33.9,40.37,12,N,GREEN,6.03,5.89,3.15,2.34,6,5,0,1,0,0,0
33.933,43.21,12,N,GREEN,6.02,5.97,2.74,2.22,7,4,0,1,0,0,0
33.967,46.44,12,N,GREEN,6.01,6.01,2.83,2.25,6,5,0,1,0,0,0
34.0,42.06,11,N,GREEN,5.66,5.94,2.89,2.27,6,4,0,1,0,0,0
34.033,41.01,11,N,GREEN,5.78,5.99,2.58,2.17,6,4,0,1,0,0,0
34.067,41.3,12,N,GREEN,5.86,6.03,2.73,2.22,6,5,0,1,0,0,0
34.1,38.83,12,N,YELLOW,5.91,6.06,2.82,2.25,6,5,0,1,0,0,0
34.133,35.83,12,N,YELLOW,5.94,6.07,2.88,2.27,6,5,0,1,0,0,0
34.167,36.75,12,N,YELLOW,5.96,6.08,2.93,2.28,6,5,0,1,0,0,0
34.2,36.95,12,N,YELLOW,5.97,6.09,2.95,2.29,6,5,0,1,0,0,0
34.233,56.99,13,N,YELLOW,6.33,6.2,2.97,2.29,6,6,0,1,0,0,0
34.267,68.23,12,N,YELLOW,6.22,6.16,2.98,2.29,6,5,0,1,0,0,0
34.3,44.63,12,N,YELLOW,6.14,6.14,2.99,2.3,6,5,0,1,0,0,0
34.333,50.89,13,N,YELLOW,6.44,6.23,2.99,2.3,6,6,0,1,0,0,0
34.367,38.88,12,N,YELLOW,6.29,6.19,2.99,2.3,6,5,0,1,0,0,0
34.4,38.72,12,N,YELLOW,6.19,6.16,3.0,2.3,6,5,0,1,0,0,0
34.433,40.12,13,N,YELLOW,6.47,6.24,3.0,2.3,6,6,0,1,0,0,0
34.467,43.75,13,N,YELLOW,6.66,6.3,3.0,2.3,6,6,0,1,0,0,0
34.5,41.64,12,N,YELLOW,6.43,6.23,3.0,2.3,6,5,0,1,0,0,0
34.533,39.21,11,N,YELLOW,6.28,6.18,2.65,2.19,6,4,0,1,0,0,0
34.567,43.18,13,N,YELLOW,6.88,6.36,2.42,2.13,6,6,0,1,0,0,0
34.6,53.0,11,N,YELLOW,6.22,6.17,2.62,2.19,6,4,0,1,0,0,0
34.633,66.29,11,N,YELLOW,6.14,6.14,2.41,2.12,6,4,0,1,0,0,0
34.667,45.38,13,N,YELLOW,6.44,6.23,2.61,2.18,6,6,0,1,0,0,0
34.7,40.38,13,N,YELLOW,6.64,6.29,2.75,2.22,6,6,0,1,0,0,0
34.733,36.88,13,N,YELLOW,6.77,6.33,2.84,2.25,6,6,0,1,0,0,0
34.767,36.6,11,N,YELLOW,6.85,6.35,2.54,2.16,5,5,0,1,0,0,0
34.8,39.36,12,N,YELLOW,6.9,6.37,2.7,2.21,5,6,0,1,0,0,0
34.833,41.71,13,N,YELLOW,6.94,6.14,3.16,2.59,5,7,0,1,0,0,0
34.867,36.88,11,N,YELLOW,6.61,5.88,3.1,2.73,5,5,0,1,0,0,0
34.9,38.69,13,N,YELLOW,6.4,5.71,3.42,2.93,6,6,0,1,0,0,0
34.933,39.07,13,N,YELLOW,6.26,5.6,3.62,3.06,6,6,0,1,0,0,0
34.967,40.74,13,N,YELLOW,6.52,6.16,3.4,2.79,4,7,0,2,0,0,0
35.0,42.15,12,N,YELLOW,6.34,6.42,3.61,2.97,5,5,0,2,0,0,0
35.033,43.65,13,N,YELLOW,6.57,6.17,3.75,3.09,6,6,0,1,0,0,0
35.067,40.41,13,N,YELLOW,6.72,6.0,3.84,3.16,6,6,0,1,0,0,0
35.1,39.49,12,N,YELLOW,6.82,5.9,3.89,3.21,5,6,0,1,0,0,0
35.133,40.47,13,N,YELLOW,6.53,5.72,3.93,3.24,6,6,0,1,0,0,0
35.167,42.22,13,N,YELLOW,6.35,5.61,3.96,3.26,6,6,0,1,0,0,0
35.2,41.19,12,N,YELLOW,6.22,5.54,3.97,3.28,5,6,0,1,0,0,0
35.233,109.44,13,N,YELLOW,6.15,5.49,3.98,3.28,6,6,0,1,0,0,0
35.267,203.5,12,N,YELLOW,5.74,5.88,4.34,3.39,4,6,0,2,0,0,0
35.3,72.16,13,N,YELLOW,5.83,5.71,4.57,3.47,5,7,0,1,0,0,0
35.333,64.06,12,N,YELLOW,5.54,5.5,4.37,3.41,6,5,0,1,0,0,0
35.367,57.23,12,N,YELLOW,5.7,5.46,3.89,3.27,6,5,0,1,0,0,0
35.4,44.53,11,N,YELLOW,5.46,5.34,3.58,3.17,6,4,0,1,0,0,0
35.433,42.07,12,N,YELLOW,5.65,5.36,3.38,3.11,6,5,0,1,0,0,0
35.467,37.19,12,N,YELLOW,5.42,5.27,3.59,3.18,6,5,0,1,0,0,0
35.5,37.99,12,N,YELLOW,5.27,5.21,3.74,3.22,6,5,0,1,0,0,0
35.533,36.83,11,N,YELLOW,5.18,5.17,3.48,3.14,6,4,0,1,0,0,0
35.567,36.27,12,N,YELLOW,5.12,5.15,3.66,3.2,6,5,0,1,0,0,0
35.6,37.57,12,N,YELLOW,5.08,5.13,3.78,3.23,6,5,0,1,0,0,0
35.633,38.44,13,N,YELLOW,5.05,5.12,3.86,3.26,6,6,0,1,0,0,0
35.667,45.86,13,N,YELLOW,5.38,5.22,3.91,3.27,6,6,0,1,0,0,0
35.7,47.59,13,N,YELLOW,5.25,5.18,3.94,3.28,6,6,0,1,0,0,0
35.733,41.5,12,N,YELLOW,5.51,5.25,3.61,3.18,6,5,0,1,0,0,0
35.767,41.26,11,N,YELLOW,5.33,5.2,3.4,3.12,6,4,0,1,0,0,0
35.8,46.09,12,N,YELLOW,5.22,5.17,3.61,3.18,6,5,0,1,0,0,0
35.833,59.45,11,N,YELLOW,5.14,5.14,3.4,3.12,6,4,0,1,0,0,0
35.867,66.07,13,N,YELLOW,5.44,5.23,3.61,3.18,6,6,0,1,0,0,0
35.9,50.98,14,N,YELLOW,5.64,5.29,4.09,3.33,6,7,0,1,0,0,0
35.933,58.66,14,N,YELLOW,5.76,5.33,4.41,3.42,6,7,0,1,0,0,0
35.967,40.05,14,N,YELLOW,5.85,5.88,4.62,3.49,5,7,0,2,0,0,0
36.0,42.94,14,N,YELLOW,5.9,5.71,4.75,3.53,6,7,0,1,0,0,0
36.033,44.08,12,N,YELLOW,5.59,5.5,4.49,3.45,6,5,0,1,0,0,0
36.067,42.74,12,N,YELLOW,5.38,5.36,4.32,3.4,6,5,0,1,0,0,0
36.1,39.66,11,N,YELLOW,4.9,5.16,4.21,3.36,6,4,0,1,0,0,0
36.133,39.8,10,N,YELLOW,4.58,5.04,4.13,3.34,6,3,0,1,0,0,0
36.167,41.95,10,N,YELLOW,4.38,4.95,4.09,3.33,6,3,0,1,0,0,0
36.2,38.75,10,N,YELLOW,4.25,4.9,4.06,3.32,6,3,0,1,0,0,0
36.233,37.58,9,N,YELLOW,3.81,4.76,4.04,3.31,6,2,0,1,0,0,0
36.267,34.75,11,N,YELLOW,4.23,4.88,4.02,3.31,6,4,0,1,0,0,0
36.3,34.12,10,N,YELLOW,4.15,4.85,4.02,3.3,6,3,0,1,0,0,0
36.333,33.14,10,N,YELLOW,4.1,4.83,4.01,3.3,6,3,0,1,0,0,0
36.367,34.18,11,N,YELLOW,4.06,4.82,4.36,3.41,6,4,0,1,0,0,0
36.4,35.37,12,N,YELLOW,4.39,4.92,4.58,3.47,6,5,0,1,0,0,0
36.433,32.13,10,N,YELLOW,3.9,4.77,4.73,3.52,6,3,0,1,0,0,0
36.467,33.73,12,N,YELLOW,4.29,4.89,4.82,3.55,6,5,0,1,0,0,0
36.5,35.17,12,N,YELLOW,4.54,4.96,4.89,3.57,6,5,0,1,0,0,0
36.533,38.02,12,N,YELLOW,4.7,5.01,4.93,3.58,6,5,0,1,0,0,0
36.567,35.1,12,N,YELLOW,4.8,5.04,4.95,3.59,6,5,0,1,0,0,0
36.6,39.93,12,N,YELLOW,4.87,5.31,4.97,3.59,7,4,0,1,0,0,0
36.633,37.37,11,N,YELLOW,4.57,5.13,4.98,3.59,6,4,0,1,0,0,0
36.667,37.98,11,N,YELLOW,4.37,5.01,4.99,3.6,6,4,0,1,0,0,0
36.7,46.97,10,N,YELLOW,3.89,4.83,4.99,3.6,6,3,0,1,0,0,0
36.733,57.12,10,N,YELLOW,3.58,4.72,4.99,3.6,6,3,0,1,0,0,0
36.767,50.95,9,N,YELLOW,3.38,4.64,4.65,3.49,6,2,0,1,0,0,0
36.8,44.65,9,N,YELLOW,3.24,4.59,4.42,3.43,6,2,0,1,0,0,0
36.833,40.85,8,N,YELLOW,3.16,4.56,3.92,3.03,6,1,0,1,0,0,0
36.867,38.1,8,N,YELLOW,3.1,4.54,3.95,2.88,5,2,0,1,0,0,0
36.9,36.92,8,N,YELLOW,3.42,4.63,3.62,2.68,5,2,0,1,0,0,0
36.933,36.92,8,N,YELLOW,3.27,4.58,3.75,2.65,5,2,0,1,0,0,0
36.967,40.08,9,N,YELLOW,3.53,4.66,3.84,2.88,6,2,0,1,0,0,0
37.0,38.53,9,N,YELLOW,3.34,4.6,4.24,3.13,6,2,0,1,0,0,0
37.033,39.94,10,N,YELLOW,3.57,4.67,4.16,3.19,6,3,0,1,0,0,0
37.067,42.56,11,N,YELLOW,3.72,4.72,4.45,3.33,6,4,0,1,0,0,0
37.1,45.76,12,N,YELLOW,4.52,4.96,4.29,3.32,6,5,0,1,0,0,0
37.133,52.79,12,N,ALLRED,4.69,5.01,4.54,3.42,6,5,0,1,0,0,0
37.167,53.85,12,N,ALLRED,4.8,5.04,4.7,3.48,6,5,0,1,0,0,0
37.2,37.88,12,N,ALLRED,4.87,5.06,4.81,3.28,5,6,0,1,0,0,0
37.233,37.62,12,N,ALLRED,5.26,5.18,4.52,3.29,6,5,0,1,0,0,0
37.267,37.08,12,N,ALLRED,5.17,5.15,4.69,3.4,6,5,0,1,0,0,0
37.3,35.6,12,N,ALLRED,5.11,5.13,4.8,3.47,6,5,0,1,0,0,0
37.333,35.45,12,N,ALLRED,5.07,5.12,4.87,3.51,6,5,0,1,0,0,0
37.367,35.28,12,N,ALLRED,5.05,5.64,4.92,3.54,5,5,0,2,0,0,0
37.4,34.67,12,N,ALLRED,5.03,5.98,4.94,3.56,5,5,0,2,0,0,0
37.433,34.88,13,N,ALLRED,5.02,6.19,4.96,3.58,5,6,0,2,0,0,0
37.467,35.7,13,N,ALLRED,5.01,6.34,4.98,3.58,5,6,0,2,0,0,0
37.5,38.59,13,N,ALLRED,5.01,6.43,4.98,3.59,5,6,0,2,0,0,0
37.533,42.1,14,N,ALLRED,5.36,6.59,4.99,3.59,5,7,0,2,0,0,0
37.567,42.1,14,N,ALLRED,5.58,6.7,4.99,3.6,5,7,0,2,0,0,0
37.6,60.15,13,N,ALLRED,5.38,6.67,5.0,3.6,5,6,0,2,0,0,0
37.633,55.9,13,N,ALLRED,5.25,6.64,5.0,3.6,5,6,0,2,0,0,0
37.667,51.61,13,N,ALLRED,5.16,6.63,5.0,3.6,5,6,0,2,0,0,0
37.7,48.1,13,N,ALLRED,5.1,6.62,5.0,3.6,5,6,0,2,0,0,0
37.733,48.5,13,N,ALLRED,5.07,6.61,5.0,3.6,5,6,0,2,0,0,0
37.767,53.97,13,N,ALLRED,5.04,6.61,5.0,3.6,5,6,0,2,0,0,0
37.8,45.5,13,N,ALLRED,5.38,6.71,5.0,3.6,5,6,0,2,0,0,0
37.833,46.69,12,N,ALLRED,5.95,6.36,4.3,3.14,5,6,0,1,0,0,0
37.867,44.45,12,N,ALLRED,6.31,6.13,3.84,2.85,5,6,0,1,0,0,0
37.9,53.85,13,N,ALLRED,6.55,6.5,3.9,3.01,5,6,0,2,0,0,0
37.933,52.22,13,N,ALLRED,6.71,6.22,3.93,3.11,6,6,0,1,0,0,0
37.967,54.72,13,N,ALLRED,6.81,6.56,3.96,3.18,5,6,0,2,0,0,0
38.0,54.56,13,N,ALLRED,6.88,6.79,3.97,3.22,5,6,0,2,0,0,0
38.033,110.64,13,N,ALLRED,6.92,6.41,3.98,3.25,6,6,0,1,0,0,0
38.067,81.93,13,N,ALLRED,6.95,6.16,3.99,3.27,6,6,0,1,0,0,0
38.1,73.87,13,N,ALLRED,6.62,5.89,4.34,3.38,6,6,0,1,0,0,0
38.133,61.55,13,N,ALLRED,6.4,5.72,4.57,3.46,6,6,0,1,0,0,0
38.167,108.56,13,E,GREEN,6.61,5.71,4.37,3.4,6,6,0,1,0,0,0
38.2,59.34,13,E,GREEN,6.75,6.23,4.24,3.37,5,6,0,2,0,0,0
38.233,71.47,13,E,GREEN,6.84,6.05,4.16,3.34,6,6,0,1,0,0,0
38.267,49.43,12,E,GREEN,6.54,6.35,4.1,3.33,5,5,0,2,0,0,0
38.3,46.58,12,E,GREEN,6.0,6.43,4.42,3.42,5,5,0,2,0,0,0
38.333,50.38,12,E,GREEN,6.0,6.6,4.27,3.38,5,5,0,2,0,0,0
38.367,54.13,12,E,GREEN,5.65,6.6,4.53,3.46,5,5,0,2,0,0,0
38.4,74.7,11,E,GREEN,5.07,6.49,4.69,3.51,5,4,0,2,0,0,0
38.433,74.95,12,E,GREEN,5.4,6.64,4.45,3.43,5,5,0,2,0,0,0
38.467,57.53,13,E,GREEN,5.96,6.83,4.29,3.39,5,6,0,2,0,0,0
38.5,45.03,13,E,GREEN,6.32,6.93,4.19,3.36,5,5,0,2,0,1,0
38.533,42.46,12,E,GREEN,6.21,6.92,4.12,3.34,5,5,0,2,0,0,0
38.567,39.58,12,E,GREEN,6.14,6.91,4.08,3.32,5,5,0,2,0,0,0
38.6,41.23,12,E,GREEN,6.09,6.91,4.05,3.32,5,5,0,2,0,0,0
38.633,39.92,11,E,GREEN,5.71,6.8,3.68,3.21,6,3,0,2,0,0,0
38.667,45.68,13,E,GREEN,5.77,6.83,3.79,3.24,6,5,0,2,0,0,0
38.7,47.68,13,E,GREEN,5.85,6.33,3.87,3.26,7,5,0,1,0,0,0
38.733,40.76,13,E,GREEN,5.9,6.0,3.91,3.27,7,5,0,1,0,0,0
38.767,41.62,13,E,GREEN,6.29,5.9,3.94,3.28,6,6,0,1,0,0,0
38.8,44.04,12,E,GREEN,6.19,5.72,3.96,3.29,6,5,0,1,0,0,0
38.833,42.6,13,E,GREEN,6.47,5.71,3.98,3.29,6,6,0,1,0,0,0
38.867,38.52,13,E,GREEN,6.66,5.71,3.98,3.3,6,6,0,1,0,0,0
38.9,36.25,13,E,GREEN,6.78,5.71,3.99,3.3,6,6,0,1,0,0,0
38.933,34.97,13,E,GREEN,6.85,5.7,3.99,3.3,6,6,0,1,0,0,0
38.967,36.4,11,E,GREEN,6.21,5.49,4.0,3.3,6,4,0,1,0,0,0
39.0,36.33,11,E,GREEN,5.78,5.36,4.0,3.3,6,4,0,1,0,0,0
39.033,35.01,11,E,GREEN,5.51,5.27,4.0,3.3,6,4,0,1,0,0,0
39.067,38.33,11,E,GREEN,5.33,5.21,4.0,3.3,6,4,0,1,0,0,0
39.1,37.73,11,E,GREEN,5.22,5.17,4.0,3.3,6,4,0,1,0,0,0
39.133,43.18,11,E,GREEN,5.14,5.15,4.0,3.3,6,4,0,1,0,0,0
39.167,40.47,10,E,GREEN,5.09,5.13,3.65,3.19,6,2,0,1,0,1,0
39.2,38.53,9,E,GREEN,4.71,5.01,3.42,3.13,6,1,0,1,0,1,0
39.233,36.4,10,E,GREEN,4.81,5.04,3.27,3.08,6,3,0,1,0,0,0
39.267,36.84,10,E,GREEN,4.88,5.06,3.18,3.05,6,3,0,1,0,0,0
39.3,42.62,11,E,GREEN,4.92,5.08,3.47,3.14,6,4,0,1,0,0,0
39.333,39.31,11,E,GREEN,4.95,5.08,3.65,3.2,6,4,0,1,0,0,0
39.367,36.85,11,E,GREEN,4.97,5.09,3.77,3.23,6,4,0,1,0,0,0
39.4,36.42,10,E,GREEN,4.98,5.09,3.5,2.91,5,4,0,1,0,0,0
39.433,38.26,11,E,GREEN,4.99,5.1,3.68,3.04,6,4,0,1,0,0,0
39.467,37.05,10,E,GREEN,4.99,5.1,3.44,2.78,5,4,0,1,0,0,0
39.5,36.89,10,E,GREEN,4.99,5.1,3.29,2.61,5,4,0,1,0,0,0
39.533,33.54,9,E,GREEN,5.0,5.1,2.84,2.4,5,3,0,1,0,0,0
39.567,35.09,9,E,GREEN,5.0,5.1,2.54,2.26,5,3,0,1,0,0,0
39.6,35.78,8,E,GREEN,4.65,4.99,2.35,2.17,5,2,0,1,0,0,0
39.633,36.18,8,E,GREEN,4.42,4.93,2.23,2.11,5,2,0,1,0,0,0
39.667,37.43,9,E,GREEN,4.62,4.99,2.15,2.07,5,3,0,1,0,0,0
39.7,36.57,9,E,GREEN,4.76,5.03,2.1,2.05,5,3,0,1,0,0,0
39.733,35.6,9,E,GREEN,4.84,5.05,2.02,2.02,5,3,0,1,0,0,0
39.767,36.67,9,E,GREEN,4.55,4.96,2.36,2.12,5,3,0,1,0,0,0
39.8,38.28,10,E,GREEN,4.71,5.01,2.58,2.18,5,4,0,1,0,0,0
39.833,36.21,9,E,GREEN,4.81,5.04,2.38,2.12,5,3,0,1,0,0,0
39.867,35.67,10,E,GREEN,4.88,5.06,2.25,2.08,5,4,0,1,0,0,0
39.9,33.66,8,E,GREEN,4.57,4.97,2.16,2.05,5,2,0,1,0,0,0
39.933,36.23,7,E,GREEN,4.02,4.81,2.1,2.03,5,1,0,1,0,0,0
39.967,42.33,9,E,GREEN,4.01,4.8,2.07,2.02,5,3,0,1,0,0,0
40.0,49.72,10,E,GREEN,4.01,4.8,2.74,2.22,4,5,0,1,0,0,0
40.033,45.15,10,E,GREEN,4.36,4.91,2.83,2.25,5,4,0,1,0,0,0
40.067,45.01,9,E,GREEN,4.23,4.87,2.89,2.27,5,3,0,1,0,0,0
40.1,44.06,9,E,GREEN,4.15,4.85,2.93,2.28,5,3,0,1,0,0,0
40.133,39.94,7,E,GREEN,4.1,4.83,2.6,2.18,4,2,0,1,0,0,0
40.167,40.15,9,E,GREEN,4.06,4.82,2.74,2.22,5,3,0,1,0,0,0
40.2,42.08,10,E,GREEN,3.69,4.71,2.83,2.25,6,3,0,1,0,0,0
40.233,38.73,9,E,GREEN,3.45,4.63,2.54,2.16,6,2,0,1,0,0,0
40.267,40.2,9,E,GREEN,3.29,4.59,2.35,2.11,6,2,0,1,0,0,0
40.3,37.6,9,E,GREEN,3.19,4.56,2.23,2.07,6,2,0,1,0,0,0
40.333,42.44,9,E,GREEN,3.12,4.54,2.15,2.04,6,2,0,1,0,0,0
40.367,38.52,10,E,GREEN,3.43,4.63,2.1,2.03,6,3,0,1,0,0,0
40.4,41.73,9,E,GREEN,3.63,4.69,2.06,2.02,5,3,0,1,0,0,0
40.433,39.25,9,E,GREEN,3.76,4.73,2.0,2.0,5,3,0,1,0,0,0
40.467,43.65,10,E,GREEN,3.84,4.75,2.0,2.0,7,2,0,1,0,0,0
40.5,40.49,7,E,GREEN,3.55,4.66,2.0,2.0,6,0,0,1,0,0,0
40.533,38.82,7,E,GREEN,3.36,4.61,2.0,2.0,6,0,0,1,0,0,0
40.567,42.47,8,E,GREEN,3.23,4.57,2.35,2.11,6,1,0,1,0,0,0
40.6,39.77,8,E,GREEN,3.15,4.55,2.58,2.17,6,1,0,1,0,0,0
40.633,38.72,6,E,GREEN,3.1,4.53,2.38,2.11,5,0,0,1,0,0,0
40.667,34.38,6,E,GREEN,3.06,4.52,2.24,2.07,5,0,0,1,0,0,0
40.7,32.34,7,E,GREEN,3.0,4.5,2.16,2.05,6,0,0,1,0,0,0
40.733,32.7,7,E,GREEN,3.0,4.5,2.1,2.03,6,0,0,1,0,0,0
40.767,33.07,8,E,GREEN,3.0,4.5,2.42,2.13,6,1,0,1,0,0,0
40.8,32.36,8,E,GREEN,3.0,4.5,2.62,2.19,6,1,0,1,0,0,0
40.833,33.36,7,E,GREEN,3.0,4.5,2.4,2.12,6,0,0,1,0,0,0
40.867,34.63,8,E,GREEN,3.35,4.61,2.26,2.08,6,1,0,1,0,0,0
40.9,33.32,8,E,GREEN,3.58,4.67,2.17,2.05,6,1,0,1,0,0,0
40.933,33.53,8,E,GREEN,3.73,4.72,2.11,2.03,6,1,0,1,0,0,0
40.967,33.16,7,E,GREEN,3.82,4.75,2.07,2.02,5,1,0,1,0,0,0
41.0,32.76,7,E,GREEN,3.53,4.66,2.0,2.0,6,0,0,1,0,0,0
41.033,34.56,8,E,GREEN,3.7,4.71,2.0,2.0,6,1,0,1,0,0,0
41.067,34.3,7,E,GREEN,3.45,4.64,2.0,2.0,6,0,0,1,0,0,0
41.1,32.75,7,E,GREEN,3.29,4.59,2.0,2.0,6,0,0,1,0,0,0
41.133,32.41,7,E,GREEN,3.19,4.56,2.0,2.0,6,0,0,1,0,0,0
41.167,33.6,7,E,GREEN,3.12,4.54,2.0,2.0,6,0,0,1,0,0,0
41.2,33.82,8,E,GREEN,3.43,4.63,2.0,2.0,6,1,0,1,0,0,0
41.233,34.64,9,E,GREEN,3.63,4.69,2.0,2.0,6,2,0,1,0,0,0
41.267,34.11,9,E,GREEN,3.76,4.73,2.0,2.0,6,2,0,1,0,0,0
41.3,34.26,9,E,GREEN,3.84,4.75,2.0,2.0,6,2,0,1,0,0,0
41.333,34.39,9,E,GREEN,3.9,4.77,2.0,2.0,6,2,0,1,0,0,0
41.367,36.24,9,E,GREEN,4.28,4.89,2.0,2.0,5,3,0,1,0,0,0
41.4,36.35,9,E,GREEN,4.53,4.96,2.0,2.0,5,3,0,1,0,0,0
41.433,35.68,9,E,GREEN,4.7,5.01,2.0,2.0,5,3,0,1,0,0,0
41.467,35.52,9,E,GREEN,4.8,5.04,2.0,2.0,5,3,0,1,0,0,0
41.5,36.58,9,E,GREEN,4.87,5.06,2.0,2.0,5,3,0,1,0,0,0
41.533,35.14,8,E,GREEN,4.57,4.97,2.0,2.0,5,2,0,1,0,0,0
41.567,37.22,8,E,GREEN,4.37,4.91,2.0,2.0,5,2,0,1,0,0,0
41.6,38.35,8,E,GREEN,4.24,4.87,2.0,2.0,5,2,0,1,0,0,0
41.633,37.89,8,E,GREEN,4.16,4.85,2.0,2.0,5,2,0,1,0,0,0
41.667,35.59,8,E,GREEN,4.1,4.83,2.0,2.0,5,2,0,1,0,0,0
41.7,36.24,8,E,GREEN,4.07,4.82,2.0,2.0,5,2,0,1,0,0,0
41.733,36.0,8,E,GREEN,4.04,4.81,2.0,2.0,5,2,0,1,0,0,0
41.767,36.1,8,E,GREEN,4.03,4.81,2.0,2.0,5,2,0,1,0,0,0
41.8,36.19,8,E,GREEN,4.02,4.81,2.0,2.0,5,2,0,1,0,0,0
41.833,36.7,9,E,GREEN,4.01,4.8,2.0,2.0,6,2,0,1,0,0,0
41.867,37.59,9,E,GREEN,4.01,4.8,2.0,2.0,6,2,0,1,0,0,0
41.9,38.8,9,E,GREEN,4.0,4.8,2.0,2.0,6,2,0,1,0,0,0
41.933,37.55,9,E,GREEN,4.0,4.8,2.0,2.0,6,2,0,1,0,0,0
41.967,35.91,9,E,GREEN,4.0,4.8,2.0,2.0,6,2,0,1,0,0,0
42.0,35.89,9,E,GREEN,4.0,4.8,2.0,2.0,6,2,0,1,0,0,0
42.033,40.87,9,E,GREEN,4.0,4.8,2.0,2.0,6,2,0,1,0,0,0
42.067,125.34,9,E,GREEN,4.0,4.8,2.0,2.0,6,2,0,1,0,0,0
42.1,66.17,9,E,GREEN,4.0,4.8,2.0,2.0,6,2,0,1,0,0,0
42.133,40.68,9,E,GREEN,4.0,4.8,2.0,2.0,6,2,0,1,0,0,0
42.167,39.85,9,E,GREEN,4.0,4.8,2.0,2.0,6,2,0,1,0,0,0
42.2,42.25,9,E,GREEN,4.0,4.8,2.0,2.0,6,2,0,1,0,0,0
42.233,40.88,9,E,GREEN,4.0,4.8,2.0,2.0,6,2,0,1,0,0,0
42.267,50.52,9,E,GREEN,4.0,4.8,2.0,2.0,6,2,0,1,0,0,0
42.3,67.55,9,E,GREEN,4.0,4.8,2.0,2.0,6,2,0,1,0,0,0
42.333,40.61,9,E,GREEN,4.0,4.8,2.0,2.0,6,2,0,1,0,0,0
42.367,40.83,9,E,GREEN,4.0,4.8,2.0,2.0,6,2,0,1,0,0,0
42.4,42.48,9,E,GREEN,4.0,4.8,2.0,2.0,6,2,0,1,0,0,0
42.433,48.9,9,E,GREEN,4.0,4.8,2.0,2.0,6,2,0,1,0,0,0
42.467,50.82,9,E,GREEN,4.0,4.8,2.0,2.0,6,2,0,1,0,0,0
42.5,42.12,9,E,GREEN,4.0,4.8,2.0,2.0,6,2,0,1,0,0,0
42.533,43.82,9,E,GREEN,4.0,4.8,2.0,2.0,6,2,0,1,0,0,0
42.567,51.27,9,E,GREEN,4.0,4.8,2.0,2.0,6,2,0,1,0,0,0
42.6,46.13,9,E,GREEN,4.0,4.8,2.0,2.0,6,2,0,1,0,0,0
42.633,69.6,9,E,GREEN,4.0,4.8,2.0,2.0,6,2,0,1,0,0,0
42.667,56.1,7,E,GREEN,3.65,4.7,2.0,2.0,5,1,0,1,0,0,0
42.7,51.48,10,E,GREEN,3.77,4.73,2.35,2.35,7,2,0,1,0,0,0
42.733,46.79,10,E,GREEN,3.85,4.76,2.58,2.58,7,2,0,1,0,0,0
42.767,41.78,11,E,GREEN,3.9,4.77,3.08,2.83,7,3,0,1,0,0,0
42.8,37.61,10,E,GREEN,3.94,4.78,3.05,2.89,7,2,0,1,0,0,0
42.833,38.36,10,E,GREEN,3.96,4.79,3.03,2.93,7,2,0,1,0,0,0
42.867,42.24,11,E,GREEN,3.97,4.79,3.02,2.95,7,3,0,1,0,0,0
42.9,45.0,10,E,GREEN,3.98,4.79,3.01,2.97,7,2,0,1,0,0,0
42.933,59.42,11,E,GREEN,3.99,4.8,2.97,2.97,7,3,0,1,0,0,0
42.967,47.18,11,E,GREEN,3.99,4.8,2.98,2.98,7,3,0,1,0,0,0
43.0,51.59,10,E,GREEN,4.0,4.8,2.99,2.99,7,2,0,1,0,0,0
43.033,47.11,11,E,GREEN,4.0,4.8,2.99,2.99,7,3,0,1,0,0,0
43.067,44.97,11,E,GREEN,4.0,4.8,2.99,2.99,7,3,0,1,0,0,0
43.1,46.44,10,E,GREEN,4.0,4.8,3.0,3.0,7,2,0,1,0,0,0
43.133,44.48,10,E,GREEN,4.0,4.8,3.0,3.0,7,2,0,1,0,0,0
43.167,40.32,10,E,GREEN,4.0,4.8,3.0,3.0,7,2,0,1,0,0,0
43.2,36.24,11,E,YELLOW,4.0,4.8,3.0,3.0,7,3,0,1,0,0,0
43.233,35.35,10,E,YELLOW,4.0,4.8,3.0,3.0,7,2,0,1,0,0,0
43.267,36.17,11,E,YELLOW,4.0,4.8,3.0,3.0,7,3,0,1,0,0,0
43.3,77.06,11,E,YELLOW,4.0,4.8,3.0,3.0,7,3,0,1,0,0,0
43.333,56.29,11,E,YELLOW,4.0,4.8,3.0,3.0,7,3,0,1,0,0,0
43.367,50.09,11,E,YELLOW,4.0,4.8,3.0,3.0,7,3,0,1,0,0,0
43.4,44.42,10,E,YELLOW,4.0,4.8,3.0,3.0,7,2,0,1,0,0,0
43.433,37.67,11,E,YELLOW,4.0,4.8,3.0,3.0,7,3,0,1,0,0,0
43.467,36.93,10,E,YELLOW,4.0,4.8,3.0,3.0,7,2,0,1,0,0,0
43.5,36.89,10,E,YELLOW,4.0,4.8,3.0,3.0,7,2,0,1,0,0,0
43.533,35.7,10,E,YELLOW,4.0,4.8,2.65,2.65,6,3,0,1,0,0,0
43.567,35.78,10,E,YELLOW,4.0,4.8,2.42,2.42,6,3,0,1,0,0,0
43.6,36.91,10,E,YELLOW,4.0,4.8,2.27,2.27,6,3,0,1,0,0,0
43.633,36.03,10,E,YELLOW,4.0,4.8,2.18,2.18,6,3,0,1,0,0,0
43.667,39.16,10,E,YELLOW,4.0,4.8,2.12,2.12,6,3,0,1,0,0,0
43.7,46.34,11,E,YELLOW,4.0,4.8,2.43,2.43,7,3,0,1,0,0,0
43.733,40.68,10,E,YELLOW,4.0,4.8,2.28,2.28,6,3,0,1,0,0,0
43.767,43.02,10,E,YELLOW,4.0,4.8,2.18,2.18,6,3,0,1,0,0,0
43.8,40.17,10,E,YELLOW,4.0,4.8,2.12,2.12,6,3,0,1,0,0,0
43.833,36.58,10,E,YELLOW,4.0,4.8,2.08,2.08,6,3,0,1,0,0,0
43.867,37.22,10,E,YELLOW,4.0,4.8,2.05,2.05,6,3,0,1,0,0,0
43.9,37.28,10,E,YELLOW,4.0,4.8,2.03,2.03,6,3,0,1,0,0,0
43.933,39.66,10,E,YELLOW,4.0,4.8,2.02,2.02,6,3,0,1,0,0,0
43.967,39.67,10,E,YELLOW,4.0,4.8,2.01,2.01,6,3,0,1,0,0,0
44.0,37.52,10,E,YELLOW,4.0,4.8,2.01,2.01,6,3,0,1,0,0,0
44.033,42.82,10,E,YELLOW,4.0,4.8,2.36,2.36,6,3,0,1,0,0,0
44.067,42.71,10,E,YELLOW,4.0,4.8,2.58,2.58,6,3,0,1,0,0,0
44.1,49.06,10,E,YELLOW,4.0,4.8,2.73,2.73,6,3,0,1,0,0,0
44.133,43.03,10,E,YELLOW,4.0,4.8,2.82,2.82,6,3,0,1,0,0,0
44.167,38.57,11,E,YELLOW,4.0,4.8,3.23,3.23,7,3,0,1,0,0,0
44.2,37.8,11,E,YELLOW,4.0,4.8,3.5,3.5,7,3,0,1,0,0,0
44.233,39.44,11,E,YELLOW,4.0,4.8,3.68,3.68,7,3,0,1,0,0,0
44.267,36.55,11,E,YELLOW,4.0,4.8,3.79,3.79,7,3,0,1,0,0,0
44.3,41.97,12,E,YELLOW,4.0,4.8,3.86,3.86,8,3,0,1,0,0,0
44.333,39.83,12,E,YELLOW,4.0,4.8,3.91,3.91,8,2,0,1,0,1,0
44.367,46.7,11,E,YELLOW,4.0,4.8,3.94,3.94,7,2,0,1,0,1,0
44.4,45.92,11,E,YELLOW,4.0,4.8,3.96,3.96,7,3,0,1,0,0,0
44.433,40.65,11,E,YELLOW,4.0,4.8,3.98,3.98,7,3,0,1,0,0,0
44.467,42.24,11,E,YELLOW,4.0,4.8,3.98,3.98,7,3,0,1,0,0,0
44.5,41.69,11,E,YELLOW,4.0,4.8,3.99,3.99,7,3,0,1,0,0,0
44.533,58.41,11,E,YELLOW,4.0,4.8,3.99,3.99,7,3,0,1,0,0,0
44.567,41.83,12,E,YELLOW,4.0,4.8,4.0,4.0,8,3,0,1,0,0,0
44.6,42.25,12,E,YELLOW,4.0,4.8,4.0,4.0,8,3,0,1,0,0,0
44.633,43.91,12,E,YELLOW,4.0,4.8,4.0,4.0,8,3,0,1,0,0,0
44.667,41.44,11,E,YELLOW,4.0,4.8,3.65,3.65,7,3,0,1,0,0,0
44.7,39.5,12,E,YELLOW,4.0,4.8,3.77,3.77,8,2,0,1,0,1,0
44.733,36.34,11,E,YELLOW,4.0,4.8,3.5,3.5,7,3,0,1,0,0,0
44.767,35.96,11,E,YELLOW,4.0,4.8,3.33,3.33,7,3,0,1,0,0,0
44.8,34.95,10,E,YELLOW,4.0,4.8,2.86,2.86,6,2,0,1,0,1,0
44.833,80.95,12,E,YELLOW,4.0,4.8,3.26,3.26,8,2,0,1,0,1,0
44.867,89.95,12,E,YELLOW,4.0,4.8,3.52,3.52,8,3,0,1,0,0,0
44.9,100.59,12,E,YELLOW,4.0,4.8,3.69,3.69,8,3,0,1,0,0,0
44.933,137.69,11,E,YELLOW,4.0,4.8,3.8,3.8,7,3,0,1,0,0,0
44.967,104.62,12,E,YELLOW,4.0,4.8,3.87,3.87,7,4,0,1,0,0,0
45.0,85.15,11,E,YELLOW,4.0,4.8,3.91,3.91,7,3,0,1,0,0,0
45.033,101.31,12,E,YELLOW,4.0,4.8,3.94,3.94,7,4,0,1,0,0,0
45.067,110.37,12,E,YELLOW,4.0,4.8,3.96,3.96,7,4,0,1,0,0,0
45.1,108.25,12,E,YELLOW,4.35,4.9,3.98,3.98,7,4,0,1,0,0,0
45.133,80.02,11,E,YELLOW,4.23,4.87,3.98,3.98,7,3,0,1,0,0,0
45.167,77.94,13,E,YELLOW,4.85,5.05,3.99,3.99,7,5,0,1,0,0,0
45.2,140.05,13,E,YELLOW,5.25,5.18,3.99,3.99,7,5,0,1,0,0,0
45.233,76.04,13,E,YELLOW,5.51,5.25,4.0,4.0,7,5,0,1,0,0,0
45.267,104.33,12,E,YELLOW,5.68,5.31,3.65,3.65,6,5,0,1,0,0,0
45.3,153.56,13,E,YELLOW,5.79,5.34,3.77,3.77,7,5,0,1,0,0,0
45.333,102.3,14,E,YELLOW,5.87,5.36,3.85,3.85,8,5,0,1,0,0,0
45.367,96.19,11,E,YELLOW,5.56,5.27,3.2,3.2,6,4,0,1,0,0,0
45.4,86.18,13,E,YELLOW,5.72,5.31,3.13,3.13,7,5,0,1,0,0,0
45.433,99.19,13,E,YELLOW,5.82,5.34,3.09,3.09,7,5,0,1,0,0,0
45.467,95.86,13,E,YELLOW,5.88,5.36,3.06,3.06,7,5,0,1,0,0,0
45.5,110.68,13,E,YELLOW,5.92,5.38,3.04,3.04,7,5,0,1,0,0,0
45.533,84.35,14,E,YELLOW,5.95,5.38,3.02,3.02,9,4,0,1,0,0,0
45.567,43.01,11,E,YELLOW,5.97,5.39,2.67,2.67,6,4,0,1,0,0,0
45.6,42.68,11,E,YELLOW,5.98,5.39,2.43,2.43,6,4,0,1,0,0,0
45.633,44.73,12,E,YELLOW,6.34,5.75,2.28,2.28,7,4,0,1,0,0,0
45.667,44.73,13,E,YELLOW,6.57,5.97,2.53,2.53,8,4,0,1,0,0,0
45.7,51.91,11,E,YELLOW,6.72,6.12,2.35,2.35,6,4,0,1,0,0,0
45.733,44.4,11,E,YELLOW,6.82,6.22,2.23,2.23,6,4,0,1,0,0,0
45.767,47.37,12,E,YELLOW,6.88,6.28,2.5,2.5,7,4,0,1,0,0,0
45.8,59.12,11,E,YELLOW,6.92,6.32,2.32,2.32,6,4,0,1,0,0,0
45.833,60.66,12,E,YELLOW,6.95,6.35,2.56,2.56,7,4,0,1,0,0,0
45.867,50.69,12,E,YELLOW,6.97,6.37,2.71,2.71,7,4,0,1,0,0,0
45.9,53.85,12,E,YELLOW,6.98,6.38,2.81,2.81,7,4,0,1,0,0,0
45.933,46.24,11,E,YELLOW,6.64,6.28,2.88,2.88,7,3,0,1,0,0,0
45.967,40.09,12,E,YELLOW,6.76,6.32,2.92,2.92,7,4,0,1,0,0,0
46.0,38.08,12,E,YELLOW,6.85,6.35,2.95,2.95,7,4,0,1,0,0,0
46.033,36.91,11,E,YELLOW,6.55,6.26,2.97,2.97,7,3,0,1,0,0,0
46.067,45.9,11,E,YELLOW,6.36,6.21,2.98,2.98,7,3,0,1,0,0,0
46.1,41.25,12,E,YELLOW,6.58,6.27,2.99,2.99,7,4,0,1,0,0,0
46.133,46.25,12,E,YELLOW,6.73,6.32,2.99,2.99,7,4,0,1,0,0,0
46.167,46.46,12,E,YELLOW,6.82,6.35,2.99,2.99,7,4,0,1,0,0,0
46.2,42.35,11,E,YELLOW,6.89,6.37,2.65,2.65,6,4,0,1,0,0,0
46.233,43.05,11,E,ALLRED,6.58,6.27,2.42,2.42,7,3,0,1,0,0,0
46.267,40.74,11,E,ALLRED,6.72,6.32,2.27,2.27,6,4,0,1,0,0,0
46.3,39.62,11,E,ALLRED,6.82,6.35,2.18,2.18,6,4,0,1,0,0,0
46.333,44.8,11,E,ALLRED,6.88,6.36,2.12,2.12,6,4,0,1,0,0,0
46.367,41.55,11,E,ALLRED,6.92,6.38,2.07,2.07,6,4,0,1,0,0,0
46.4,39.45,11,E,ALLRED,6.95,6.39,2.05,2.05,6,4,0,1,0,0,0
46.433,38.58,11,E,ALLRED,6.97,6.39,2.03,2.03,6,4,0,1,0,0,0
46.467,38.17,11,E,ALLRED,6.98,6.39,2.02,2.02,6,4,0,1,0,0,0
46.5,37.87,12,E,ALLRED,6.99,6.4,2.01,2.01,7,4,0,1,0,0,0
46.533,37.57,12,E,ALLRED,6.99,6.4,2.01,2.01,7,4,0,1,0,0,0
46.567,35.46,11,E,ALLRED,6.64,6.29,2.01,2.01,7,3,0,1,0,0,0
46.6,35.83,11,E,ALLRED,6.42,6.23,2.0,2.0,7,3,0,1,0,0,0
46.633,35.8,11,E,ALLRED,6.27,6.18,2.0,2.0,7,3,0,1,0,0,0
46.667,35.14,11,E,ALLRED,6.18,6.15,2.0,2.0,7,3,0,1,0,0,0
46.7,36.06,10,E,ALLRED,6.12,6.13,2.0,2.0,6,3,0,1,0,0,0
46.733,36.29,10,E,ALLRED,6.07,6.12,2.0,2.0,6,3,0,1,0,0,0
46.767,35.98,11,E,ALLRED,6.4,6.22,2.0,2.0,6,4,0,1,0,0,0
46.8,35.54,11,E,ALLRED,6.61,6.53,2.0,2.0,7,3,0,1,0,0,0
46.833,35.14,11,E,ALLRED,6.4,6.38,2.0,2.0,7,3,0,1,0,0,0
46.867,37.1,11,E,ALLRED,6.26,6.28,2.0,2.0,7,3,0,1,0,0,0
46.9,37.66,10,E,ALLRED,5.82,6.11,2.0,2.0,7,2,0,1,0,0,0
46.933,37.26,10,E,ALLRED,5.53,6.0,2.0,2.0,7,2,0,1,0,0,0
46.967,35.07,10,E,ALLRED,5.35,5.93,2.0,2.0,7,2,0,1,0,0,0
47.0,36.52,11,E,ALLRED,5.57,5.99,2.0,2.0,7,3,0,1,0,0,0
47.033,36.61,10,E,ALLRED,5.37,5.92,2.0,2.0,7,2,0,1,0,0,0
47.067,36.11,10,E,ALLRED,5.24,5.88,2.0,2.0,7,2,0,1,0,0,0
47.1,35.68,10,E,ALLRED,5.16,5.85,2.0,2.0,7,2,0,1,0,0,0
47.133,35.43,10,E,ALLRED,5.1,5.83,2.0,2.0,7,2,0,1,0,0,0
47.167,35.8,10,E,ALLRED,5.07,5.82,2.0,2.0,7,2,0,1,0,0,0
47.2,36.29,10,E,ALLRED,5.04,5.81,2.0,2.0,7,2,0,1,0,0,0
47.233,34.9,10,E,ALLRED,5.03,5.81,2.0,2.0,7,2,0,1,0,0,0
47.267,35.68,10,N,GREEN,5.02,5.81,2.0,2.0,7,2,0,1,0,0,0
47.3,37.06,11,N,GREEN,5.36,5.91,2.0,2.0,7,3,0,1,0,0,0
47.333,35.98,11,N,GREEN,5.59,5.98,2.0,2.0,7,3,0,1,0,0,0
47.367,36.68,11,N,GREEN,5.73,6.02,2.0,2.0,7,3,0,1,0,0,0
47.4,36.95,11,N,GREEN,5.82,6.05,2.0,2.0,7,3,0,1,0,0,0
47.433,37.17,11,N,GREEN,5.89,6.07,2.0,2.0,7,3,0,1,0,0,0
47.467,36.68,11,N,GREEN,5.93,6.08,2.0,2.0,7,3,0,1,0,0,0
47.5,37.14,11,N,GREEN,5.95,6.09,2.0,2.0,7,3,0,1,0,0,0
47.533,35.58,10,N,GREEN,5.62,5.99,2.0,2.0,7,2,0,1,0,0,0
47.567,37.11,10,N,GREEN,5.4,5.92,2.0,2.0,7,2,0,1,0,0,0
47.6,38.9,11,N,GREEN,5.61,5.98,2.0,2.0,7,3,0,1,0,0,0
47.633,37.7,10,N,GREEN,5.4,5.92,2.0,2.0,7,2,0,1,0,0,0
47.667,36.1,10,N,GREEN,5.26,5.88,2.0,2.0,7,2,0,1,0,0,0
47.7,36.67,10,N,GREEN,5.17,5.85,2.0,2.0,7,2,0,1,0,0,0
47.733,35.77,10,N,GREEN,5.11,5.83,2.0,2.0,7,2,0,1,0,0,0
47.767,36.15,10,N,GREEN,5.07,5.82,2.0,2.0,7,2,0,1,0,0,0
47.8,35.8,10,N,GREEN,5.05,5.81,2.0,2.0,7,2,0,1,0,0,0
47.833,36.74,10,N,GREEN,5.03,5.81,2.0,2.0,7,2,0,1,0,0,0
47.867,36.8,10,N,GREEN,5.02,5.81,2.0,2.0,7,2,0,1,0,0,0
47.9,36.05,10,N,GREEN,5.01,5.8,2.0,2.0,7,2,0,1,0,0,0
47.933,36.1,10,N,GREEN,5.01,5.8,2.0,2.0,7,2,0,1,0,0,0
47.967,35.45,10,N,GREEN,5.01,5.8,2.0,2.0,7,2,0,1,0,0,0
48.0,34.72,10,N,GREEN,5.35,6.15,2.0,2.0,8,1,0,1,0,0,0
48.033,35.06,9,N,GREEN,5.58,6.38,2.0,2.0,7,1,0,1,0,0,0
48.067,35.21,9,N,GREEN,5.73,6.53,2.0,2.0,7,1,0,1,0,0,0
48.1,34.71,9,N,GREEN,5.82,6.62,2.0,2.0,7,1,0,1,0,0,0
48.133,35.01,9,N,GREEN,5.88,6.68,2.0,2.0,7,1,0,1,0,0,0
48.167,36.0,10,N,GREEN,5.92,6.72,2.35,2.11,7,2,0,1,0,0,0
48.2,42.03,9,N,GREEN,5.95,6.75,2.23,2.07,7,1,0,1,0,0,0
48.233,41.36,9,N,GREEN,5.97,6.77,2.15,2.04,7,1,0,1,0,0,0
48.267,39.93,9,N,GREEN,5.98,6.78,2.1,2.03,7,1,0,1,0,0,0
48.3,40.76,9,N,GREEN,5.99,6.79,2.06,2.02,7,1,0,1,0,0,0
48.333,44.47,9,N,GREEN,5.99,6.79,2.0,2.0,7,1,0,1,0,0,0
48.367,41.81,9,N,GREEN,5.99,6.79,2.0,2.0,7,1,0,1,0,0,0
48.4,36.27,9,N,GREEN,6.0,6.8,2.0,2.0,7,1,0,1,0,0,0
48.433,34.85,9,N,GREEN,6.0,6.8,2.0,2.0,7,1,0,1,0,0,0
48.467,35.95,9,N,GREEN,6.0,6.8,2.0,2.0,7,1,0,1,0,0,0
48.5,35.49,9,N,GREEN,6.0,6.8,2.0,2.0,7,1,0,1,0,0,0
48.533,35.3,9,N,GREEN,6.0,6.8,2.0,2.0,7,1,0,1,0,0,0
48.567,39.78,9,N,GREEN,6.0,6.8,2.0,2.0,7,1,0,1,0,0,0
48.6,38.84,9,N,GREEN,6.0,6.8,2.0,2.0,7,1,0,1,0,0,0
48.633,44.59,10,N,GREEN,6.0,6.8,2.0,2.0,7,2,0,1,0,0,0
48.667,41.53,10,N,GREEN,6.0,6.8,2.0,2.0,7,2,0,1,0,0,0
48.7,39.18,10,N,GREEN,6.0,6.8,2.0,2.0,7,2,0,1,0,0,0
48.733,38.43,10,N,GREEN,6.0,6.8,2.0,2.0,7,2,0,1,0,0,0
48.767,38.17,10,N,GREEN,6.0,6.8,2.0,2.0,7,2,0,1,0,0,0
48.8,39.2,10,N,GREEN,6.0,6.8,2.0,2.0,7,2,0,1,0,0,0
48.833,36.47,10,N,GREEN,6.0,6.8,2.0,2.0,7,2,0,1,0,0,0
48.867,35.63,10,N,GREEN,6.0,6.8,2.0,2.0,7,2,0,1,0,0,0
48.9,34.62,10,N,GREEN,6.0,6.8,2.0,2.0,7,2,0,1,0,0,0
48.933,35.3,10,N,GREEN,6.0,6.8,2.0,2.0,7,2,0,1,0,0,0
48.967,35.13,10,N,GREEN,6.0,6.8,2.0,2.0,7,2,0,1,0,0,0
49.0,35.02,10,N,GREEN,6.0,6.8,2.0,2.0,7,2,0,1,0,0,0
49.033,35.35,10,N,GREEN,6.0,6.8,2.0,2.0,7,2,0,1,0,0,0
49.067,35.4,10,N,GREEN,6.0,6.8,2.0,2.0,7,2,0,1,0,0,0
49.1,37.12,10,N,GREEN,6.0,6.8,2.0,2.0,7,2,0,1,0,0,0
49.133,35.5,10,N,GREEN,6.0,6.8,2.0,2.0,7,2,0,1,0,0,0
49.167,41.2,10,N,GREEN,6.0,6.8,2.0,2.0,7,2,0,1,0,0,0
49.2,38.73,10,N,GREEN,6.0,6.8,2.0,2.0,7,2,0,1,0,0,0
49.233,38.56,10,N,GREEN,6.0,6.8,2.0,2.0,7,2,0,1,0,0,0
49.267,36.73,10,N,GREEN,6.0,6.8,2.0,2.0,7,2,0,1,0,0,0
49.3,37.17,11,N,GREEN,6.35,6.9,2.0,2.0,7,3,0,1,0,0,0
49.333,38.59,11,N,GREEN,6.58,6.97,2.0,2.0,7,3,0,1,0,0,0
49.367,37.48,9,N,GREEN,6.38,6.91,2.0,2.0,7,1,0,1,0,0,0
49.4,38.27,9,N,GREEN,6.24,6.87,2.0,2.0,7,1,0,1,0,0,0
49.433,39.29,8,N,GREEN,5.81,6.74,2.0,2.0,7,0,0,1,0,0,0
49.467,38.86,8,N,GREEN,5.53,6.66,2.0,2.0,7,0,0,1,0,0,0
49.5,38.04,9,N,GREEN,5.69,6.71,2.0,2.0,7,1,0,1,0,0,0
49.533,36.11,9,N,GREEN,5.8,6.74,2.0,2.0,7,1,0,1,0,0,0
49.567,37.2,11,N,GREEN,6.22,6.87,2.0,2.0,7,3,0,1,0,0,0
49.6,38.65,10,N,GREEN,6.49,6.95,2.0,2.0,7,2,0,1,0,0,0
49.633,36.88,10,N,GREEN,6.67,7.0,2.0,2.0,7,2,0,1,0,0,0
49.667,36.51,11,N,GREEN,6.79,7.04,2.0,2.0,7,3,0,1,0,0,0
49.7,37.26,11,N,GREEN,6.86,7.06,2.0,2.0,7,3,0,1,0,0,0
49.733,37.37,11,N,GREEN,6.91,7.07,2.0,2.0,7,3,0,1,0,0,0
49.767,35.89,11,N,GREEN,6.94,7.08,2.0,2.0,7,3,0,1,0,0,0
49.8,35.36,11,N,GREEN,6.96,7.09,2.0,2.0,7,3,0,1,0,0,0
49.833,35.54,11,N,GREEN,6.98,7.09,2.0,2.0,7,3,0,1,0,0,0
49.867,33.68,11,N,GREEN,6.98,7.1,2.0,2.0,7,3,0,1,0,0,0
49.9,33.29,10,N,GREEN,6.99,7.1,2.0,2.0,7,2,0,1,0,0,0
49.933,38.12,8,N,GREEN,6.29,6.64,2.0,2.0,6,1,0,1,0,0,0
49.967,35.44,8,N,GREEN,5.84,6.35,2.0,2.0,6,1,0,1,0,0,0
50.0,37.28,8,N,GREEN,5.55,6.16,2.0,2.0,6,1,0,1,0,0,0
50.033,40.1,9,N,GREEN,5.71,6.14,2.0,2.0,6,2,0,1,0,0,0
50.067,36.01,8,N,GREEN,5.46,6.02,2.0,2.0,6,1,0,1,0,0,0
50.1,36.58,8,N,GREEN,5.3,5.94,2.0,2.0,6,1,0,1,0,0,0
50.133,35.95,9,N,GREEN,5.54,6.0,2.0,2.0,6,2,0,1,0,0,0
50.167,38.29,9,N,GREEN,5.7,6.28,2.0,2.0,7,1,0,1,0,0,0
50.2,44.29,9,N,GREEN,5.81,6.46,2.0,2.0,7,1,0,1,0,0,0
50.233,38.83,8,N,GREEN,5.52,6.23,2.0,2.0,6,1,0,1,0,0,0
50.267,42.49,8,N,GREEN,5.34,6.08,2.0,2.0,6,1,0,1,0,0,0
50.3,56.44,9,N,GREEN,5.57,6.33,2.0,2.0,7,1,0,1,0,0,0
50.333,49.34,8,N,GREEN,5.37,6.15,2.0,2.0,6,1,0,1,0,0,0
50.367,50.82,9,N,GREEN,5.59,6.13,2.0,2.0,6,2,0,1,0,0,0
50.4,44.95,9,N,GREEN,5.73,6.12,2.0,2.0,6,2,0,1,0,0,0
50.433,47.16,9,N,GREEN,5.83,6.11,2.0,2.0,6,2,0,1,0,0,0
50.467,47.28,9,N,GREEN,5.89,6.11,2.0,2.0,6,2,0,1,0,0,0
50.5,48.97,9,N,GREEN,5.93,6.11,2.0,2.0,6,2,0,1,0,0,0
50.533,44.57,9,N,GREEN,5.95,6.1,2.0,2.0,6,2,0,1,0,0,0
50.567,42.27,9,N,GREEN,5.97,6.1,2.0,2.0,6,2,0,1,0,0,0
50.6,39.77,7,N,GREEN,5.28,5.65,2.0,2.0,5,1,0,1,0,0,0
50.633,46.06,8,N,GREEN,5.18,5.46,2.0,2.0,5,2,0,1,0,0,0
50.667,45.61,9,N,GREEN,5.47,5.44,2.0,2.0,5,3,0,1,0,0,0
50.7,37.97,9,N,GREEN,5.3,5.32,2.35,2.35,6,2,0,1,0,0,0
50.733,36.06,9,N,GREEN,5.2,5.24,2.58,2.58,6,2,0,1,0,0,0
50.767,34.1,9,N,GREEN,5.13,5.19,2.73,2.73,6,2,0,1,0,0,0
50.8,33.3,8,N,GREEN,5.08,5.16,2.47,2.47,5,2,0,1,0,0,0
50.833,34.97,8,N,GREEN,5.05,5.14,2.31,2.31,5,2,0,1,0,0,0
50.867,33.3,7,N,GREEN,4.69,5.27,2.2,2.2,6,0,0,1,0,0,0
50.9,33.4,7,N,GREEN,4.45,5.1,2.13,2.13,5,1,0,1,0,0,0
50.933,32.17,7,N,GREEN,4.29,5.0,2.08,2.08,5,1,0,1,0,0,0
50.967,32.11,7,N,GREEN,4.19,4.93,2.05,2.05,5,1,0,1,0,0,0
51.0,31.46,7,N,GREEN,4.12,4.88,2.04,2.04,5,1,0,1,0,0,0
51.033,31.31,7,N,GREEN,4.08,4.85,2.02,2.02,5,1,0,1,0,0,0
51.067,31.82,7,N,GREEN,4.05,4.84,2.02,2.02,5,1,0,1,0,0,0
51.1,35.25,7,N,GREEN,4.03,4.82,2.01,2.01,5,1,0,1,0,0,0
51.133,36.39,7,N,GREEN,4.02,4.81,2.01,2.01,5,1,0,1,0,0,0
51.167,35.52,7,N,GREEN,4.01,4.81,2.0,2.0,5,1,0,1,0,0,0
51.2,32.07,7,N,GREEN,4.01,4.81,2.0,2.0,5,1,0,1,0,0,0
51.233,31.81,7,N,GREEN,4.01,4.8,2.0,2.0,5,1,0,1,0,0,0
51.267,30.45,7,N,GREEN,4.0,4.8,2.0,2.0,5,1,0,1,0,0,0
51.3,31.44,7,N,GREEN,4.0,4.8,2.0,2.0,5,1,0,1,0,0,0
51.333,30.72,7,N,GREEN,4.0,4.8,2.0,2.0,5,1,0,1,0,0,0
51.367,30.84,7,N,GREEN,4.0,4.8,2.0,2.0,5,1,0,1,0,0,0
51.4,30.99,7,N,GREEN,4.0,4.8,2.0,2.0,5,1,0,1,0,0,0
51.433,30.82,7,N,GREEN,4.0,4.8,2.0,2.0,5,1,0,1,0,0,0
51.467,40.13,7,N,GREEN,4.0,4.8,2.0,2.0,5,1,0,1,0,0,0
51.5,35.53,7,N,GREEN,4.0,4.8,2.0,2.0,5,1,0,1,0,0,0
51.533,33.47,7,N,GREEN,4.0,4.8,2.0,2.0,5,1,0,1,0,0,0
51.567,35.09,7,N,GREEN,4.0,4.8,2.0,2.0,5,1,0,1,0,0,0
51.6,33.54,7,N,GREEN,4.0,4.8,2.0,2.0,5,1,0,1,0,0,0
51.633,32.41,7,N,GREEN,4.0,4.8,2.0,2.0,5,1,0,1,0,0,0
51.667,32.33,7,N,GREEN,4.0,4.8,2.0,2.0,5,1,0,1,0,0,0
51.7,32.63,7,N,GREEN,4.0,4.8,2.0,2.0,5,1,0,1,0,0,0
51.733,33.18,7,N,GREEN,4.0,4.8,2.0,2.0,5,1,0,1,0,0,0
51.767,32.8,7,N,GREEN,4.0,4.8,2.0,2.0,5,1,0,1,0,0,0
51.8,35.52,7,N,GREEN,4.0,4.8,2.0,2.0,5,1,0,1,0,0,0
51.833,35.8,8,N,GREEN,4.0,4.8,2.0,2.0,5,2,0,1,0,0,0
51.867,33.44,7,N,GREEN,4.0,4.8,2.0,2.0,5,1,0,1,0,0,0
51.9,32.38,7,N,GREEN,4.0,4.8,2.0,2.0,5,1,0,1,0,0,0
51.933,32.44,8,N,GREEN,4.0,4.8,2.0,2.0,5,2,0,1,0,0,0
51.967,32.81,8,N,GREEN,4.0,4.8,2.0,2.0,5,2,0,1,0,0,0
52.0,32.85,8,N,GREEN,4.0,4.8,2.0,2.0,5,2,0,1,0,0,0
52.033,32.74,8,N,GREEN,4.0,4.8,2.0,2.0,5,2,0,1,0,0,0
52.067,32.97,8,N,GREEN,4.0,4.8,2.0,2.0,5,2,0,1,0,0,0
52.1,32.54,8,N,GREEN,4.0,4.8,2.0,2.0,5,2,0,1,0,0,0
52.133,32.32,8,N,GREEN,4.0,4.8,2.0,2.0,5,2,0,1,0,0,0
52.167,32.15,8,N,GREEN,4.0,4.8,2.0,2.0,5,2,0,1,0,0,0
52.2,31.99,8,N,GREEN,4.0,4.8,2.0,2.0,5,2,0,1,0,0,0
52.233,32.94,8,N,GREEN,4.0,4.8,2.0,2.0,5,2,0,1,0,0,0
52.267,32.79,8,N,GREEN,4.0,4.8,2.0,2.0,5,2,0,1,0,0,0
52.3,32.89,8,N,GREEN,4.0,4.8,2.0,2.0,5,2,0,1,0,0,0
52.333,32.07,8,N,GREEN,4.0,4.8,2.0,2.0,5,2,0,1,0,0,0
52.367,32.3,8,N,GREEN,4.0,4.8,2.0,2.0,5,2,0,1,0,0,0
52.4,33.13,8,N,GREEN,4.0,4.8,2.0,2.0,5,2,0,1,0,0,0
52.433,31.47,8,N,GREEN,4.0,4.8,2.0,2.0,5,2,0,1,0,0,0
52.467,32.04,8,N,GREEN,4.0,4.8,2.0,2.0,5,2,0,1,0,0,0
52.5,32.07,8,N,GREEN,4.0,4.8,2.0,2.0,5,2,0,1,0,0,0
52.533,32.12,8,N,GREEN,4.0,4.8,2.0,2.0,5,2,0,1,0,0,0
52.567,33.54,8,N,GREEN,4.0,4.8,2.0,2.0,5,2,0,1,0,0,0
52.6,33.67,8,N,GREEN,4.0,4.8,2.0,2.0,5,2,0,1,0,0,0
52.633,33.1,8,N,GREEN,4.0,4.8,2.0,2.0,5,2,0,1,0,0,0
52.667,34.42,8,N,GREEN,4.0,4.8,2.0,2.0,5,2,0,1,0,0,0
52.7,36.95,8,N,GREEN,4.0,4.8,2.0,2.0,5,2,0,1,0,0,0
52.733,37.73,8,N,GREEN,4.0,4.8,2.0,2.0,5,2,0,1,0,0,0
52.767,35.61,8,N,GREEN,4.0,4.8,2.0,2.0,5,2,0,1,0,0,0
52.8,33.92,8,N,GREEN,4.0,4.8,2.0,2.0,5,2,0,1,0,0,0
52.833,34.05,8,N,GREEN,4.0,4.8,2.0,2.0,5,2,0,1,0,0,0
52.867,32.08,8,N,GREEN,4.0,4.8,2.0,2.0,5,2,0,1,0,0,0
52.9,32.8,8,N,GREEN,4.0,4.8,2.0,2.0,5,2,0,1,0,0,0
52.933,32.16,8,N,GREEN,4.0,4.8,2.0,2.0,5,2,0,1,0,0,0
52.967,32.33,8,N,GREEN,4.0,4.8,2.0,2.0,5,2,0,1,0,0,0
53.0,32.96,8,N,GREEN,4.0,4.8,2.0,2.0,5,2,0,1,0,0,0
53.033,32.26,8,N,GREEN,4.0,4.8,2.0,2.0,5,2,0,1,0,0,0
53.067,31.66,8,N,GREEN,4.0,4.8,2.0,2.0,5,2,0,1,0,0,0
53.1,31.53,8,N,GREEN,4.0,4.8,2.0,2.0,5,2,0,1,0,0,0
53.133,31.69,8,N,GREEN,4.0,4.8,2.0,2.0,5,2,0,1,0,0,0
53.167,32.39,8,N,GREEN,4.0,4.8,2.0,2.0,5,2,0,1,0,0,0
53.2,32.13,8,N,GREEN,4.0,4.8,2.0,2.0,5,2,0,1,0,0,0
53.233,31.9,8,N,GREEN,4.0,4.8,2.0,2.0,5,2,0,1,0,0,0
53.267,32.3,8,N,GREEN,4.0,4.8,2.0,2.0,5,2,0,1,0,0,0
53.3,35.28,8,N,GREEN,4.0,4.8,2.0,2.0,5,2,0,1,0,0,0
53.333,36.69,9,N,GREEN,4.0,4.8,2.35,2.35,6,2,0,1,0,0,0
53.367,34.84,8,N,GREEN,4.0,4.8,2.23,2.23,5,2,0,1,0,0,0
53.4,35.11,8,N,GREEN,4.0,4.8,2.15,2.15,5,2,0,1,0,0,0
53.433,35.49,8,N,GREEN,4.0,4.8,2.1,2.1,5,2,0,1,0,0,0
53.467,34.38,8,N,GREEN,4.0,4.8,2.06,2.06,5,2,0,1,0,0,0
53.5,36.8,8,N,GREEN,4.0,4.8,2.04,2.04,5,2,0,1,0,0,0
53.533,37.51,8,N,GREEN,4.0,4.8,2.03,2.03,5,2,0,1,0,0,0
53.567,38.41,8,N,GREEN,4.0,4.8,2.02,2.02,5,2,0,1,0,0,0
53.6,39.32,8,N,GREEN,4.0,4.8,2.01,2.01,5,2,0,1,0,0,0
53.633,38.72,8,N,GREEN,4.0,4.8,2.01,2.01,5,2,0,1,0,0,0
53.667,40.53,8,N,GREEN,4.0,4.8,2.0,2.0,5,2,0,1,0,0,0
53.7,37.51,8,N,GREEN,4.0,4.8,2.0,2.0,5,2,0,1,0,0,0
53.733,39.78,8,N,GREEN,4.0,4.8,2.0,2.0,5,2,0,1,0,0,0
53.767,41.73,8,N,GREEN,4.0,4.8,2.0,2.0,5,2,0,1,0,0,0
53.8,39.52,8,N,GREEN,4.0,4.8,2.0,2.0,5,2,0,1,0,0,0
53.833,41.08,8,N,GREEN,4.0,4.8,2.0,2.0,5,2,0,1,0,0,0
53.867,42.09,8,N,GREEN,4.0,4.8,2.0,2.0,5,2,0,1,0,0,0
53.9,46.06,8,N,GREEN,4.0,4.8,2.0,2.0,5,2,0,1,0,0,0
53.933,43.17,8,N,GREEN,4.0,5.05,2.0,2.0,6,1,0,1,0,0,0
53.967,43.37,8,N,GREEN,4.0,5.2,2.0,2.0,6,1,0,1,0,0,0
54.0,46.02,8,N,GREEN,4.0,5.31,2.0,2.0,6,1,0,1,0,0,0
54.033,45.62,8,N,GREEN,4.0,5.13,2.0,2.0,5,2,0,1,0,0,0
54.067,45.12,8,N,GREEN,4.0,5.01,2.0,2.0,5,2,0,1,0,0,0
54.1,42.71,8,N,GREEN,4.0,4.94,2.0,2.0,5,2,0,1,0,0,0
54.133,46.55,8,N,GREEN,4.0,4.89,2.0,2.0,5,2,0,1,0,0,0
54.167,45.52,8,N,GREEN,4.0,4.86,2.0,2.0,5,2,0,1,0,0,0
54.2,45.3,8,N,GREEN,4.0,4.84,2.0,2.0,5,2,0,1,0,0,0
54.233,46.46,8,N,GREEN,4.0,5.07,2.0,2.0,6,1,0,1,0,0,0
54.267,49.28,8,N,GREEN,4.0,5.22,2.0,2.0,6,1,0,1,0,0,0
54.3,52.41,8,N,GREEN,4.0,5.32,2.0,2.0,6,1,0,1,0,0,0
54.333,48.74,8,N,GREEN,4.0,5.38,2.0,2.0,6,1,0,1,0,0,0
54.367,49.12,8,N,GREEN,4.0,5.18,2.0,2.0,5,2,0,1,0,0,0
54.4,47.17,8,N,GREEN,4.0,5.05,2.0,2.0,5,2,0,1,0,0,0
54.433,48.56,8,N,GREEN,4.0,4.96,2.0,2.0,5,2,0,1,0,0,0
54.467,47.62,8,N,GREEN,4.0,4.9,2.0,2.0,5,2,0,1,0,0,0
54.5,69.6,8,N,GREEN,4.0,4.87,2.0,2.0,5,2,0,1,0,0,0
54.533,65.55,8,N,GREEN,4.0,5.09,2.0,2.0,6,1,0,1,0,0,0
54.567,68.31,8,N,GREEN,4.0,5.23,2.0,2.0,6,1,0,1,0,0,0
54.6,74.94,8,N,GREEN,4.0,5.33,2.0,2.0,6,1,0,1,0,0,0
54.633,66.93,8,N,GREEN,4.0,5.39,2.0,2.0,6,0,0,1,0,1,0
54.667,63.62,8,N,GREEN,4.0,5.43,2.0,2.0,6,1,0,1,0,0,0
54.7,70.21,8,N,GREEN,4.0,5.21,2.0,2.0,5,2,0,1,0,0,0
54.733,68.58,8,N,GREEN,4.0,5.06,2.0,2.0,5,2,0,1,0,0,0
54.767,72.25,8,N,GREEN,4.0,4.97,2.0,2.0,5,2,0,1,0,0,0
54.8,74.75,8,N,GREEN,4.0,4.91,2.0,2.0,5,2,0,1,0,0,0
54.833,75.77,8,N,GREEN,4.0,4.87,2.0,2.0,5,2,0,1,0,0,0
54.867,82.21,8,N,GREEN,4.0,4.85,2.0,2.0,5,2,0,1,0,0,0
54.9,75.25,8,N,GREEN,4.0,4.83,2.0,2.0,5,1,0,1,0,1,0
54.933,74.82,8,N,GREEN,4.0,4.82,2.0,2.0,5,2,0,1,0,0,0
54.967,80.59,8,N,GREEN,4.0,4.81,2.0,2.0,5,2,0,1,0,0,0
55.0,74.89,8,N,GREEN,4.0,4.81,2.0,2.0,5,1,0,1,0,1,0
55.033,76.63,8,N,GREEN,4.0,4.81,2.0,2.0,5,1,0,1,0,1,0
55.067,74.68,8,N,GREEN,4.0,4.8,2.0,2.0,5,2,0,1,0,0,0
55.1,83.29,8,N,GREEN,4.0,4.8,2.0,2.0,5,2,0,1,0,0,0
55.133,76.98,8,N,GREEN,4.0,4.8,2.0,2.0,5,2,0,1,0,0,0
55.167,77.49,8,N,GREEN,4.0,5.05,2.0,2.0,6,1,0,1,0,0,0
55.2,76.99,8,N,GREEN,4.0,5.2,2.0,2.0,6,1,0,1,0,0,0
55.233,75.52,8,N,GREEN,4.0,5.31,2.0,2.0,6,1,0,1,0,0,0
55.267,76.75,8,N,GREEN,4.0,5.38,2.0,2.0,6,1,0,1,0,0,0
55.3,74.43,8,N,GREEN,4.0,5.42,2.0,2.0,6,1,0,1,0,0,0
55.333,73.74,8,N,GREEN,4.0,5.45,2.0,2.0,6,1,0,1,0,0,0
55.367,78.1,8,N,GREEN,3.95,5.45,2.0,2.0,6,1,0,1,0,0,0
55.4,76.3,8,N,GREEN,3.97,5.22,2.0,2.0,5,2,0,1,0,0,0
55.433,75.9,8,N,GREEN,3.98,5.08,2.0,2.0,5,2,0,1,0,0,0
55.467,76.83,8,N,GREEN,3.99,4.98,2.0,2.0,5,2,0,1,0,0,0
55.5,78.21,8,N,GREEN,3.99,5.16,2.0,2.0,6,1,0,1,0,0,0
55.533,81.21,8,N,GREEN,3.99,5.28,2.0,2.0,6,1,0,1,0,0,0
55.567,82.81,9,N,GREEN,4.35,5.46,2.0,2.0,6,2,0,1,0,0,0
55.6,84.27,8,N,GREEN,4.23,5.48,2.0,2.0,6,1,0,1,0,0,0
55.633,82.85,9,N,GREEN,4.5,5.59,2.0,2.0,6,2,0,1,0,0,0
55.667,90.0,9,N,GREEN,4.67,5.66,2.0,2.0,6,2,0,1,0,0,0
55.7,90.37,9,N,GREEN,4.79,5.71,2.0,2.0,6,2,0,1,0,0,0
55.733,82.28,9,N,GREEN,4.86,5.74,2.0,2.0,6,2,0,1,0,0,0
55.767,83.19,8,N,GREEN,4.56,5.66,2.0,2.0,6,1,0,1,0,0,0
55.8,74.36,9,N,GREEN,4.71,5.71,2.0,2.0,6,2,0,1,0,0,0
55.833,73.04,8,N,GREEN,4.46,5.63,2.0,2.0,6,1,0,1,0,0,0
55.867,73.03,9,N,GREEN,4.65,5.69,2.0,2.0,6,2,0,1,0,0,0
55.9,80.07,9,N,GREEN,4.77,5.73,2.0,2.0,6,2,0,1,0,0,0
55.933,75.6,8,N,GREEN,4.5,5.65,2.0,2.0,6,1,0,1,0,0,0
55.967,77.86,8,N,GREEN,4.33,5.6,2.0,2.0,6,1,0,1,0,0,0
56.0,73.0,8,N,GREEN,4.21,5.56,2.0,2.0,6,1,0,1,0,0,0
56.033,77.56,9,N,GREEN,4.49,5.65,2.0,2.0,6,2,0,1,0,0,0
56.067,76.53,9,N,GREEN,4.67,5.7,2.0,2.0,6,2,0,1,0,0,0
56.1,74.98,8,N,GREEN,4.43,5.63,2.0,2.0,6,1,0,1,0,0,0
56.133,70.98,8,N,GREEN,4.28,5.58,2.0,2.0,6,1,0,1,0,0,0
56.167,68.73,8,N,GREEN,4.18,5.55,2.0,2.0,6,1,0,1,0,0,0
56.2,68.7,8,N,GREEN,4.12,5.54,2.0,2.0,6,1,0,1,0,0,0
56.233,69.54,8,N,GREEN,4.08,5.52,2.0,2.0,6,1,0,1,0,0,0
56.267,68.63,8,N,GREEN,4.05,5.52,2.0,2.0,6,1,0,1,0,0,0
56.3,68.04,7,N,GREEN,4.0,5.5,2.0,2.0,6,0,0,1,0,0,0
56.333,68.76,8,N,GREEN,4.35,5.6,2.0,2.0,6,1,0,1,0,0,0
56.367,70.18,8,N,GREEN,4.58,5.67,2.0,2.0,6,1,0,1,0,0,0
56.4,70.75,9,N,GREEN,4.73,5.72,2.0,2.0,6,2,0,1,0,0,0
56.433,69.1,9,N,GREEN,4.82,5.75,2.0,2.0,6,2,0,1,0,0,0
56.467,70.96,9,N,GREEN,5.23,5.87,2.0,2.0,6,2,0,1,0,0,0
56.5,67.89,9,N,GREEN,5.15,5.85,2.0,2.0,7,1,0,1,0,0,0
56.533,70.74,11,N,GREEN,5.8,6.04,2.0,2.0,6,4,0,1,0,0,0
56.567,71.54,11,N,GREEN,6.22,6.17,2.0,2.0,6,4,0,1,0,0,0
56.6,75.22,11,N,GREEN,6.49,6.25,2.0,2.0,6,4,0,1,0,0,0
56.633,89.86,9,N,GREEN,6.32,6.2,2.0,2.0,6,2,0,1,0,0,0
56.667,77.28,9,N,GREEN,6.21,5.39,2.0,2.0,6,3,0,0,0,0,0
56.7,72.59,9,N,GREEN,6.14,5.4,2.0,2.0,5,3,0,1,0,0,0
56.733,96.58,10,N,GREEN,6.09,5.4,2.0,2.0,5,4,0,1,0,0,0
56.767,96.77,10,N,GREEN,6.41,6.27,2.0,2.0,5,3,0,2,0,0,0
56.8,89.83,10,N,GREEN,6.61,6.84,2.0,2.0,5,3,0,2,0,0,0
56.833,81.39,10,N,GREEN,6.75,7.21,2.0,2.0,5,3,0,2,0,0,0
56.867,84.73,10,N,GREEN,6.84,7.45,2.0,2.0,5,3,0,2,0,0,0
56.9,73.32,10,N,GREEN,6.89,7.61,2.0,2.0,5,3,0,2,0,0,0
56.933,84.29,9,N,GREEN,6.58,7.61,2.0,2.0,5,2,0,2,0,0,0
56.967,89.77,11,N,GREEN,7.08,7.81,2.0,2.0,5,4,0,2,0,0,0
57.0,122.69,12,N,GREEN,7.75,8.05,2.0,2.0,5,5,0,2,0,0,0
57.033,74.87,11,N,GREEN,7.84,8.11,2.0,2.0,5,4,0,2,0,0,0
57.067,73.78,11,N,GREEN,7.89,8.14,2.0,2.0,5,4,0,2,0,0,0
57.1,72.98,11,N,GREEN,7.93,8.16,2.0,2.0,5,4,0,2,0,0,0
57.133,71.82,11,N,GREEN,7.96,8.17,2.0,2.0,5,4,0,2,0,0,0
57.167,73.18,10,N,GREEN,7.62,8.08,2.0,2.0,5,3,0,2,0,0,0
57.2,73.01,10,N,GREEN,7.4,8.02,2.0,2.0,5,3,0,2,0,0,0
57.233,74.56,11,N,GREEN,7.61,8.08,2.0,2.0,5,4,0,2,0,0,0
57.267,78.61,11,N,GREEN,7.75,8.12,2.0,2.0,5,4,0,2,0,0,0
57.3,79.52,11,N,GREEN,7.84,8.15,2.0,2.0,5,4,0,2,0,0,0
57.333,86.1,11,N,GREEN,7.89,8.17,2.0,2.0,5,4,0,2,0,0,0
57.367,100.34,12,N,GREEN,7.93,8.18,2.0,2.0,5,5,0,2,0,0,0
57.4,92.46,12,N,GREEN,7.96,8.19,2.0,2.0,5,5,0,2,0,0,0
57.433,151.49,11,N,GREEN,7.97,8.19,2.0,2.0,5,4,0,2,0,0,0
57.467,82.43,11,N,GREEN,7.98,8.19,2.0,2.0,5,4,0,2,0,0,0
57.5,173.2,10,N,GREEN,7.64,8.09,2.0,2.0,5,3,0,2,0,0,0
57.533,91.02,10,N,GREEN,7.41,8.02,2.0,2.0,5,3,0,2,0,0,0
57.567,89.68,9,N,GREEN,6.92,7.88,2.0,2.0,5,2,0,2,0,0,0
57.6,90.13,9,N,GREEN,6.6,7.78,2.0,2.0,5,2,0,2,0,0,0
57.633,85.57,9,N,GREEN,6.39,7.72,2.0,2.0,5,2,0,2,0,0,0
57.667,88.64,10,N,GREEN,6.25,7.68,2.35,2.35,6,2,0,2,0,0,0
57.7,94.27,9,N,GREEN,6.16,7.65,2.23,2.23,5,2,0,2,0,0,0
57.733,78.96,9,N,GREEN,6.11,7.63,2.15,2.15,5,2,0,2,0,0,0
57.767,89.85,12,N,GREEN,6.77,7.83,2.45,2.2,5,5,0,2,0,0,0
57.8,78.66,11,N,GREEN,6.85,7.86,2.64,2.24,5,4,0,2,0,0,0
57.833,103.44,11,N,GREEN,6.55,7.77,3.12,2.36,5,4,0,2,0,0,0
57.867,99.01,10,N,GREEN,6.36,7.71,3.08,2.34,5,3,0,2,0,0,0
57.9,84.73,10,N,GREEN,6.58,7.78,2.7,2.22,5,3,0,2,0,0,0
57.933,78.64,10,N,GREEN,6.38,7.71,2.8,2.25,5,3,0,2,0,0,0
57.967,79.82,8,N,GREEN,5.55,7.46,2.87,2.27,5,1,0,2,0,0,0
58.0,119.54,9,N,GREEN,5.36,7.41,2.92,2.28,5,2,0,2,0,0,0
58.033,77.53,9,N,GREEN,5.23,7.37,2.95,2.29,5,2,0,2,0,0,0
58.067,77.15,9,N,GREEN,5.5,7.45,2.62,2.19,5,2,0,2,0,0,0
58.1,76.15,9,N,GREEN,5.68,7.5,2.4,2.12,5,2,0,2,0,0,0
58.133,80.69,9,N,GREEN,5.79,7.54,2.26,2.08,5,2,0,2,0,0,0
58.167,83.44,10,N,GREEN,5.86,7.56,2.52,2.16,5,3,0,2,0,0,0
58.2,102.21,10,N,GREEN,5.91,7.57,2.69,2.21,5,3,0,2,0,0,0
58.233,87.25,10,N,GREEN,5.94,7.58,2.8,2.24,5,3,0,2,0,0,0
58.267,90.61,9,N,GREEN,5.61,7.48,2.87,2.26,5,2,0,2,0,0,0
58.3,74.94,10,N,GREEN,5.75,7.52,2.91,2.27,5,3,0,2,0,0,0
58.333,82.99,9,N,GREEN,5.49,7.45,2.94,2.28,5,2,0,2,0,0,0
58.367,70.67,7,N,GREEN,4.97,7.29,2.61,2.18,5,0,0,2,0,0,0
58.4,73.7,9,N,GREEN,4.98,7.29,2.75,2.22,5,2,0,2,0,0,0
58.433,72.87,9,N,GREEN,4.99,7.3,2.84,2.25,5,2,0,2,0,0,0
58.467,74.07,8,N,GREEN,4.64,7.19,2.89,2.27,5,1,0,2,0,0,0
58.5,73.52,8,N,GREEN,4.42,7.12,2.93,2.28,5,1,0,2,0,0,0
58.533,110.24,8,N,GREEN,4.27,7.08,2.96,2.29,5,1,0,2,0,0,0
58.567,82.61,10,N,GREEN,4.88,7.26,2.97,2.29,5,3,0,2,0,0,0
58.6,120.52,13,N,GREEN,5.97,7.59,3.33,2.4,5,6,0,2,0,0,0
58.633,87.27,11,N,GREEN,5.98,7.59,3.57,2.47,5,4,0,2,0,0,0
58.667,144.13,8,N,GREEN,5.64,7.49,3.37,2.41,4,2,0,2,0,0,0
58.7,75.17,9,N,GREEN,5.41,7.67,3.24,2.37,6,1,0,2,0,0,0
58.733,70.16,8,N,GREEN,4.92,7.43,3.16,2.35,5,1,0,2,0,0,0
58.767,68.8,8,N,GREEN,4.6,7.28,3.1,2.33,5,1,0,2,0,0,0
58.8,69.94,8,N,GREEN,4.39,7.18,3.07,2.32,5,1,0,2,0,0,0
58.833,69.22,8,N,GREEN,4.25,7.12,3.04,2.31,5,1,0,2,0,0,0
58.867,77.12,8,N,GREEN,4.16,7.08,3.03,2.31,5,1,0,2,0,0,0
58.9,82.81,9,N,GREEN,4.11,7.05,3.37,2.41,5,2,0,2,0,0,0
58.933,132.16,9,N,GREEN,4.07,7.03,3.59,2.48,5,2,0,2,0,0,0
58.967,74.91,9,N,GREEN,4.01,7.01,3.73,2.52,5,2,0,2,0,0,0
59.0,75.74,8,N,GREEN,4.01,7.01,3.48,2.44,5,1,0,2,0,0,0
59.033,82.05,10,N,GREEN,4.0,7.0,3.66,2.5,5,3,0,2,0,0,0
59.067,77.05,10,N,GREEN,4.0,7.0,3.78,2.53,5,3,0,2,0,0,0
59.1,73.91,10,N,GREEN,4.0,7.0,3.86,2.56,5,3,0,2,0,0,0
59.133,78.48,9,N,GREEN,4.35,7.11,3.56,2.47,5,2,0,2,0,0,0
59.167,85.9,9,N,GREEN,4.23,7.07,3.71,2.51,5,2,0,2,0,0,0
59.2,73.9,7,N,GREEN,4.15,7.04,3.11,2.33,5,0,0,2,0,0,0
59.233,77.35,10,N,GREEN,4.1,7.03,3.42,2.43,5,3,0,2,0,0,0
59.267,78.72,8,N,GREEN,4.06,7.02,3.28,2.38,4,2,0,2,0,0,0
59.3,85.45,8,N,GREEN,4.39,7.12,2.83,2.25,4,2,0,2,0,0,0
59.333,78.56,9,N,GREEN,4.6,7.18,2.54,2.16,5,2,0,2,0,0,0
59.367,85.14,10,N,GREEN,4.74,7.22,2.7,2.21,5,3,0,2,0,0,0
59.4,83.27,10,N,GREEN,4.83,7.25,2.81,2.24,5,3,0,2,0,0,0
59.433,84.04,9,N,GREEN,4.89,7.27,2.87,2.26,4,3,0,2,0,0,0
59.467,79.15,10,N,GREEN,4.93,7.28,2.92,2.28,5,3,0,2,0,0,0
59.5,82.45,9,N,GREEN,4.6,7.18,2.95,2.28,5,2,0,2,0,0,0
59.533,83.04,10,N,GREEN,4.39,7.12,3.32,2.39,5,3,0,2,0,0,0
59.567,86.12,10,N,GREEN,4.26,7.08,3.55,2.47,5,3,0,2,0,0,0
59.6,85.69,11,N,GREEN,4.17,7.05,4.06,2.62,5,4,0,2,0,0,0
59.633,87.3,13,N,GREEN,4.46,7.14,4.74,2.82,5,6,0,2,0,0,0
59.667,85.8,12,N,GREEN,4.3,7.09,5.18,2.95,5,5,0,2,0,0,0
59.7,83.9,11,N,GREEN,4.19,7.06,5.12,2.94,5,4,0,2,0,0,0
59.733,85.99,11,N,GREEN,4.13,7.04,5.08,2.92,5,4,0,2,0,0,0
59.767,84.17,10,N,GREEN,4.08,7.02,4.7,2.81,5,3,0,2,0,0,0
59.8,91.24,12,N,GREEN,4.05,7.02,5.15,2.95,5,5,0,2,0,0,0
59.833,91.65,9,N,GREEN,4.0,7.0,4.4,2.72,5,2,0,2,0,0,0
59.867,94.13,10,N,GREEN,4.0,7.0,4.26,2.68,5,3,0,2,0,0,0
59.9,94.21,10,N,GREEN,4.0,7.0,4.17,2.65,5,3,0,2,0,0,0
59.933,99.94,11,N,GREEN,4.0,7.0,4.46,2.74,5,4,0,2,0,0,0
59.967,88.18,11,N,GREEN,4.0,7.53,4.65,2.79,4,4,0,3,0,0,0
